frame,read,detect,crop,infer,e2e_ms,output
37,0.9786,11.8965,4.0543,2.3228,19.2522,0.00192
38,0.9326,8.0848,4.0238,2.3162,15.3573,3e-06
39,0.8895,7.942,4.1306,2.343,15.3051,0.002246
40,0.9603,8.0659,4.4069,2.3025,15.7356,0.738601
41,0.9352,7.9489,6.4446,2.331,17.6599,0.999811
42,0.9567,8.0076,4.4072,2.3306,15.702,0.999924
43,0.9127,7.8682,4.284,2.3564,15.4213,0.093397
44,0.9276,8.0465,4.3132,2.3345,15.6218,0.01148
45,0.941,7.8193,4.3272,2.3084,15.3958,0.056165
46,0.9123,7.8636,4.2641,2.3091,15.3492,0.053574
47,0.9362,7.7844,4.2419,2.3076,15.2701,0.013168
48,0.932,8.208,4.5944,2.3103,16.0448,0.009939
49,0.9545,8.014,4.5237,2.2993,15.7916,0.142115
50,0.9458,7.9642,4.5152,2.3051,15.7303,0.125673
51,0.9049,7.8681,4.2614,2.3334,15.3678,0.225362
52,0.9374,7.9259,4.3245,2.3253,15.5131,0.379782
53,0.9466,7.9615,4.4384,2.3241,15.6705,0.261458
54,0.9443,7.9236,4.3432,2.3221,15.5332,0.199843
55,0.9079,7.9258,4.2548,2.3329,15.4213,0.175336
56,0.9308,8.039,4.1932,2.3437,15.5067,0.251137
57,0.9485,8.0952,4.281,2.3096,15.6342,0.012847
58,0.959,7.9967,4.2772,2.315,15.5479,0.005109
59,0.9701,8.0862,4.3287,2.2967,15.6817,0.909882
60,0.9192,7.9351,4.3284,2.3157,15.4983,0.969888
62,0.966,11.9115,4.4526,2.3483,19.6784,0.186866
63,0.928,7.9193,4.1942,2.3369,15.3785,0.423265
64,0.9443,8.0017,4.2014,2.3729,15.5203,0.992451
65,0.9085,8.1198,4.2138,2.3273,15.5694,0.972228
66,0.9302,8.0111,4.2665,2.3349,15.5428,0.992818
67,0.8863,7.8525,4.2007,2.3373,15.2769,0.999389
68,0.9384,8.0064,4.5451,2.3421,15.8321,0.989599
70,0.9687,11.8579,4.2792,2.3883,19.4942,0.123565
71,0.9101,7.7387,4.4323,2.2966,15.3777,0.994605
72,0.999,7.9569,4.437,2.3134,15.7062,0.999817
73,0.96,7.9317,6.4737,2.3172,17.6826,0.999999
74,0.9203,7.8399,4.4235,2.373,15.5567,0.999492
75,0.9424,8.1565,4.4426,2.3265,15.8681,0.676362
76,0.9298,7.7735,4.5508,2.3749,15.629,0.46378
77,0.9638,7.8885,4.4174,2.2952,15.5649,0.82369
78,0.9216,7.8304,4.4288,2.3153,15.4961,0.744955
79,1.0007,7.841,4.4307,2.3144,15.5868,0.809461
80,0.977,7.9117,4.4902,2.3035,15.6823,0.806173
81,0.9425,7.7878,4.478,2.313,15.5213,0.762132
82,0.9181,7.7942,4.4464,2.3294,15.4882,0.795462
83,0.9575,7.9579,4.4438,2.326,15.6852,0.667976
84,0.9379,7.7602,4.4243,2.3275,15.4499,0.668616
85,0.9524,7.7898,4.4035,2.3417,15.4874,0.654222
86,0.9144,7.803,4.424,2.3542,15.4957,0.480819
87,0.9592,7.8423,4.4185,2.3125,15.5326,0.42849
88,0.9363,7.924,4.5197,2.3009,15.6809,0.408988
89,0.9629,7.8767,6.4755,2.3192,17.6343,0.466788
90,0.9011,7.8438,4.4333,2.3365,15.5147,0.211348
91,0.9535,7.8796,4.4259,2.3305,15.5895,0.253239
92,0.9174,7.779,4.5143,2.3541,15.5648,0.311349
93,0.9119,7.8748,4.5297,2.3088,15.6251,0.339971
94,0.9462,7.8153,4.507,2.3251,15.5935,0.294141
95,0.9234,7.8756,4.5137,2.3237,15.6363,0.119618
96,0.9828,7.8812,4.4422,2.3175,15.6237,0.121188
97,0.9091,7.9302,4.4463,2.3072,15.5929,0.062987
98,0.9276,7.8042,4.4212,2.3318,15.4849,0.023007
99,0.8983,8.7821,4.4752,2.3077,16.4633,0.001942
100,0.9597,8.0417,4.5177,2.2897,15.8087,0.001997
101,0.942,8.0061,4.3971,2.3433,15.6885,0.003599
102,0.9787,7.8465,4.4423,2.3324,15.6,0.004003
103,0.9182,7.7792,4.4585,2.3992,15.5551,0.00045
104,1.0052,7.7933,4.4866,2.3357,15.6208,0.000296
105,0.968,7.7769,4.4637,2.3586,15.5672,0.000519
106,0.9808,7.8732,4.3982,2.3412,15.5935,0.000451
107,0.9145,7.796,4.4168,2.3048,15.4321,0.000477
108,0.9425,7.9301,4.519,2.2903,15.6819,0.000528
109,0.9847,7.784,4.5224,2.3086,15.5998,0.00016
110,1.01,7.8222,4.3556,2.3008,15.4886,0.000206
111,0.9155,7.8451,4.427,2.3136,15.5012,0.000226
112,0.9359,7.9581,4.382,2.3239,15.5999,0.000505
113,0.937,7.8095,4.4395,2.326,15.5119,0.000549
114,0.9712,7.8331,4.3796,2.3236,15.5076,0.001213
115,0.9117,7.8248,4.446,2.3434,15.5259,0.001508
116,0.9377,7.8879,4.5115,2.345,15.6821,0.942167
117,0.9384,7.8928,4.4738,2.3675,15.6725,0.999944
118,0.9609,7.7948,4.4047,2.298,15.4585,0.999988
119,0.9258,7.7533,4.3859,2.3312,15.3962,0.999994
120,0.9997,7.897,4.3636,2.3328,15.593,0.999874
121,0.9672,7.8349,4.463,2.3191,15.5842,0.998998
122,0.9728,7.8634,4.3976,2.3374,15.5713,0.989888
123,0.9152,7.8756,4.4099,2.3532,15.5538,0.946626
124,0.9704,7.821,4.3872,2.3491,15.5278,0.853669
125,0.9494,7.684,4.4227,2.3449,15.4011,0.495019
126,0.9437,7.7655,4.4231,2.3342,15.4666,0.456545
127,0.8915,8.0449,4.4472,2.3437,15.7272,0.404759
128,0.9701,7.8939,4.4367,2.3086,15.6093,0.446333
129,1.0039,7.7214,4.4527,2.494,15.6721,0.430327
130,1.2091,8.0691,4.3906,2.309,15.9778,0.420938
131,0.9535,7.8227,4.4681,2.3294,15.5737,0.414805
132,1.0182,7.9962,4.4564,2.3009,15.7716,0.29915
133,1.0008,7.8849,4.4079,2.3198,15.6133,0.405777
134,0.9497,7.8334,4.5281,2.3121,15.6233,0.290361
135,0.8924,7.808,4.5136,2.337,15.5511,0.469355
136,0.9565,7.8867,4.3887,2.3218,15.5536,0.473071
137,0.9665,7.8482,4.4616,2.3523,15.6286,0.54706
138,0.9782,7.7865,4.3638,2.3506,15.4791,0.652177
139,0.9208,7.7796,4.4527,2.3598,15.5129,0.692159
140,0.9744,8.0345,4.3693,2.3411,15.7193,0.755133
141,0.9567,7.7999,4.4554,2.3183,15.5305,0.791174
142,1.001,7.8602,4.3688,2.3199,15.5498,0.768801
143,0.9435,7.7681,4.4056,2.3226,15.4399,0.747783
144,0.9708,7.9744,4.5361,2.3108,15.792,0.76024
145,0.9557,7.7835,4.458,2.3319,15.5291,0.227616
146,0.9725,7.8573,4.3986,2.3438,15.5722,0.440284
147,0.9144,7.8242,4.435,2.3353,15.5089,0.444406
148,0.9505,8.0742,4.4329,2.3463,15.8039,0.582639
149,0.9635,7.7897,4.4484,2.3507,15.5523,0.591415
150,0.9785,7.8655,4.3789,2.3442,15.5671,0.453292
151,0.9018,7.7667,4.434,2.3376,15.4402,0.255766
152,0.9353,7.9605,4.434,2.3086,15.6384,0.309039
153,0.9804,7.8277,4.3957,2.292,15.496,0.400602
154,0.9792,8.1362,4.3989,2.3013,15.8156,0.265343
155,0.9508,7.6959,4.4129,2.3118,15.3714,0.186463
156,0.9817,7.8862,4.4404,2.3295,15.6378,0.171826
157,0.9582,7.7824,4.4896,2.3202,15.5504,0.177262
158,0.9734,7.802,4.3784,2.3616,15.5154,0.159181
159,0.9215,7.7853,4.4137,2.3423,15.4628,0.216804
160,0.9629,7.9164,4.447,2.3444,15.6706,0.151815
161,0.9396,7.7558,4.5143,2.3515,15.5611,0.154599
162,0.9754,7.8401,4.3773,2.3218,15.5146,0.076856
163,0.944,7.8117,4.4951,2.3134,15.5641,0.204571
164,0.9761,7.9231,4.4882,2.324,15.7114,0.182242
165,1.0253,7.7852,4.3984,2.3107,15.5196,0.217806
166,0.9588,7.9059,4.4629,2.3139,15.6414,0.201528
167,0.8969,7.7761,4.4026,2.325,15.4006,0.158794
168,0.9727,7.961,4.4479,2.3497,15.7313,0.233647
169,0.9514,7.818,4.4522,2.3299,15.5515,0.221978
170,0.9772,7.854,4.4445,2.351,15.6267,0.125973
171,0.9239,7.8668,4.4751,2.3268,15.5926,0.202509
172,0.9737,7.8385,4.488,2.3523,15.6525,0.146658
173,0.9656,7.8175,4.421,2.2995,15.5036,0.154185
174,0.9844,7.9301,4.4566,2.322,15.693,0.054462
175,0.9303,7.8191,4.4865,2.3039,15.5398,0.078303
176,1.0234,7.8455,4.4924,2.3024,15.6638,0.07446
177,0.9794,7.6997,4.4037,2.315,15.3978,0.069823
178,0.9499,7.8701,4.4345,2.3375,15.5921,0.057975
179,0.9554,7.8502,4.4232,2.3392,15.5679,0.034259
180,0.9231,8.126,4.4012,2.3244,15.7747,0.032909
181,0.9542,7.7856,4.4036,2.3291,15.4726,0.031663
182,0.9779,7.7898,4.3992,2.3415,15.5084,0.037238
183,0.9436,7.9003,4.4135,2.3542,15.6116,0.05093
184,0.9462,7.8795,4.5133,2.3522,15.6912,0.048317
185,0.9732,7.8787,4.5238,2.2946,15.6703,0.045022
186,0.984,7.8778,4.3669,2.2885,15.5172,0.04929
187,0.9206,7.7918,4.4432,2.309,15.4646,0.045767
188,0.968,7.9037,4.5,2.3035,15.6752,0.060407
189,0.9599,7.7983,4.4055,2.3171,15.4808,0.050017
190,0.983,7.7909,4.4521,2.3346,15.5606,0.054548
191,0.9277,7.795,4.4265,2.3356,15.4848,0.036704
192,0.9461,7.8534,4.5029,2.323,15.6255,0.042169
193,0.9814,7.7714,4.437,2.343,15.5328,0.040104
194,0.9745,7.9025,4.4357,2.321,15.6336,0.032878
195,0.9224,7.7761,4.4559,2.3035,15.4579,0.019146
196,0.9783,7.8222,4.485,2.3203,15.6058,0.011285
197,1.0055,7.7431,4.4918,2.3092,15.5496,0.014001
198,1.0323,7.8112,4.448,2.3043,15.5959,0.013793
199,0.9138,7.8263,4.4215,2.3178,15.4793,0.007633
200,0.956,7.8148,4.4167,2.3241,15.5116,0.009439
201,0.9578,7.7635,4.3971,2.3279,15.4463,0.008796
202,0.9628,7.8025,4.4395,2.3401,15.5449,0.011104
203,0.8794,7.7055,4.4465,2.352,15.3834,0.008077
204,0.9402,7.889,4.5343,2.324,15.6875,0.015746
205,0.9821,7.8926,4.5174,2.316,15.7081,0.021652
206,1.0043,8.1649,4.3975,2.3159,15.8826,0.017517
207,0.9546,7.8863,4.425,2.3016,15.5675,0.007778
208,0.9617,7.796,4.5,2.3009,15.5586,0.00749
209,1.0036,7.8591,4.4067,2.3018,15.5712,0.003897
210,0.9631,7.842,4.5217,2.3204,15.6472,0.005532
211,0.9037,7.8612,4.5375,2.3277,15.6301,0.005312
212,0.9513,7.8715,4.4383,2.3335,15.5946,0.004018
213,0.9751,7.8417,4.5152,2.3537,15.6858,0.005291
214,0.9598,7.7663,4.3837,2.3562,15.466,0.004401
215,0.9339,7.8441,4.4143,2.3436,15.5359,0.004173
216,0.9596,7.8391,4.5225,2.3556,15.6768,0.004638
217,0.9778,7.8038,4.4188,2.3158,15.5163,0.004708
218,0.9993,7.8379,4.5,2.3186,15.6558,0.004603
219,0.9597,7.8637,4.5188,2.2986,15.6407,0.002958
220,1.0026,7.8442,4.4406,2.3096,15.597,0.002869
221,0.988,7.8324,4.4245,2.318,15.5628,0.003424
222,0.9526,7.8478,4.4165,2.3469,15.5638,0.003641
223,0.9037,7.817,4.4111,2.322,15.4538,0.003376
224,0.9591,7.8747,4.4418,2.3275,15.603,0.026798
225,0.9834,7.7912,4.4137,2.3422,15.5305,0.01724
226,0.9325,7.779,4.4976,2.3517,15.5608,0.014451
227,0.9082,7.8241,4.5321,2.3376,15.6021,0.012917
228,0.9595,7.8279,4.4494,2.2997,15.5365,0.019682
229,0.9809,7.746,4.5031,2.3104,15.5404,0.025667
230,1.0393,7.8607,4.3825,2.3083,15.5908,0.023791
231,0.9128,8.4026,4.3968,2.2913,16.0035,0.018614
232,0.9833,7.8283,4.3895,2.3016,15.5027,0.016813
233,0.9185,8.5492,4.5017,2.3095,16.279,0.017011
234,0.9601,7.941,4.5554,2.3033,15.7598,0.013954
235,0.9069,7.7848,4.5332,2.3002,15.5251,0.014283
236,0.958,7.792,4.484,2.3338,15.5677,0.017903
237,0.9539,7.8647,4.4299,2.3285,15.5771,0.019275
238,0.93,7.9569,4.4012,2.3282,15.6163,0.023155
239,0.8962,7.7832,4.4323,2.3446,15.4562,0.02149
240,0.9603,7.8322,4.5941,2.3341,15.7207,0.023873
241,0.9578,7.9767,4.4331,2.3574,15.725,0.033567
242,0.9246,7.8237,4.4155,2.3078,15.4718,0.028612
243,0.9237,7.7405,4.4194,2.3212,15.4048,0.025989
244,0.9853,7.8802,4.5105,2.3143,15.6904,0.023853
245,0.9826,7.9687,4.4616,2.2916,15.7044,0.020289
246,0.9402,7.7726,4.4664,2.3119,15.4911,0.055526
247,0.8948,7.8619,4.4576,2.3397,15.5539,0.048489
248,0.9216,7.8382,4.3725,2.355,15.4873,0.048841
249,0.968,7.888,4.4541,2.3754,15.6855,0.047823
250,0.934,7.7648,4.408,2.3503,15.4572,0.05049
251,0.9031,7.7922,4.4654,2.3295,15.4902,0.012513
252,0.9431,7.8475,4.3974,2.3075,15.4955,0.00652
253,0.9908,7.8639,4.5047,2.3088,15.6682,0.011357
254,0.9972,7.7994,4.4305,2.3004,15.5275,0.006782
255,0.929,7.7872,4.4429,2.2951,15.4542,0.004566
256,0.9437,7.8395,4.4223,2.3255,15.531,0.0061
257,0.9367,7.8044,4.4545,2.3133,15.5089,0.006565
258,0.9507,8.3363,4.4507,2.3254,16.0631,0.007472
259,0.9034,8.1904,4.4882,2.3267,15.9088,0.005064
260,0.9466,7.9169,4.527,2.3541,15.7446,0.006132
261,0.9734,7.9178,4.3921,2.3394,15.6228,0.007212
262,0.9404,7.9128,4.4598,2.3328,15.6459,0.006145
263,0.9226,7.9274,4.4171,2.3463,15.6135,0.010968
264,0.9287,7.8361,4.4124,2.337,15.5142,0.00891
265,0.9591,7.7513,4.3914,2.2948,15.3965,0.015589
266,0.993,7.8005,4.4029,2.3016,15.498,0.010107
267,0.9353,7.8136,4.4138,2.3109,15.4737,0.006263
268,0.9262,7.7765,4.3715,2.3209,15.3951,0.013109
269,0.9364,7.8517,4.4852,2.3138,15.5871,0.012203
270,0.954,7.8187,4.38,2.3417,15.4943,0.013339
271,0.9088,7.8402,4.4256,2.3472,15.5219,0.013512
272,0.9483,7.749,4.4085,2.3278,15.4336,0.012392
273,0.9425,7.8199,4.4693,2.3422,15.5739,0.012113
274,0.9417,7.7873,4.4039,2.2977,15.4306,0.013643
275,0.9353,7.8219,4.4493,2.2937,15.5001,0.011442
276,0.9434,7.7666,4.3548,2.3005,15.3653,0.013849
277,0.9666,7.8495,4.3987,2.3162,15.531,0.011691
278,0.9637,7.6963,4.3751,2.3227,15.3578,0.012774
279,0.9192,7.9252,4.4271,2.3325,15.604,0.014433
280,0.9243,7.795,4.4036,2.3475,15.4704,0.015055
281,0.9444,7.8884,4.4359,2.3465,15.6152,0.011725
282,0.9543,7.8218,4.418,2.3339,15.528,0.013753
283,0.9277,7.9002,4.4177,2.3032,15.5487,0.011101
284,0.9413,7.7956,4.4057,2.3035,15.4461,0.010261
285,0.9953,8.078,4.4359,2.307,15.8162,0.010945
286,0.9759,7.797,4.3734,2.2965,15.4427,0.010432
287,0.9088,7.8091,4.393,2.3224,15.4333,0.007005
288,0.9307,7.7929,4.4263,2.3181,15.4681,0.013062
289,0.9596,7.8123,4.3835,2.3568,15.5123,0.009554
290,0.9488,7.8353,4.3705,2.3445,15.4991,0.009553
291,0.9307,7.8823,4.4769,2.3294,15.6193,0.00959
292,0.9138,7.8373,4.3873,2.305,15.4434,0.009709
293,0.978,7.8007,4.4407,2.2959,15.5153,0.00871
294,0.9791,7.8359,4.3835,2.3004,15.4989,0.010493
295,0.9045,7.8882,4.4563,2.3044,15.5534,0.903668
296,0.9261,7.8224,4.368,2.3213,15.4377,0.999993
297,0.9508,7.8252,4.422,2.3298,15.5278,0.999994
298,0.9561,7.7722,4.4565,2.3205,15.5053,0.999946
299,0.9157,7.7841,4.4779,2.3432,15.5209,0.9986
300,0.9485,7.8006,4.3744,2.3411,15.4647,0.990338
301,0.9398,7.8189,4.4136,2.3066,15.4788,0.600672
302,0.9722,7.8692,4.3552,2.3046,15.5011,0.493076
303,0.9374,7.9047,4.4014,2.3002,15.5436,0.457396
304,0.9915,7.8106,4.3891,2.3016,15.4928,0.10751
305,0.9382,7.8738,4.4229,2.318,15.5529,0.038958
306,0.9506,7.8879,4.4418,2.3452,15.6255,0.053647
307,0.8968,7.8345,4.3707,2.3259,15.4278,0.075702
308,0.9455,7.7844,4.3639,2.3215,15.4153,0.101567
309,0.9458,7.928,4.4747,2.3143,15.6628,0.06405
310,0.9352,7.8552,4.3588,2.3442,15.4934,0.067376
311,0.8923,7.8531,4.4415,2.3075,15.4944,0.040805
312,0.9744,8.188,4.3918,2.3232,15.8774,0.071156
313,0.9842,7.9136,4.4232,2.3013,15.6224,0.235099
314,0.9906,7.8478,4.3568,2.3033,15.4986,0.242243
315,0.9124,7.9406,4.4253,2.2981,15.5764,0.23077
316,0.9502,7.8499,4.3813,2.3286,15.51,0.264677
317,0.9389,7.8628,4.3991,2.333,15.5338,0.23925
318,0.9511,7.8325,4.3799,2.3313,15.4948,0.248734
319,0.9224,7.8577,4.4603,2.3392,15.5796,0.151756
320,0.9509,7.8185,4.4081,2.3534,15.5308,0.177046
321,0.9425,7.8243,4.4545,2.3051,15.5264,0.038556
322,0.9887,7.7639,4.4168,2.2808,15.4502,0.028635
323,0.9607,7.8138,4.404,2.3084,15.4868,0.02902
324,0.9461,7.7298,4.4196,2.2997,15.3951,0.029066
325,0.925,7.8135,4.3881,2.3174,15.444,0.034519
326,0.9604,7.8084,4.3782,2.3317,15.4786,0.036952
327,0.9147,7.833,4.4525,2.3335,15.5338,0.034228
328,0.94,7.8617,4.4239,2.339,15.5645,0.030601
329,0.9397,7.752,4.4716,2.3546,15.5179,0.035677
330,0.9226,7.8034,4.5032,2.3153,15.5445,0.032894
331,0.9146,8.3663,4.4677,2.3042,16.0528,0.030652
332,0.9728,7.7872,4.4765,2.2995,15.536,0.022825
333,0.9973,7.8271,4.4301,2.2984,15.5529,0.021634
334,0.9966,7.951,4.4013,2.2964,15.6454,0.022823
335,0.9086,7.8627,4.4609,2.3102,15.5424,0.027553
336,0.95,7.8801,4.4244,2.3267,15.5813,0.031792
337,0.9265,7.8098,4.4604,2.3265,15.5232,0.028477
338,0.9567,8.0625,4.4033,2.3311,15.7536,0.024487
339,0.9135,7.8664,4.4115,2.3391,15.5304,0.019523
340,0.9635,7.8092,4.4007,2.3317,15.5051,0.025095
341,0.9301,7.8277,4.4931,2.3434,15.5943,0.036423
342,0.9573,7.8621,4.4242,2.3074,15.551,0.033968
343,0.9376,7.8907,4.4578,2.3051,15.5913,0.033529
344,0.9832,7.8361,4.3705,2.3078,15.4976,0.022258
345,0.9673,7.8477,4.5268,2.2944,15.6362,0.017422
346,0.9445,7.8016,4.4105,2.3378,15.4943,0.022135
347,0.9359,7.9841,4.4127,2.3346,15.6673,0.028
348,0.9519,7.9254,4.4632,2.3275,15.668,0.029995
349,0.9277,7.8202,4.3578,2.3301,15.4358,0.033192
350,0.961,7.8451,4.4034,2.3602,15.5697,0.023525
351,0.91,7.7718,4.4483,2.3271,15.4573,0.013377
352,0.933,7.8434,4.4775,2.3168,15.5707,0.02339
353,0.9488,7.8855,4.4257,2.3035,15.5636,0.024108
354,0.9601,7.7655,4.4384,2.2962,15.4603,0.031093
355,0.9181,7.7906,4.4682,2.3012,15.478,0.030796
356,0.9484,7.9157,4.4362,2.2986,15.5989,0.033835
357,0.9626,7.8983,4.4623,2.3361,15.6593,0.02409
358,0.9261,7.7349,4.4537,2.3264,15.4411,0.024421
359,0.8897,7.8598,4.4747,2.3388,15.563,0.023476
360,0.9493,7.7961,4.4066,2.3263,15.4784,0.019203
361,0.9411,7.8448,4.4432,2.3356,15.5647,0.028811
362,0.9519,7.7852,4.4241,2.3012,15.4624,0.0232
363,0.9371,7.8663,4.4773,2.3088,15.5896,0.023421
364,0.982,7.7836,4.4934,2.2835,15.5426,0.017615
365,0.9687,7.9741,4.4847,2.3044,15.7318,0.018383
366,0.9677,7.916,4.4195,2.3096,15.6129,0.051504
367,0.9231,7.8695,4.4182,2.3375,15.5483,0.047207
368,0.9572,7.8616,4.4846,2.3317,15.6352,0.042786
369,0.9576,7.7525,4.3946,2.3312,15.436,0.036282
370,0.959,7.7801,4.4295,2.3258,15.4943,0.063099
371,0.9102,7.8628,4.4246,2.358,15.5557,0.060608
372,0.9559,7.8638,4.5015,2.3475,15.6688,0.065493
373,0.956,7.8196,4.5633,2.3115,15.6503,0.059966
374,0.9849,7.7874,4.471,2.2968,15.5401,0.078935
375,0.9479,7.7878,4.4374,2.302,15.4752,0.08689
376,0.9574,7.8849,4.5065,2.312,15.6607,0.082721
377,0.9429,7.7615,4.3776,2.3173,15.3994,0.085694
378,0.9616,7.8345,4.4175,2.3238,15.5375,0.071475
379,0.9088,7.873,4.4324,2.3239,15.5381,0.071283
380,0.9588,7.8706,4.5273,2.328,15.6847,0.093713
381,0.948,7.7961,4.4119,2.3302,15.4861,0.085524
382,0.943,7.8675,4.5096,2.3343,15.6543,0.067299
383,0.8823,7.787,4.4371,2.3059,15.4123,0.090415
384,0.9642,7.8487,4.4961,2.2935,15.6025,0.07985
385,0.9943,7.8201,4.4406,2.3093,15.5643,0.978846
386,0.9766,7.8802,4.6133,2.4553,15.9254,0.999997
387,0.9854,7.8282,4.4134,2.3049,15.5319,0.999983
388,0.9198,7.9552,4.33,2.3404,15.5454,0.999976
389,0.9437,7.8876,4.4279,2.3404,15.5996,0.99968
390,0.9494,7.9244,4.461,2.3378,15.6725,0.999775
391,0.9168,8.1245,4.4379,2.3195,15.7987,0.99809
392,0.9213,7.9471,4.4528,2.3319,15.6531,0.991687
393,0.9472,7.784,4.421,2.3226,15.4748,0.922244
394,0.956,7.8439,4.4277,2.317,15.5446,0.976658
395,0.9132,7.7561,4.3961,2.2872,15.3526,0.981921
396,0.9521,7.8499,4.4224,2.2951,15.5195,0.839311
397,0.9886,7.7959,4.5107,2.3038,15.5989,0.911748
398,0.9823,7.7792,4.4263,2.3066,15.4945,0.875594
399,0.905,7.7995,4.4205,2.3304,15.4553,0.831949
400,0.9517,7.8275,4.4394,2.3136,15.5322,0.75871
401,0.9605,7.8738,4.4175,2.3384,15.5902,0.792673
402,0.9498,7.8247,4.4478,2.3386,15.5608,0.796066
403,0.922,7.8203,4.4348,2.3474,15.5246,0.844443
404,0.9524,7.8527,4.4113,2.3404,15.5568,0.86756
405,0.965,7.831,4.4373,2.3045,15.5378,0.854682
406,0.9537,7.7936,4.4395,2.3075,15.4942,0.817341
407,0.935,7.7645,4.4264,2.3041,15.43,0.857287
408,0.9547,7.9304,4.4226,2.3088,15.6165,0.829059
409,0.9504,7.8643,4.4731,2.3238,15.6115,0.823119
410,0.9339,7.8559,4.4013,2.3203,15.5114,0.869035
411,0.9162,7.8432,4.4437,2.3438,15.547,0.841694
412,0.9419,7.8769,4.4487,2.3376,15.6051,0.835823
413,0.9679,7.8566,4.4152,2.3366,15.5763,0.833984
414,0.9434,7.8548,4.5033,2.3519,15.6535,0.851603
415,0.9085,7.8419,4.4133,2.3098,15.4736,0.860559
416,0.9706,7.8237,4.4335,2.2979,15.5257,0.838863
417,0.9765,7.6603,4.3731,2.3093,15.3193,0.75038
418,0.9301,8.1366,4.5294,2.3048,15.9009,0.821645
419,0.9078,7.8565,4.4118,2.3236,15.4997,0.74606
420,0.9491,7.8586,4.44,2.3164,15.564,0.682055
421,0.9258,7.8018,4.4075,2.3328,15.4679,0.645216
422,0.9573,7.936,4.4563,2.3319,15.6816,0.695679
423,0.9107,7.8109,4.4312,2.3505,15.5033,0.583111
424,0.966,7.9202,4.447,2.3438,15.677,0.472544
425,0.9612,7.7959,4.3993,2.3039,15.4602,0.510805
426,0.9589,7.824,4.5217,2.3025,15.6072,0.512956
427,0.9469,7.8447,4.4121,2.3015,15.5052,0.518555
428,0.9974,7.8695,4.4471,2.3015,15.6156,0.573649
429,0.9511,7.8347,4.4122,2.3104,15.5084,0.570764
430,0.934,7.8997,4.4246,2.3172,15.5754,0.564178
431,0.9179,7.8357,4.4084,2.3232,15.4853,0.62725
432,0.9494,7.8803,4.4373,2.3289,15.5959,0.417297
433,0.9461,7.8274,4.3895,2.3459,15.509,0.412956
434,0.936,7.8123,4.4348,2.3283,15.5114,0.32311
435,0.9176,7.8203,4.4357,2.304,15.4776,0.120028
436,0.9699,7.8701,4.4548,2.3033,15.598,0.122375
437,0.9858,7.8652,4.4802,2.2626,15.5939,0.196991
438,0.9663,7.7777,4.4568,2.3027,15.5035,0.253169
439,0.905,7.8051,4.4251,2.3245,15.4597,0.327184
440,0.9622,7.9067,4.4468,2.323,15.6386,0.319718
441,0.954,7.8627,4.4186,2.3272,15.5625,0.257847
442,0.9299,7.7138,4.4003,2.3393,15.3832,0.315263
443,0.914,7.913,4.4279,2.3483,15.6032,0.379199
444,0.9474,8.0408,4.3865,2.3483,15.723,0.312665
445,0.958,7.7635,4.3978,2.2906,15.4098,0.293446
446,0.9581,7.8715,4.3959,2.3016,15.5271,0.273285
447,0.9532,7.8514,4.4395,2.3013,15.5454,0.233286
448,0.9827,7.7888,4.4352,2.3063,15.5128,0.232379
449,0.9477,7.9457,4.463,2.3026,15.6589,0.260184
450,0.9653,7.8649,4.3998,2.3389,15.5689,0.188876
451,0.9109,7.8884,4.4563,2.3255,15.5812,0.151588
452,0.9464,7.8146,4.4217,2.3276,15.5104,0.187324
453,0.9702,7.8191,4.4162,2.363,15.5684,0.221443
454,0.9243,7.7496,4.4125,2.3472,15.4337,0.208218
455,0.9124,7.8298,4.5128,2.2815,15.5366,0.253163
456,0.975,7.9074,4.4348,2.3054,15.6226,0.224223
457,0.9965,7.7977,4.4801,2.2945,15.5688,0.183474
458,0.9687,7.7621,4.5005,2.2878,15.5191,0.197235
459,0.899,7.822,4.4505,2.3104,15.4819,0.150771
460,0.9212,7.8792,4.415,2.3164,15.5317,0.207054
461,0.9307,7.892,4.432,2.3266,15.5813,0.331821
462,0.9648,7.8013,4.3472,2.3396,15.4529,0.276491
463,0.9023,7.946,4.4502,2.3365,15.635,0.205682
464,0.9277,7.8332,4.3833,2.3413,15.4855,0.277228
465,0.9639,7.8132,4.4766,2.3072,15.5608,0.275722
466,0.9606,7.8145,4.3728,2.294,15.4419,0.292926
467,0.9443,7.8331,4.4252,2.3106,15.5132,0.083518
468,0.9506,7.8454,4.4115,2.3124,15.5199,0.081547
469,0.9702,7.6974,4.3897,2.3458,15.403,0.052203
470,0.9223,7.7974,4.3973,2.3311,15.4481,0.052802
471,0.9113,8.0385,4.4383,2.3278,15.716,0.055319
472,0.9443,7.989,4.4425,2.3281,15.7038,0.049847
473,0.9565,7.8507,4.4388,2.343,15.5891,0.049775
474,0.9271,7.7866,4.5043,2.3431,15.5611,0.03546
475,0.9093,7.7602,4.4568,2.3058,15.4321,0.039903
476,0.9462,7.893,4.481,2.3083,15.6285,0.16617
477,0.9847,7.7232,4.5077,2.2974,15.5129,0.194671
478,0.9398,7.8632,4.4791,2.3023,15.5844,0.235494
479,0.9203,7.8305,4.4259,2.3237,15.5004,0.298444
480,0.9259,7.7751,4.3799,2.3273,15.4082,0.273386
481,0.9571,7.7861,4.3826,2.3233,15.4491,0.241255
482,0.9527,7.7764,4.38,2.3391,15.4483,0.235405
483,0.9097,7.8715,4.3797,2.3275,15.4884,0.058014
484,0.9599,7.9428,4.4317,2.3046,15.6389,0.078183
485,0.9801,7.7933,4.4713,2.3076,15.5524,0.038863
486,0.9558,7.835,4.4026,2.2956,15.489,0.03534
487,0.9774,7.8495,4.4072,2.3132,15.5473,0.02455
488,0.9494,7.9307,4.3846,2.318,15.5828,0.1366
489,0.9529,7.7861,4.3796,2.317,15.4356,0.164744
490,0.9282,7.852,4.4038,2.3258,15.5098,0.134745
491,0.9162,7.7838,4.372,2.349,15.421,0.161941
492,0.942,7.8637,4.4181,2.3643,15.5881,0.142667
493,0.9577,7.8175,4.4743,2.3625,15.6121,0.143238
494,0.955,7.7707,4.3645,2.3254,15.4155,0.200503
495,0.9664,7.7516,4.3912,2.3098,15.4191,0.124829
496,0.9454,7.6973,4.4572,2.3148,15.4147,0.072084
497,0.8984,8.1297,4.4442,2.3065,15.7789,0.101309
498,0.9433,7.7959,4.4192,2.3195,15.478,0.09491
499,0.9285,7.7694,4.4052,2.3219,15.425,0.042085
500,0.9653,7.9038,4.4677,2.34,15.6767,0.040711
501,0.9213,7.8627,4.4599,2.3014,15.5453,0.145276
502,0.9385,7.8319,4.4255,2.3335,15.5295,0.147852
503,0.9231,7.8744,4.4252,2.3058,15.5285,0.1531
504,0.9617,7.837,4.4618,2.31,15.5706,0.131626
505,0.96,7.8568,4.4012,2.301,15.519,0.125799
506,0.9817,7.782,4.462,2.2993,15.5251,0.705063
507,0.9482,7.8493,4.5059,2.2913,15.5947,0.999953
508,0.963,7.8301,4.3808,2.3231,15.497,0.999999
509,0.9203,7.8807,4.4321,2.3401,15.5733,0.999993
510,0.9452,7.7964,4.3854,2.3406,15.4677,0.999974
511,0.9547,7.869,4.3886,2.3295,15.5418,0.999915
512,0.9208,7.7802,4.3916,2.3312,15.4238,0.996902
513,0.914,7.8125,4.4044,2.3053,15.4363,0.738925
514,0.9695,7.8365,4.3654,2.3023,15.4738,0.414067
515,0.9836,8.4608,4.555,2.2701,16.2695,0.302406
516,0.9741,7.7621,4.4157,2.3032,15.4551,0.247563
517,0.9139,7.8283,4.4966,2.3109,15.5497,0.207025
518,0.9557,7.9268,4.452,2.3187,15.6532,0.188548
519,0.961,7.8501,4.4606,2.3355,15.6071,0.1404
520,0.9262,7.8054,4.4324,2.335,15.4991,0.110673
521,0.9089,7.8926,4.4322,2.339,15.5728,0.144108
522,0.9464,7.9554,4.4291,2.3353,15.6663,0.148328
523,0.9543,8.1442,4.4377,2.3296,15.8657,0.192506
524,0.9226,7.7474,4.4839,2.3388,15.4928,0.203929
525,0.9189,7.8929,4.4146,2.3015,15.5279,0.189023
526,0.9678,7.9065,4.4491,2.2983,15.6217,0.150086
527,0.996,7.8565,4.4392,2.3161,15.6079,0.151156
528,0.9563,7.711,4.392,2.316,15.3753,0.12625
529,0.9068,7.8991,4.3975,2.317,15.5204,0.196155
530,0.9347,7.8798,4.4447,2.3214,15.5807,0.170677
531,0.9549,7.8877,4.4118,2.3344,15.5888,0.109625
532,0.9304,7.7854,4.4919,2.3343,15.542,0.097141
533,0.905,7.8469,4.4196,2.3317,15.5032,0.047629
534,0.9485,7.8312,4.4515,2.3292,15.5604,0.138193
535,0.9462,7.8231,4.521,2.3277,15.618,0.049492
536,0.9052,7.8377,4.4617,2.3082,15.5128,0.056185
537,0.9541,7.8831,4.5284,2.3058,15.6715,0.015766
538,0.9758,7.8777,4.4011,2.3145,15.569,0.013086
539,0.9403,7.8302,4.4601,2.3201,15.5508,0.00934
540,0.9043,7.7982,4.5234,2.3452,15.5712,0.010343
541,0.9172,7.8786,4.5243,2.3175,15.6377,0.001852
542,0.9385,7.7813,4.5093,2.3314,15.5605,0.000925
543,0.9164,7.9191,4.4477,2.3178,15.601,0.000856
544,0.8818,7.8017,4.4054,2.3339,15.4228,5.4e-05
545,0.9161,7.8672,4.388,2.3388,15.5101,0.000201
546,0.9312,7.7852,4.4108,2.3017,15.4289,0.000133
547,0.9415,7.7634,4.3739,2.3039,15.3828,0.000149
548,0.9079,7.7975,4.3995,2.3045,15.4095,8e-05
549,0.9189,7.9516,4.5231,2.3166,15.7102,0.000124
550,0.9534,8.1807,4.4115,2.3229,15.8685,0.000807
551,0.9382,7.8439,4.3888,2.3089,15.4799,0.001262
552,0.8854,7.8131,4.4265,2.3336,15.4585,0.000469
553,0.9185,7.8311,4.5051,2.3448,15.5995,0.000322
554,0.9294,7.753,4.4468,2.3393,15.4684,0.000342
555,0.9081,7.8767,4.4703,2.3544,15.6094,0.000506
556,0.8995,7.8615,4.4767,2.3036,15.5413,0.000488
557,0.9484,7.8129,4.4701,2.3062,15.5376,0.001589
558,0.9593,7.7333,4.4658,2.293,15.4515,0.000968
559,0.9223,7.8574,4.4393,2.2956,15.5146,0.000735
560,0.8892,7.7694,4.3861,2.3263,15.371,0.000423
561,0.9117,7.9093,4.3854,2.3157,15.5221,0.001591
562,0.9167,7.8294,4.3973,2.3358,15.4793,0.001807
563,0.9217,7.9052,4.4978,2.3629,15.6875,0.004984
564,0.9063,7.8096,4.5194,2.3499,15.5852,0.001132
565,0.9156,7.9036,4.4566,2.2732,15.549,0.019291
566,0.9804,7.9089,4.3773,2.3162,15.5829,0.014649
567,0.96,7.8903,4.3914,2.3041,15.5458,0.022666
568,0.9487,7.7292,4.4714,2.3123,15.4616,0.012192
569,0.9384,7.9779,4.5297,2.3117,15.7578,0.011577
570,0.9707,7.8758,4.376,2.3311,15.5536,0.006372
571,0.9274,7.878,4.3645,2.333,15.5028,0.006535
572,0.9283,7.8746,4.4597,2.3367,15.5992,0.011591
573,0.9456,7.8964,4.4095,2.3258,15.5773,0.002726
574,0.9571,7.818,4.3535,2.3244,15.453,0.003354
575,0.916,7.932,4.4488,2.3424,15.6391,0.010677
576,0.9177,8.1719,4.4249,2.3632,15.8777,0.012187
577,0.9118,7.9062,4.5253,2.3071,15.6505,0.010895
578,0.9901,7.8382,4.3796,2.3096,15.5175,0.009366
579,0.9648,7.8356,4.4061,2.3027,15.5091,0.011396
580,0.9062,7.8798,4.4354,2.3045,15.5259,0.008517
581,0.921,7.9099,4.3763,2.3246,15.5318,0.007325
582,0.9507,7.8067,4.4755,2.3218,15.5546,0.009662
583,0.9173,7.9312,4.3963,2.3346,15.5794,0.0037
584,0.9159,7.8199,4.5892,2.3262,15.6513,0.001847
585,0.934,7.8785,4.3977,2.3413,15.5515,0.00179
586,0.9566,7.8759,4.4105,2.3315,15.5745,0.004791
587,0.9164,7.8415,4.5063,2.3081,15.5724,0.004206
588,0.9363,7.9687,4.5167,2.3301,15.7518,0.002347
589,0.961,7.9732,4.4365,2.2953,15.6659,0.005318
590,0.9674,7.8569,4.4781,2.3194,15.6218,0.040882
591,1.001,7.9794,4.4034,2.3151,15.699,0.040606
592,0.9023,7.7889,4.4057,2.3192,15.4161,0.013201
593,0.9349,8.0557,4.436,2.3363,15.7629,0.001764
594,0.9241,7.8278,4.396,2.3264,15.4743,0.000452
595,0.9312,7.7909,4.4285,2.3285,15.479,0.000859
596,0.9087,7.7943,4.4641,2.3414,15.5085,0.000322
597,0.9417,7.8252,4.4108,2.3398,15.5175,0.000347
598,0.9496,7.8332,4.4279,2.3135,15.5243,0.00018
599,0.9518,7.8218,4.3256,2.2934,15.3926,0.000878
600,0.9326,7.8311,4.3426,2.3085,15.4148,0.001047
601,0.954,7.8691,4.3481,2.3091,15.4803,0.002735
602,0.9255,7.8266,4.3185,2.3315,15.4021,0.001213
603,0.9425,8.1906,4.3467,2.3421,15.8218,0.004691
604,0.907,7.752,4.2933,2.3392,15.2915,0.000594
605,0.9566,7.8899,4.3077,2.3408,15.495,0.007072
606,0.937,7.77,4.294,2.312,15.313,0.006019
607,0.9482,7.8336,4.3293,2.3123,15.4235,0.001175
608,0.9307,7.7942,4.2828,2.3102,15.3179,0.0037
609,0.9331,7.9696,4.3322,2.3059,15.5408,0.001323
610,0.925,7.8525,4.3125,2.3312,15.4211,0.005415
611,0.9438,7.8312,4.2849,2.3216,15.3816,0.002733
612,0.905,7.7618,4.2724,2.3506,15.2898,0.00692
613,0.9397,7.8531,4.276,2.3365,15.4053,0.01421
614,0.9253,7.771,4.3144,2.3354,15.3461,0.003999
615,0.9918,7.8407,4.2941,2.3126,15.4392,0.02097
616,0.911,7.8377,4.2888,2.3245,15.362,0.002856
617,0.9384,7.8538,4.286,2.3291,15.4073,0.007524
618,0.9546,7.796,4.2801,2.3409,15.3716,0.020092
619,0.946,7.8017,4.2728,2.3282,15.3487,0.019937
620,0.8889,7.7671,4.2886,2.3183,15.2629,0.017404
621,0.9479,7.9003,4.3109,2.3001,15.4592,0.031843
622,0.95,7.7336,4.2807,2.3009,15.2651,0.052333
623,0.9572,7.8123,4.3375,2.3094,15.4163,0.008735
624,0.9279,7.8359,4.2889,2.3268,15.3796,0.015895
625,0.917,7.8295,4.3113,2.3198,15.3776,0.012523
626,0.9644,7.7659,4.2566,2.3437,15.3306,0.059329
627,0.9206,7.813,4.3042,2.2974,15.3352,0.050533
628,0.9012,7.8554,4.2852,2.3018,15.3437,0.05047
629,0.9205,8.9198,4.3189,2.3215,16.4807,0.055619
630,1.0359,7.9342,4.3189,2.315,15.604,0.05244
631,0.9609,7.8243,4.2774,2.3052,15.3677,0.047316
632,0.9108,7.7461,4.3028,2.2948,15.2545,0.035472
633,0.9077,7.8756,4.3145,2.3308,15.4286,0.104539
634,0.9028,7.9483,4.287,2.4173,15.5553,0.142314
635,0.918,7.88,4.2786,2.3413,15.418,0.187501
636,0.9149,7.805,4.2919,2.3472,15.359,0.983314
637,0.9082,7.8165,4.2764,2.3046,15.3057,0.998931
638,0.9247,7.7825,4.3247,2.2927,15.3246,0.999914
639,0.9703,7.8774,4.3005,2.3119,15.4601,0.999945
640,0.9208,7.8265,4.2584,2.3427,15.3485,0.999793
641,0.911,7.8298,4.2849,2.339,15.3647,0.99828
642,0.9432,7.788,4.2739,2.3253,15.3304,0.944705
643,0.932,7.8634,4.3062,2.3382,15.4398,0.346269
644,0.9628,8.4194,4.3066,2.5454,16.2342,0.066528
645,0.9159,8.6029,4.3782,2.3561,16.2531,0.060685
646,0.9491,7.8484,4.2838,2.334,15.4152,0.063141
647,0.928,7.8412,4.2874,2.3011,15.3578,0.061534
648,0.9777,7.8591,4.293,2.3041,15.4339,0.03701
649,0.9033,7.8523,4.3235,2.306,15.3852,0.022837
650,0.9567,7.8677,4.2823,2.3378,15.4446,0.033658
651,0.9492,7.8424,4.2782,2.3198,15.3896,0.029384
652,0.9497,7.8107,4.2696,2.3394,15.3695,0.024095
653,0.8906,7.8433,4.2889,2.3412,15.3641,0.028495
654,0.9497,7.8413,4.2978,2.3198,15.4086,0.019686
655,0.9522,7.8723,4.34,2.3183,15.4828,0.008665
656,1.0003,8.083,4.3049,2.3196,15.7078,0.006798
657,0.9149,7.7703,4.3148,2.3047,15.3047,0.012107
658,0.9405,7.8264,4.2637,2.3282,15.3588,0.013634
659,0.9353,7.8578,4.289,2.3443,15.4265,0.01016
660,0.9567,7.796,4.3012,2.3553,15.4092,0.0079
661,0.887,7.8313,4.3278,2.3661,15.4122,0.033124
662,0.9558,7.7826,4.2699,2.3107,15.319,0.026387
663,0.955,7.8005,4.2979,2.309,15.3624,0.021514
664,0.9851,7.7203,4.3018,2.3229,15.3301,0.036268
665,0.8952,7.8681,4.292,2.3349,15.3904,0.038285
666,0.9492,7.7815,4.2956,2.3423,15.3686,0.040137
667,0.922,7.7618,4.2772,2.3446,15.3056,0.035528
668,0.9448,7.8516,4.2813,2.3351,15.4129,0.041855
669,0.915,8.461,4.2786,2.3671,16.0218,0.035835
670,0.9489,7.8438,4.3525,2.3049,15.45,0.040926
671,0.956,7.9707,4.2857,2.3103,15.5227,0.044006
672,0.9855,7.7524,4.3126,2.2985,15.349,0.037013
673,0.8854,7.7955,4.3089,2.3321,15.322,0.029896
674,0.949,7.8505,4.3086,2.3331,15.4412,0.023385
675,0.941,7.9054,4.2933,2.3259,15.4655,0.015323
676,0.9468,7.7935,4.2774,2.3383,15.356,0.014513
677,0.8773,7.7653,4.3156,2.3061,15.2643,0.013575
678,0.9484,7.8587,4.2961,2.3098,15.413,0.014805
679,0.9616,7.8003,4.3347,2.302,15.3986,0.016324
680,0.9485,7.749,4.369,2.3159,15.3823,0.016705
681,0.9061,8.4355,4.3336,2.2985,15.9737,0.005503
682,0.9505,8.1719,4.3328,2.324,15.7792,0.010073
683,0.9279,7.82,4.305,2.329,15.3819,0.014433
684,0.976,7.8485,4.3737,2.322,15.5202,0.974351
685,0.8837,8.6488,4.3658,2.3266,16.2249,0.999707
686,0.9448,7.8205,4.2885,2.3655,15.4193,0.999815
687,0.9709,7.8399,4.3157,2.3327,15.4592,0.999965
688,0.9527,7.7816,4.2868,2.3157,15.3368,0.999963
689,0.8986,7.8394,4.2936,2.3099,15.3415,0.999975
690,0.9914,7.7745,4.3058,2.2999,15.3716,0.999938
691,0.9519,7.8167,4.2958,2.337,15.4014,0.999929
692,0.9294,7.8439,4.2644,2.3263,15.3641,0.999314
693,0.9261,7.7482,4.3721,2.3413,15.3877,0.996519
694,0.9545,7.8827,4.3148,2.3404,15.4923,0.974278
695,0.9206,7.795,4.3052,2.3098,15.3307,0.747736
696,0.9709,7.8726,4.2928,2.3008,15.4371,0.300292
697,0.9053,7.8674,4.2871,2.3126,15.3725,0.044753
698,0.9574,7.8344,4.2878,2.325,15.4046,0.021427
699,0.9357,7.7809,4.2898,2.3283,15.3347,0.021988
700,0.9602,7.8007,4.2806,2.3388,15.3803,0.027585
701,0.8856,7.8645,4.2813,2.3207,15.3521,0.016627
702,0.9481,7.8098,4.3373,2.3338,15.429,0.024969
703,0.9663,7.8251,4.2886,2.3022,15.3822,0.016279
704,0.9799,7.8731,4.2764,2.2968,15.4261,0.016922
705,0.8938,7.8967,4.2985,2.3057,15.3947,0.015006
706,0.9415,7.8672,4.3255,2.326,15.4603,0.012265
707,0.9512,7.827,4.308,2.3369,15.4231,0.019414
708,0.9555,7.8846,4.2728,2.3416,15.4545,0.010407
709,0.9043,8.1576,4.2844,2.334,15.6802,0.005026
710,0.9586,7.7729,4.3426,2.3339,15.408,0.014078
711,0.9305,7.8258,4.2962,2.3155,15.368,0.004904
712,0.9986,7.7885,4.3094,2.3113,15.4077,0.008173
713,0.8911,7.8823,4.2988,2.3254,15.3976,0.011547
714,0.9449,7.8377,4.259,2.3287,15.3703,0.008201
715,0.9632,7.8476,4.2846,2.3346,15.4301,0.005658
716,0.9224,7.8434,4.2893,2.3333,15.3884,0.005228
717,0.9107,7.8969,4.2905,2.367,15.4651,0.00398
718,0.9577,7.7864,4.3152,2.3025,15.3618,0.004363
719,0.9584,7.8439,4.294,2.2999,15.3963,0.005499
720,0.9822,7.7403,4.3004,2.3132,15.3361,0.004685
721,0.902,7.857,4.2948,2.3155,15.3694,0.004183
722,0.9519,7.8114,4.2837,2.3235,15.3705,0.004283
723,0.9312,7.8256,4.3396,2.3479,15.4444,0.003978
724,0.9554,7.8512,4.3552,2.3376,15.4993,0.004136
725,0.879,8.5201,4.3175,2.3479,16.0645,0.003408
726,0.9547,7.8142,4.3284,2.3343,15.4316,0.003699
727,0.9535,7.8175,4.2905,2.2959,15.3574,0.003827
728,0.9848,7.8556,4.2818,2.2985,15.4206,0.003926
729,0.8933,8.5271,4.2836,2.3089,16.0129,0.002119
730,0.9757,7.8279,4.2963,2.3061,15.4059,0.003678
731,0.9608,7.8792,4.281,2.3192,15.4402,0.002266
732,0.9308,7.7532,4.3072,2.3342,15.3254,0.00188
733,0.9116,7.9007,4.3655,2.353,15.5308,0.001581
734,0.9439,7.8092,4.2813,2.3442,15.3786,0.001919
735,0.9349,8.1513,4.307,2.3366,15.7298,0.001781
736,0.9555,7.7475,4.2897,2.315,15.3077,0.001995
737,0.9194,7.8366,4.3401,2.3018,15.3979,0.002211
738,0.9565,7.8819,4.3109,2.3117,15.4609,0.00167
739,0.9268,7.8659,4.2869,2.33,15.4096,0.001504
740,0.9608,7.7692,4.335,2.3315,15.3966,0.001644
741,0.8802,8.4087,4.3075,2.3397,15.9362,0.001651
742,0.9577,7.8097,4.3135,2.3512,15.4321,0.002558
743,0.9326,7.8603,4.3098,2.3398,15.4425,0.032685
744,0.9558,7.8286,4.2692,2.3193,15.3729,0.039301
745,0.9631,7.7502,4.3187,2.316,15.348,0.003911
746,0.9537,7.7943,4.3058,2.3033,15.357,0.031091
747,0.9005,7.8222,4.3181,2.3148,15.3556,0.031421
748,0.9354,7.8247,4.2869,2.3325,15.3796,0.021071
749,0.95,7.8573,4.307,2.3433,15.4576,0.022684
750,0.9479,7.8479,4.3165,2.3403,15.4526,0.020792
751,0.905,7.8338,4.3528,2.3067,15.3982,0.025552
752,0.9419,7.7964,4.2847,2.3102,15.3332,0.023958
753,0.9883,7.8113,4.3008,2.3061,15.4065,0.030134
754,0.9577,7.7877,4.2616,2.3287,15.3358,0.025843
755,0.9036,7.8719,4.299,2.3242,15.3987,0.034249
756,0.93,7.872,4.2895,2.3389,15.4304,0.03204
757,0.9433,7.8562,4.297,2.3294,15.426,0.027936
758,0.9531,7.7867,4.3036,2.305,15.3484,0.029407
759,0.9916,7.8959,4.3024,2.3165,15.5063,0.015646
760,0.9572,7.8334,4.2906,2.296,15.3772,0.030469
761,0.9802,7.7452,4.3177,2.3124,15.3555,0.017814
762,0.9579,8.0154,4.3237,2.3471,15.6441,0.029378
763,0.9392,7.8799,4.3141,2.3288,15.4621,0.0191
764,0.9336,7.8595,4.299,2.35,15.4422,0.026646
765,0.9587,7.8269,4.2897,2.3444,15.4198,0.024068
766,0.9489,7.8352,4.3067,2.3367,15.4275,0.032039
767,0.9117,7.7934,4.2921,2.2906,15.2878,0.035709
768,0.9572,7.7973,4.2872,2.3053,15.347,0.059864
769,0.9578,7.8559,4.4524,2.3108,15.5768,0.956768
770,0.9267,7.8976,4.2731,2.3288,15.4262,0.999713
771,0.8819,7.9497,4.3795,2.3172,15.5282,0.999947
772,0.9461,7.8396,4.2735,2.3398,15.3989,0.999959
773,0.9427,7.8386,4.3285,2.3339,15.4437,0.999806
774,1.2102,8.2479,4.3213,2.3624,16.1418,0.999038
775,0.9074,7.9172,4.4126,2.3444,15.5816,0.943952
776,0.959,7.8735,4.3168,2.3139,15.4632,0.603804
777,0.9712,7.8128,4.3134,2.3073,15.4047,0.078824
778,0.9524,7.8014,4.3004,2.3096,15.3638,0.051996
779,0.8845,7.8945,4.3149,2.319,15.413,0.044543
780,0.9552,7.7616,4.2774,2.3385,15.3327,0.039565
781,0.9319,7.8463,4.3297,2.335,15.4429,0.033615
782,0.9385,7.7837,4.3272,2.3298,15.379,0.0334
783,0.8976,7.8871,4.3445,2.3344,15.4636,0.081065
784,0.9564,7.7477,4.2941,2.3079,15.3061,0.032062
785,0.9582,7.696,4.3275,2.3135,15.2951,0.032346
786,0.9604,7.8469,4.2596,2.3069,15.3738,0.031129
787,0.9082,7.7807,4.2895,2.3354,15.3138,0.020662
788,0.9413,7.9872,4.2907,2.3243,15.5434,0.03662
789,0.9548,7.83,4.3141,2.3435,15.4424,0.011048
790,0.9387,7.8406,4.2869,2.3344,15.4006,0.013202
791,0.928,7.9398,4.2993,2.3107,15.4778,0.010509
792,0.9591,7.8247,4.3107,2.3182,15.4126,0.012713
793,0.9862,7.8048,4.2864,2.3064,15.3838,0.010833
794,0.944,7.793,4.2782,2.3278,15.3429,0.014071
795,0.9044,8.218,4.2948,2.3152,15.7325,0.012622
796,0.9252,7.7339,4.2911,2.3383,15.2886,0.013821
797,0.9574,7.8327,4.2901,2.334,15.4142,0.010073
798,0.9543,7.6939,4.2909,2.305,15.244,0.012538
799,0.9361,7.8614,4.2786,2.3036,15.3797,0.008295
800,0.9652,7.6853,4.3236,2.3079,15.282,0.014364
801,0.9666,7.8405,4.2842,2.3122,15.4035,0.017404
802,0.9484,7.8249,4.2974,2.3312,15.4018,0.02291
803,0.9202,7.8887,4.2921,2.3234,15.4244,0.031649
804,0.9263,7.8311,4.3023,2.3521,15.4119,0.005901
805,0.9366,7.8042,4.3003,2.3132,15.3544,0.003624
806,0.9615,7.7804,4.2895,2.3148,15.3462,0.00313
807,0.9149,7.764,4.2976,2.3087,15.2853,0.003498
808,0.9266,7.8923,4.3188,2.344,15.4817,0.001914
809,0.9542,7.9115,4.3038,2.3262,15.4957,0.00307
810,0.9616,7.7903,4.2879,2.3361,15.3759,0.006187
811,0.9029,8.3049,4.2937,2.3501,15.8515,0.006667
812,0.9511,7.8384,4.2848,2.3411,15.4153,0.016487
813,0.9538,7.7195,4.2867,2.3163,15.2764,0.0318
814,0.996,7.7095,4.3267,2.314,15.3463,0.045713
815,0.9189,8.0746,4.3216,2.314,15.629,0.060694
816,0.9289,7.9851,4.291,2.3166,15.5216,0.076422
817,0.9494,7.7735,4.2909,2.3327,15.3466,0.170779
818,0.953,7.8393,4.2666,2.3334,15.3923,0.296836
819,0.9091,7.7862,4.3152,2.3535,15.364,0.08042
820,0.9455,7.8764,4.2809,2.3517,15.4545,0.115159
821,0.9431,7.7641,4.2812,2.3119,15.3001,0.208106
822,0.9858,7.8063,4.2915,2.3188,15.4024,0.170089
823,0.9336,7.8319,4.9501,2.2524,15.968,0.207462
824,0.9947,7.8223,4.2921,2.3065,15.4156,0.221207
825,0.9465,7.8108,4.2822,2.3208,15.3603,0.36925
826,0.9768,7.8097,4.2897,2.344,15.4201,0.464496
827,0.8983,7.7699,4.309,2.3405,15.3177,0.506773
828,0.9493,7.8647,4.3132,2.3381,15.4653,0.494631
829,0.961,7.8144,4.2891,2.3013,15.3657,0.518767
830,0.973,7.8394,4.2985,2.3163,15.4272,0.520606
831,0.9243,7.7682,4.3132,2.3123,15.318,0.565732
832,0.9611,7.8869,4.2921,2.3901,15.5303,0.48623
833,0.9915,7.7894,4.2932,2.3229,15.3971,0.442394
834,0.9608,7.8299,4.2948,2.3388,15.4243,0.440389
835,0.8994,7.8725,4.2787,2.3579,15.4085,0.383331
836,0.9572,7.8586,4.29,2.3451,15.451,0.334363
837,0.9594,7.7806,4.2979,2.3038,15.3417,0.489283
838,0.9937,7.7306,4.3,2.3194,15.3437,0.475975
839,0.9097,7.8763,4.3342,2.2856,15.4059,0.491461
840,0.9225,7.7792,4.2874,2.3358,15.3249,0.244839
841,0.9318,7.9949,4.304,2.3386,15.5693,0.251822
842,0.939,7.8227,4.2892,2.3383,15.3893,0.327288
843,0.8976,7.6886,4.3276,2.3641,15.2779,0.322276
844,0.932,7.7551,4.3096,2.3089,15.3056,0.307992
845,0.958,7.7424,4.3015,2.2916,15.2935,0.347621
846,0.9337,7.7816,4.2838,2.327,15.3262,0.316268
847,0.8954,7.7398,4.303,2.3201,15.2583,0.296033
848,0.9408,7.7746,4.302,2.334,15.3513,0.231012
849,0.9255,7.8017,4.303,2.3346,15.3648,0.211771
850,0.9518,7.7618,4.3149,2.2963,15.3248,0.308819
851,0.9399,7.7329,4.3239,2.3146,15.3114,0.149691
852,0.989,7.8201,4.304,2.307,15.4201,0.283546
853,0.9594,7.7181,4.3001,2.3357,15.3133,0.324236
854,0.9561,7.7993,4.3082,2.335,15.3986,0.274236
855,0.9055,7.7992,4.3011,2.3464,15.3523,0.337689
856,0.9601,7.8764,4.3031,2.3478,15.4875,0.453896
857,0.9747,7.7251,4.3041,2.3045,15.3084,0.418992
858,0.9921,7.947,4.3024,2.3148,15.5563,0.348867
859,0.9289,7.8249,4.2952,2.3021,15.3512,0.292651
860,0.9453,7.8839,4.2881,2.3141,15.4314,0.321878
861,0.96,7.8192,4.2803,2.3122,15.3716,0.381969
862,0.9552,7.894,4.3132,2.3344,15.4968,0.376541
863,0.9165,7.753,4.3112,2.3375,15.3182,0.978113
864,0.9505,7.8547,4.3352,2.3325,15.4729,0.999895
865,0.9578,7.7288,4.2965,2.2974,15.2805,0.999975
866,1.0031,7.7474,4.2691,2.3001,15.3197,0.999941
867,0.9025,8.2952,4.2569,2.3105,15.7651,0.999938
868,0.9673,7.9301,4.2592,2.333,15.4896,0.999955
869,0.9471,7.7474,4.2718,2.3411,15.3073,0.999775
870,0.9645,7.8577,4.3122,2.3339,15.4683,0.999816
871,0.9095,7.784,4.295,2.3499,15.3383,0.999259
872,0.9439,7.8929,4.2916,2.3056,15.434,0.978884
873,0.9754,7.8414,4.3175,2.3233,15.4577,0.761577
874,1.0067,7.8432,4.2814,2.3003,15.4315,0.884012
875,0.92,7.7369,4.2913,2.335,15.2833,0.872312
876,0.9563,7.8246,4.2985,2.318,15.3974,0.607559
877,0.9536,7.8082,4.307,2.3078,15.3765,0.593435
878,0.9545,7.7966,4.2839,2.3375,15.3725,0.695069
879,0.907,7.779,4.3222,2.2985,15.3068,0.675526
880,0.9767,7.9455,4.3172,2.3146,15.554,0.621734
881,0.9808,7.7465,4.3073,2.3052,15.3399,0.513441
882,0.9451,7.8352,4.3189,2.307,15.4062,0.464261
883,0.9082,7.8042,4.28,2.3309,15.3232,0.512933
884,0.9503,7.9302,4.3093,2.3295,15.5193,0.422276
885,0.9611,7.7383,4.2745,2.3501,15.3241,0.346836
886,0.9424,7.8322,4.3112,2.3302,15.4161,0.262033
887,0.9032,8.4946,4.3096,2.3422,16.0496,0.251459
888,0.929,8.1087,4.3225,2.278,15.6382,0.223962
889,0.9265,7.801,4.291,2.3001,15.3186,0.146643
890,0.9583,7.78,4.299,2.2906,15.328,0.193638
891,0.8832,7.8034,4.2674,2.3275,15.2815,0.048304
892,0.9256,7.9152,4.2966,2.3544,15.4918,0.061892
893,0.9292,7.7946,4.284,2.3479,15.3557,0.073496
894,0.9422,48.0137,4.3193,2.3736,55.6488,0.08494
895,0.8902,7.9259,4.2919,2.3484,15.4564,0.041319
896,0.9285,7.88,4.2894,2.3227,15.4206,0.125879
897,0.9458,7.8313,4.3057,2.3018,15.3845,0.188092
898,0.9666,7.7849,4.3153,2.3099,15.3767,0.200004
899,0.8866,7.8422,4.2847,2.3282,15.3417,0.15896
900,0.9269,7.8446,4.2858,2.3448,15.4022,0.11943
901,0.9297,8.2997,4.294,2.321,15.8443,0.105411
902,0.9265,7.8268,4.2878,2.3674,15.4085,0.093634
903,0.9222,7.8463,4.3106,2.3533,15.4323,0.096628
904,0.9297,7.8223,4.304,2.3041,15.3601,0.495594
905,0.9677,7.8387,4.2785,2.3005,15.3854,0.182422
906,0.946,7.7592,4.291,2.3141,15.3103,0.146897
907,0.8872,7.9216,4.2786,2.3243,15.4117,0.126685
908,0.9307,7.8021,4.3064,2.3293,15.3686,0.132678
909,0.929,7.8158,4.2941,2.3306,15.3696,0.124395
910,0.9252,7.8306,4.3125,2.3606,15.4289,0.090695
911,0.8985,8.0451,4.2947,2.3196,15.5581,0.072468
912,0.9424,7.817,4.3155,2.3017,15.3767,0.091307
913,1.0003,7.7738,4.3177,2.3141,15.4059,0.101318
914,0.9505,7.8356,4.2853,2.3315,15.4028,0.11364
915,0.9008,7.815,4.3606,2.331,15.4074,0.135953
916,0.9475,7.7977,4.2858,2.3293,15.3603,0.143019
917,0.9643,7.8276,4.2678,2.3305,15.3903,0.113328
918,0.9358,7.7568,4.3067,2.3338,15.3331,0.923717
919,0.8879,7.9336,4.3126,2.3102,15.4443,0.999754
920,0.9981,7.8225,4.3206,2.3077,15.4489,0.999468
921,0.9568,7.7869,4.3278,2.2937,15.3651,0.999778
922,0.958,7.8144,4.28,2.3253,15.3777,0.991236
923,0.8992,7.8353,4.2939,2.316,15.3445,0.897799
924,0.9445,7.8719,4.3013,2.3388,15.4565,0.434641
925,0.9312,7.7971,4.2755,2.3525,15.3563,0.371136
926,0.9566,7.7401,4.3255,2.3131,15.3353,0.15702
927,0.9347,7.8185,4.3006,2.3195,15.3733,0.125623
928,0.9568,7.9254,4.3009,2.3088,15.4919,0.14622
929,0.9563,7.7581,4.2554,2.3284,15.2982,0.111422
930,0.9536,7.8262,4.3154,2.3478,15.443,0.098245
931,0.9267,7.7672,4.3164,2.3454,15.3556,0.098404
932,0.9533,7.8496,4.2927,2.3523,15.4479,0.102206
933,0.9541,7.78,4.3092,2.315,15.3583,0.121467
934,0.9855,7.8279,4.2765,2.3013,15.3912,0.137534
935,0.9204,8.1644,4.2854,2.306,15.6762,0.136069
936,0.956,7.8142,4.3093,2.2978,15.3773,0.113996
937,0.9286,7.8039,4.3226,2.3293,15.3843,0.168613
938,0.9473,7.803,4.2577,2.3439,15.3519,0.136466
939,0.9138,7.8783,4.2975,2.35,15.4397,0.118944
940,0.9452,7.8269,4.3037,2.3384,15.4143,0.101825
941,0.9516,7.7511,4.2939,2.3059,15.3026,0.105538
942,0.9878,7.8182,4.2621,2.3045,15.3725,0.102674
943,0.9111,7.819,4.3075,2.3117,15.3493,0.118554
944,0.9338,7.9018,4.2883,2.3352,15.4591,0.112364
945,0.961,7.7982,4.2795,2.3347,15.3734,0.114389
946,0.968,7.8698,4.2901,2.3392,15.4671,0.122242
947,0.8987,7.7947,4.2831,2.3313,15.3078,0.110029
948,0.9246,7.8177,4.2966,2.3044,15.3432,0.083256
949,0.9765,7.8444,4.3125,2.3207,15.4539,0.098289
950,1.0088,7.9255,4.2936,2.3144,15.5424,0.089195
951,0.8937,7.8525,4.2749,2.3248,15.3459,0.087262
952,0.9501,7.7876,4.2878,2.325,15.3505,0.10407
953,0.9243,7.7429,4.2947,2.3175,15.2795,0.096216
954,0.9565,7.7908,4.3358,2.3281,15.4113,0.106112
955,0.9115,7.7893,4.2921,2.2913,15.2841,0.258242
956,0.9575,7.762,4.2947,2.3102,15.3244,0.269997
957,0.9803,7.8842,4.2869,2.3015,15.4529,0.077065
958,0.9403,7.8033,4.3084,2.3328,15.3848,0.084426
959,0.9201,7.7897,4.3013,2.3232,15.3343,0.076272
960,0.9254,7.8007,4.2818,2.3472,15.3551,0.092095
961,0.9565,8.1194,4.3941,2.342,15.8121,0.107514
962,0.9532,7.8775,4.3171,2.3682,15.5161,0.038709
963,0.918,7.7847,4.338,2.3057,15.3465,0.024916
964,0.9913,7.7868,4.3275,2.3102,15.4158,0.046318
965,1.015,7.7852,4.3038,2.2978,15.4018,0.03467
966,0.9476,7.7618,4.3326,2.3383,15.3804,0.062631
967,0.9103,7.8404,4.2989,2.3352,15.3847,0.06205
968,0.9671,7.7993,4.2841,2.3335,15.3841,0.059509
969,0.965,7.7936,4.28,2.3297,15.3683,0.055164
970,0.9194,7.7833,4.3442,2.3229,15.3699,0.06561
971,0.948,7.7912,4.2667,2.3093,15.3151,0.067586
972,0.9674,7.8309,4.3065,2.3028,15.4076,0.05823
973,0.9567,7.8513,4.3071,2.3352,15.4503,0.043942
974,0.9546,7.8129,4.2714,2.3343,15.3732,0.042773
975,0.8876,7.7677,4.2705,2.3494,15.2753,0.032685
976,0.9481,7.7532,4.2641,2.3538,15.3192,0.049604
977,0.9258,7.7847,4.286,2.307,15.3036,0.05285
978,0.9832,7.7895,4.2873,2.3002,15.3602,0.04678
979,0.8891,7.9207,4.2818,2.302,15.3936,0.036357
980,0.9497,7.8233,4.2816,2.331,15.3857,0.166642
981,0.9307,7.7201,4.2627,2.3418,15.2553,0.99781
982,0.9564,7.781,4.2892,2.3475,15.3741,0.999949
983,0.9032,7.8025,4.3194,2.3092,15.3342,0.99998
984,0.9535,7.805,4.3084,2.3255,15.3924,0.999972
985,0.987,7.779,4.2858,2.3144,15.3662,0.999904
986,0.9289,7.779,4.2919,2.3313,15.3311,0.999377
987,0.9464,7.8106,4.3101,2.3475,15.4146,0.928269
988,0.9569,8.123,4.3039,2.3383,15.7221,0.765861
989,0.9257,7.6338,4.2787,2.3425,15.1807,0.211918
990,0.9639,7.7717,4.3387,2.3428,15.4171,0.192965
991,0.911,7.7388,4.2934,2.3279,15.2711,0.123317
992,0.9972,7.8841,4.2934,2.3055,15.4801,0.126905
993,0.9649,7.7042,4.282,2.3066,15.2578,0.113648
994,0.9494,7.81,4.2788,2.3394,15.3777,0.091781
995,0.9337,7.748,4.2775,2.3419,15.3011,0.085141
996,0.9315,7.7369,4.2967,2.3565,15.3216,0.083864
997,0.8718,7.7996,4.3191,2.3039,15.2943,0.083637
998,0.9596,7.8619,4.3098,2.3082,15.4395,0.090308
999,0.9549,7.842,4.2755,2.3152,15.3876,0.107026
1000,0.9468,7.9169,4.3403,2.2983,15.5023,0.101182
1001,0.9247,7.7934,4.3029,2.3272,15.3482,0.045091
1002,0.919,7.7647,4.2847,2.3255,15.2938,0.044604
1003,0.9425,7.8734,4.292,2.3283,15.4362,0.045079
1004,0.9472,7.6886,4.2835,2.3086,15.2279,0.045133
1005,0.9077,7.7942,4.3331,2.2808,15.3159,0.03589
1006,0.9725,7.7998,4.2777,2.3089,15.3589,0.05069
1007,0.9384,7.8758,4.286,2.3439,15.4441,0.058527
1008,0.9439,7.8036,4.2876,2.3293,15.3644,0.059738
1009,0.9063,7.928,4.2883,2.3251,15.4476,0.071439
1010,0.9437,7.8277,4.2807,2.3353,15.3874,0.082831
1011,0.9246,7.776,4.2964,2.3082,15.3051,0.055798
1012,0.9456,7.7665,4.2939,2.3022,15.3081,0.066924
1013,0.9192,7.78,4.2742,2.3085,15.2819,0.054067
1014,0.9456,8.1256,4.3462,2.2992,15.7165,0.077208
1015,0.95,7.8148,4.2822,2.3177,15.3647,0.065308
1016,0.9311,7.8029,4.2837,2.3217,15.3393,0.084908
1017,0.8947,7.7544,4.3307,2.3356,15.3154,0.062868
1018,0.9477,7.8341,4.2865,2.3429,15.4111,0.066949
1019,0.9172,7.8912,4.4105,2.2846,15.5034,0.074158
1020,0.9707,7.8037,4.2879,2.3053,15.3675,0.05728
1021,0.9148,7.8157,4.312,2.3104,15.3528,0.066447
1022,0.9443,7.9094,4.2716,2.3533,15.4786,0.077568
1023,0.9141,7.8347,4.2754,2.3328,15.3568,0.086916
1024,0.9586,7.7816,4.3561,2.3406,15.4369,0.098652
1025,0.9276,7.8238,4.3444,2.3368,15.4326,0.096144
1026,0.9439,7.8538,4.3023,2.2954,15.3954,0.100598
1027,0.9711,7.7895,4.3313,2.3113,15.4031,0.122719
1028,0.9825,7.7246,4.288,2.3091,15.3042,0.130109
1029,0.8839,7.8157,4.3133,2.3241,15.337,0.091864
1030,0.9479,7.8166,4.2891,2.4544,15.508,0.087868
1031,1.1263,8.321,4.3234,2.3329,16.1036,0.107982
1032,0.9129,7.8485,4.3391,2.3174,15.4179,0.093061
1033,0.9202,7.8847,4.329,2.3426,15.4765,0.077448
1034,0.916,7.8456,4.2776,2.3518,15.3911,0.124953
1035,0.9268,7.833,4.2928,2.308,15.3606,0.119331
1036,0.9627,7.771,4.3086,2.3097,15.352,0.11975
1037,0.8982,7.8793,4.3052,2.2986,15.3814,0.110284
1038,0.93,7.889,4.2825,2.3276,15.4292,0.09457
1039,0.9291,7.8979,4.2935,2.3256,15.4461,0.108363
1040,0.9411,8.1285,4.2985,2.3291,15.6973,0.310294
1041,0.8764,7.7719,4.3316,2.351,15.3309,0.436778
1042,0.9288,7.865,4.2684,2.3474,15.4096,0.423266
1043,0.93,7.8255,4.2872,2.3036,15.3462,0.308617
1044,0.972,7.7637,4.3271,2.3188,15.3816,0.213773
1045,0.9155,7.8828,4.3436,2.3095,15.4515,0.132275
1046,0.9229,7.9096,4.3527,2.3386,15.5239,0.169621
1047,0.9554,7.8808,4.2768,2.3153,15.4283,0.147234
1048,0.9405,7.7541,4.3079,2.3435,15.346,0.151573
1049,0.9054,7.87,4.2906,2.34,15.406,0.076972
1050,0.9121,7.7812,4.3378,2.3064,15.3376,0.279722
1051,0.9599,7.8594,4.337,2.307,15.4633,0.982712
1052,0.9733,7.8154,4.3143,2.301,15.404,0.999888
1053,0.9038,7.8972,4.3305,2.335,15.4665,0.999956
1054,0.9335,7.8408,4.3242,2.3294,15.4279,0.999934
1055,0.9429,7.8468,4.3266,2.3315,15.4479,0.999715
1056,0.9515,7.8382,4.3309,2.3443,15.465,0.99984
1057,0.8823,7.8224,4.3321,2.3312,15.368,0.999336
1058,0.9357,7.8713,4.2997,2.307,15.4137,0.997807
1059,0.9372,7.8042,4.3233,2.3071,15.3718,0.990468
1060,0.9715,7.7568,4.3089,2.3033,15.3405,0.975246
1061,0.904,7.8846,4.3456,2.3242,15.4584,0.92328
1062,0.9397,7.8541,4.3951,2.3412,15.5301,0.9287
1063,0.9237,7.7516,4.4165,2.3409,15.4327,0.881372
1064,0.9457,7.7824,4.4318,2.3596,15.5195,0.850045
1065,0.895,7.9741,4.488,2.3666,15.7237,0.716678
1066,0.9133,7.8222,4.393,2.3092,15.4377,0.809627
1067,0.9589,8.1789,4.5105,2.3051,15.9534,0.26151
1068,0.9725,7.7659,4.4455,2.3096,15.4936,0.419963
1069,0.91,7.9128,4.4855,2.319,15.6273,0.226217
1070,0.9742,7.8709,4.4507,2.3161,15.6119,0.174132
1071,0.9506,7.8256,4.4231,2.307,15.5062,0.133373
1072,0.9365,7.8369,4.4471,2.3433,15.5639,0.152469
1073,0.8992,7.9525,4.4549,2.3279,15.6345,0.2122
1074,0.9332,7.8678,4.3978,2.3305,15.5293,0.219685
1075,0.9405,7.9211,4.4595,2.3377,15.6588,0.166495
1076,0.94,7.8277,4.4421,2.3394,15.5491,0.147194
1077,0.9163,7.8859,4.5142,2.3217,15.6381,0.144004
1078,0.9439,7.9128,4.603,2.3368,15.7963,0.567813
1079,0.946,7.8518,4.5322,2.294,15.6239,0.447031
1080,0.9599,7.8259,4.4083,2.2998,15.4938,0.496706
1081,0.9407,7.9203,4.4828,2.3202,15.664,0.386016
1082,0.9673,7.8808,4.4385,2.3047,15.5913,0.480692
1083,0.9504,7.9349,4.4571,2.2971,15.6394,0.548652
1084,0.9199,7.8724,4.4036,2.3428,15.5388,0.826462
1085,0.9006,7.8497,4.4969,2.3257,15.5729,0.799643
1086,0.9383,7.8391,4.4446,2.3244,15.5464,0.761728
1087,0.9582,7.8192,4.4069,2.332,15.5163,0.61895
1088,0.9319,7.7817,4.5135,2.3484,15.5755,0.616722
1089,0.9073,7.8282,4.4254,2.3142,15.4751,0.51867
1090,0.9456,7.8341,4.4354,2.3044,15.5195,0.512908
1091,0.98,7.8289,4.4291,2.2967,15.5347,0.490878
1092,0.941,7.7743,4.5287,2.3008,15.5448,0.174572
1093,0.9029,8.2188,4.4511,2.2993,15.872,0.452853
1094,0.939,7.8715,4.4258,2.345,15.5813,0.171023
1095,0.9508,7.8235,4.4025,2.3211,15.4978,0.53395
1096,0.9232,7.8003,4.503,2.3254,15.552,0.23871
1097,0.9236,7.8415,4.4351,2.321,15.5213,0.256212
1098,0.9334,7.784,4.4291,2.3475,15.4941,0.23051
1099,0.9568,7.8835,4.4052,2.3345,15.58,0.181958
1100,0.9207,7.7902,4.5302,2.2866,15.5277,0.096959
1101,0.9439,7.8969,4.4331,2.3057,15.5796,0.181462
1102,0.9727,7.8484,4.4419,2.2998,15.5628,0.228792
1103,0.981,7.8455,4.4137,2.2894,15.5296,0.256299
1104,0.9283,7.8701,4.4351,2.3301,15.5636,0.230317
1105,0.9107,7.8632,4.407,2.3192,15.5,0.165906
1106,0.9459,7.8839,4.4358,2.3271,15.5927,0.164183
1107,0.9507,7.9046,4.4214,2.3247,15.6015,0.104804
1108,0.9468,7.8138,4.41,2.3619,15.5324,0.163428
1109,0.9081,7.8851,4.4109,2.3358,15.5399,0.163915
1110,0.9438,7.8332,4.4119,2.3128,15.5017,0.144636
1111,0.9693,7.8999,4.4044,2.2969,15.5705,0.203349
1112,0.9674,7.8259,4.5043,2.3061,15.6037,0.187179
1113,0.9463,7.8595,4.4529,2.2841,15.5428,0.138024
1114,0.9387,7.8779,4.4494,2.2968,15.5628,0.150233
1115,0.9525,7.8348,4.3989,2.3291,15.5152,0.143435
1116,0.9222,7.7603,4.4045,2.3267,15.4137,0.134378
1117,0.923,7.8491,4.4342,2.341,15.5473,0.455921
1118,0.9422,7.7925,4.4175,2.3519,15.5041,0.18607
1119,0.9585,8.1721,4.4254,2.3385,15.8944,0.171702
1120,0.9353,7.7294,4.5473,2.3383,15.5502,0.411671
1121,0.9101,7.8825,4.4318,2.3104,15.5348,0.341872
1122,0.968,7.8053,4.4508,2.3175,15.5416,0.303634
1123,0.9757,7.8964,4.4395,2.3176,15.6293,0.091291
1124,0.9521,7.8321,4.4281,2.3015,15.5138,0.232316
1125,0.9063,7.9437,4.427,2.3287,15.6058,0.2151
1126,0.9464,7.9321,4.3988,2.3246,15.6019,0.262019
1127,0.9582,7.824,4.4071,2.3416,15.5309,0.278811
1128,0.9514,7.7691,4.4263,2.3269,15.4737,0.247598
1129,0.8985,7.9619,4.4222,2.329,15.6116,0.221092
1130,0.938,7.9161,4.4869,2.3506,15.6917,0.270077
1131,0.9448,7.8175,4.449,2.2943,15.5056,0.298231
1132,0.9573,7.8605,4.4481,2.2933,15.5592,0.301451
1133,0.9264,7.8952,4.5313,2.298,15.6509,0.295081
1134,0.9774,7.8074,4.4188,2.3065,15.51,0.260572
1135,0.9472,7.8853,4.4107,2.3065,15.5497,0.257334
1136,0.9607,7.8515,4.3926,2.3316,15.5364,0.316108
1137,0.9103,7.8806,4.4417,2.32,15.5526,0.251947
1138,0.9263,7.7782,4.4362,2.334,15.4746,0.227395
1139,0.9472,7.8496,4.4287,2.3293,15.5548,0.281636
1140,0.9325,7.7926,4.4188,2.3426,15.4865,0.218442
1141,0.9032,7.868,4.448,2.3052,15.5244,0.127891
1142,0.9622,7.8771,4.4319,2.3092,15.5803,0.157323
1143,0.9889,7.8562,4.457,2.2687,15.5709,0.143143
1144,1.0216,7.6749,4.407,2.3124,15.4158,0.18664
1145,0.9193,7.8958,4.424,2.3229,15.562,0.187857
1146,0.9293,8.1017,4.4416,2.3339,15.8066,0.209988
1147,0.9674,7.8529,4.5031,2.3358,15.6593,0.211882
1148,0.9418,7.8518,4.3933,2.3382,15.5251,0.242064
1149,0.8802,7.8147,4.4899,2.3367,15.5216,0.22512
1150,0.9482,7.7835,4.439,2.3395,15.5102,0.248135
1151,0.9334,7.7961,4.4316,2.3193,15.4805,0.243008
1152,0.9482,7.841,4.432,2.3068,15.528,0.281668
1153,0.9091,8.5063,4.4963,2.2953,16.207,0.280399
1154,0.9569,7.9674,4.4373,2.3163,15.6779,0.272916
1155,0.9601,7.7882,4.4322,2.2992,15.4797,0.31551
1156,0.9741,7.8237,4.4161,2.2952,15.5091,0.309145
1157,0.893,7.9335,4.4421,2.3118,15.5803,0.260008
1158,0.9545,7.8632,4.3954,2.3301,15.5432,0.368107
1159,0.9321,7.8062,4.5655,2.451,15.7547,0.341051
1160,0.9966,7.9704,4.4771,2.3402,15.7844,0.344124
1161,0.9106,7.9928,4.4531,2.3625,15.7189,0.282674
1162,0.9463,7.8012,4.4569,2.3399,15.5443,0.453193
1163,0.9246,7.797,4.4234,2.3408,15.4858,0.470181
1164,0.9604,7.8343,4.4311,2.3322,15.558,0.482849
1165,0.8915,7.7505,4.4522,2.3088,15.4029,0.448594
1166,0.9818,7.8327,4.3701,2.297,15.4815,0.592018
1167,0.9575,7.8197,4.3704,2.3025,15.4501,0.602759
1168,0.9378,7.8012,4.4438,2.333,15.5157,0.621267
1169,0.8808,7.8558,4.5139,2.3319,15.5824,0.596943
1170,0.9476,7.8383,4.4119,2.3303,15.5281,0.591363
1171,0.9297,7.7239,4.377,2.3383,15.3688,0.544855
1172,0.9394,8.1133,4.3967,2.339,15.7883,0.478192
1173,0.895,7.8566,4.3817,2.3356,15.4688,0.345229
1174,0.9428,7.7873,4.4492,2.3184,15.4978,0.383489
1175,0.9799,7.8666,4.4022,2.3088,15.5576,0.374377
1176,0.991,7.819,4.4049,2.299,15.5139,0.374632
1177,0.9152,7.9717,4.5628,2.3049,15.7546,0.396333
1178,0.9179,7.8137,4.4582,2.2961,15.4858,0.42581
1179,0.9489,7.8091,4.3543,2.3336,15.4459,0.404714
1180,0.9555,7.8222,4.376,2.3323,15.486,0.415435
1181,0.9075,7.8184,4.4629,2.3323,15.521,0.500273
1182,0.9263,7.8264,4.5333,2.3494,15.6354,0.457488
1183,0.9657,7.7639,4.424,2.3448,15.4984,0.474435
1184,0.9592,7.8193,4.4497,2.2956,15.5238,0.468994
1185,0.9197,8.2821,4.4091,2.3037,15.9147,0.423221
1186,0.9495,7.7915,4.4219,2.3136,15.4765,0.425339
1187,0.9795,7.8005,4.4245,2.2913,15.4957,0.47552
1188,0.9463,7.7975,4.4033,2.3207,15.4678,0.457008
1189,0.8798,7.8333,4.422,2.3255,15.4606,0.524745
1190,0.9439,7.867,4.4574,2.347,15.6154,0.468238
1191,0.9465,7.8877,4.4282,2.3292,15.5916,0.429261
1192,0.9614,7.7721,4.4611,2.3421,15.5367,0.428234
1193,0.8907,7.8924,4.4546,2.3281,15.5658,0.436197
1194,0.9516,7.8579,4.4013,2.3306,15.5415,0.510613
1195,0.9495,7.862,4.4925,2.3158,15.6198,0.687719
1196,0.9786,7.9094,4.4167,2.3058,15.6105,0.914097
1197,0.9045,7.8442,4.4739,2.3078,15.5303,0.999989
1198,0.9474,7.84,4.3518,2.2997,15.4389,0.999996
1199,0.9256,8.2719,4.3311,2.3128,15.8415,0.999991
1200,0.955,7.8324,4.3331,2.3326,15.4531,0.999994
1201,0.932,7.9247,4.4547,2.3253,15.6366,0.999997
1202,0.9404,7.8452,4.4127,2.3264,15.5247,0.999995
1203,0.9584,7.8235,4.4119,2.3454,15.5393,0.999873
1204,0.9526,7.7738,4.4056,2.3326,15.4646,0.999457
1205,0.8979,7.9267,4.447,2.3128,15.5843,0.998621
1206,0.9849,7.8562,4.4279,2.3149,15.5838,0.988711
1207,0.9825,7.8189,4.505,2.3123,15.6186,0.954025
1208,0.9899,7.8593,4.4135,2.308,15.5707,0.954937
1209,0.8917,7.8932,4.4552,2.3065,15.5467,0.917086
1210,0.9527,7.8552,4.3791,2.3307,15.5177,0.807556
1211,0.956,7.783,4.3595,2.3239,15.4223,0.970019
1212,0.96,7.75,4.4422,2.3507,15.5029,0.947605
1213,0.9084,7.9922,4.4518,2.3202,15.6726,0.908931
1214,0.9426,7.7839,4.4222,2.3441,15.4929,0.91291
1215,0.9495,7.8482,4.4014,2.3117,15.5108,0.856164
1216,0.9762,7.8262,4.4146,2.3208,15.5378,0.840653
1217,0.934,7.8965,4.3871,2.3073,15.525,0.880424
1218,0.9407,7.8738,4.4135,2.3142,15.5422,0.840643
1219,0.9584,7.8694,4.3917,2.339,15.5586,0.840191
1220,0.9627,7.751,4.41,2.3473,15.4709,0.888485
1221,0.9287,7.8486,4.441,2.3351,15.5534,0.880133
1222,0.9455,7.8383,4.4325,2.3472,15.5635,0.890096
1223,0.9387,7.8411,4.4117,2.3544,15.5458,0.806812
1224,0.9505,7.7356,4.4335,2.3229,15.4425,0.757894
1225,0.9049,8.256,4.4424,2.309,15.9124,0.743915
1226,0.9445,7.7959,4.4789,2.3031,15.5224,0.828122
1227,0.9562,7.8642,4.4171,2.3095,15.547,0.824418
1228,0.9613,7.7782,4.4316,2.2872,15.4583,0.740097
1229,0.912,7.8994,4.4082,2.3254,15.5449,0.854232
1230,0.9269,7.747,4.4482,2.3278,15.4498,0.777626
1231,0.9342,7.7834,4.3704,2.3331,15.4211,0.753018
1232,0.9234,7.8518,4.4321,2.3292,15.5365,0.653431
1233,0.8943,7.8591,4.4085,2.3568,15.5187,0.716104
1234,0.9224,7.9067,4.471,2.3275,15.6275,0.521501
1235,0.9192,7.8165,4.4041,2.3071,15.4468,0.554447
1236,0.9607,7.7848,4.4611,2.3027,15.5093,0.450032
1237,0.9332,7.8951,4.4232,2.3078,15.5592,0.395888
1238,0.9202,7.8667,4.4076,2.3061,15.5006,0.391056
1239,0.9363,7.8478,4.3918,2.3238,15.4997,0.436817
1240,0.9451,7.7959,4.3935,2.3249,15.4594,0.449316
1241,0.9193,7.768,4.4049,2.3377,15.4299,0.500911
1242,0.9188,7.7895,4.4162,2.3496,15.4741,0.445624
1243,0.9192,7.8874,4.4666,2.3232,15.5964,0.37713
1244,0.9272,7.7217,4.4919,2.2986,15.4393,0.345756
1245,0.977,7.8452,4.3904,2.3009,15.5135,0.426244
1246,0.932,7.737,4.4756,2.3165,15.461,0.504182
1247,0.8899,7.7715,4.4099,2.325,15.3963,0.596396
1248,0.9201,7.8739,4.4008,2.321,15.5158,0.392498
1249,0.968,7.8379,4.3591,2.334,15.499,0.425148
1250,0.9325,7.8132,4.358,2.3412,15.4449,0.316647
1251,0.8802,8.1572,4.4162,2.3276,15.7812,0.263284
1252,0.9243,7.7978,4.4005,2.3338,15.4564,0.262563
1253,0.9523,7.8573,4.3907,2.308,15.5083,0.278972
1254,0.9568,7.7739,4.4196,2.3143,15.4645,0.261272
1255,0.9157,7.8453,4.4952,2.3036,15.5598,0.2237
1256,0.9179,7.841,4.4125,2.3177,15.4891,0.228542
1257,0.9511,7.9437,4.3906,2.3333,15.6187,0.260219
1258,0.9451,7.8307,4.4011,2.3682,15.5451,0.165521
1259,0.9092,7.9408,4.4831,2.3329,15.666,0.136995
1260,0.9332,7.838,4.4145,2.3229,15.5085,0.15842
1261,0.9558,7.8822,4.4495,2.3441,15.6317,0.14492
1262,0.9159,7.7742,4.4919,2.378,15.5601,0.126439
1263,0.8931,7.785,4.561,2.3233,15.5625,0.130864
1264,0.954,7.7637,4.4903,2.3104,15.5184,0.16695
1265,0.9981,7.7997,4.4373,2.3065,15.5417,0.191772
1266,0.9239,7.7767,4.4567,2.3106,15.4678,0.191194
1267,0.8911,7.8926,4.4303,2.3254,15.5395,0.554933
1268,0.928,7.8014,4.3765,2.3103,15.4163,0.590698
1269,0.9491,7.7535,4.4278,2.3303,15.4607,0.477917
1270,0.9296,7.7315,4.4598,2.3467,15.4677,0.43336
1271,0.8898,7.8431,4.4509,2.3035,15.4874,0.351124
1272,0.9383,7.8276,4.3536,2.3177,15.4372,0.336094
1273,0.9937,7.8565,4.3795,2.3024,15.5321,0.413637
1274,0.9593,7.7564,4.4743,2.3088,15.4989,0.416988
1275,0.8942,7.8877,4.5668,2.3087,15.6573,0.305005
1276,0.9332,7.7561,4.4209,2.3266,15.4369,0.323316
1277,0.9629,7.8017,4.4515,2.3305,15.5466,0.273458
1278,0.9288,7.9718,4.5501,2.3228,15.7735,0.283898
1279,0.8901,7.7894,4.4506,2.3468,15.4769,0.453076
1280,0.9403,7.7887,4.4435,2.3512,15.5237,0.458303
1281,0.9463,7.873,4.4332,2.3508,15.6033,0.388983
1282,0.9272,7.863,4.4611,2.2968,15.5481,0.348889
1283,0.9582,8.0156,4.435,2.294,15.7028,0.352588
1284,0.9691,7.8535,4.4003,2.306,15.5288,0.257092
1285,0.9419,7.8645,4.4797,2.3019,15.5881,0.437492
1286,0.9448,7.8274,4.3986,2.3174,15.4882,0.405871
1287,0.9022,9.3484,4.4473,2.3041,17.0019,0.870006
1288,0.964,8.6348,4.4461,2.2943,16.3391,0.817569
1289,0.9319,7.8334,4.4392,2.3028,15.5074,0.998148
1290,0.9731,7.8033,4.3289,2.297,15.4023,0.999998
1291,0.9199,7.857,4.4352,2.2978,15.5099,0.999997
1292,0.9365,7.9114,4.3334,2.3316,15.5128,0.999999
1293,0.944,7.8675,4.3655,2.3298,15.5068,0.999999
1294,0.9519,7.7509,4.3807,2.3422,15.4256,0.999975
1295,0.908,7.8509,4.4646,2.3273,15.5507,0.999839
1296,0.9727,7.7842,4.4299,2.3396,15.5264,0.999619
1297,0.9523,7.9546,4.3695,2.3086,15.585,0.994511
1298,0.9835,7.7789,4.4213,2.3109,15.4946,0.941269
1299,0.9509,7.8886,4.4568,2.309,15.6053,0.771269
1300,0.9586,7.8783,4.4041,2.3212,15.5623,0.51297
1301,0.947,7.8398,4.4808,2.3419,15.6094,0.488165
1302,0.9564,7.819,4.4202,2.3186,15.5141,0.490841
1303,0.9223,7.8921,4.3906,2.3343,15.5394,0.487196
1304,0.9542,8.1981,4.4077,2.3379,15.898,0.428879
1305,0.9547,7.832,4.4645,2.3445,15.5956,0.477785
1306,0.962,7.7713,4.4801,2.3438,15.5572,0.431344
1307,0.9025,7.8648,4.4847,2.3656,15.6177,0.408937
1308,0.9597,7.8067,4.3468,2.3045,15.4177,0.43778
1309,0.9652,7.834,4.4225,2.3128,15.5345,0.478126
1310,0.9744,7.9144,4.3633,2.2977,15.5498,0.52121
1311,0.9105,7.8702,4.4097,2.3143,15.5047,0.614918
1312,0.96,7.8567,4.3936,2.327,15.5374,0.519753
1313,0.9589,7.8217,4.4173,2.3467,15.5446,0.466597
1314,0.9558,7.8037,4.3795,2.3254,15.4643,0.48274
1315,0.8868,7.7524,4.4234,2.3359,15.3985,0.631144
1316,0.9471,7.9616,4.4045,2.3491,15.6623,0.475746
1317,0.9264,7.7839,4.387,2.3051,15.4023,0.366133
1318,0.9785,7.7162,4.3798,2.3125,15.3871,0.346273
1319,0.9165,7.8728,4.4084,2.3098,15.5076,0.309756
1320,0.9544,7.8122,4.4307,2.3058,15.5032,0.279031
1321,0.9457,7.863,4.4165,2.3259,15.551,0.298026
1322,0.9507,7.7625,4.3736,2.3231,15.4099,0.287491
1323,0.8881,7.8906,4.51,2.3333,15.622,0.285
1324,0.968,7.8257,4.3867,2.3369,15.5173,0.132198
1325,0.9351,7.8917,4.3958,2.3379,15.5604,0.120257
1326,0.9521,7.8677,4.451,2.2991,15.57,0.126554
1327,0.8923,7.8741,4.5133,2.3089,15.5887,0.074476
1328,0.9908,7.8825,4.3925,2.3039,15.5698,0.118707
1329,0.9561,7.6998,4.4883,2.312,15.4562,0.101461
1330,0.9507,7.839,4.4139,2.3027,15.5063,0.074677
1331,0.877,8.1419,4.47,2.3317,15.8207,0.085371
1332,0.9619,7.8298,4.3818,2.3288,15.5024,0.108476
1333,0.9563,7.8476,4.3788,2.3295,15.5121,0.11602
1334,0.9518,7.8628,4.4188,2.3413,15.5747,0.12841
1335,0.9015,7.7918,4.5307,2.3151,15.5391,0.1507
1336,0.9698,7.8294,4.4239,2.3278,15.5509,0.173485
1337,0.9525,7.7957,4.464,2.3285,15.5408,0.20134
1338,0.9865,7.7788,4.4256,2.3184,15.5093,0.180544
1339,0.9254,7.8207,4.4069,2.2973,15.4503,0.150005
1340,0.9579,7.8861,4.4896,2.2918,15.6254,0.158798
1341,0.9508,7.8504,4.3598,2.3365,15.4975,0.118829
1342,0.96,7.8402,4.425,2.3423,15.5675,0.110736
1343,0.9027,7.7855,4.4357,2.3406,15.4644,0.08295
1344,0.9522,7.88,4.4168,2.3432,15.5922,0.091114
1345,0.948,7.934,4.3967,2.346,15.6247,0.104935
1346,0.9592,7.8772,4.4156,2.3416,15.5936,0.072435
1347,0.8875,8.5163,4.4705,2.3542,16.2285,0.091253
1348,0.9494,7.8741,4.4834,2.3452,15.6521,0.114763
1349,0.9562,7.7883,4.385,2.3079,15.4374,0.147417
1350,0.9799,7.7854,4.4305,2.3062,15.502,0.07736
1351,0.9716,7.7894,4.4522,2.3112,15.5244,0.062153
1352,0.9441,7.8707,4.5234,2.3103,15.6484,0.074872
1353,0.949,7.8498,4.408,2.331,15.5377,0.098371
1354,0.9562,7.8653,4.3863,2.3257,15.5336,0.197197
1355,0.9017,7.7446,4.4789,2.335,15.4601,0.097452
1356,0.947,7.7012,4.3972,2.3577,15.4031,0.087638
1357,0.9295,8.2229,4.3704,2.3372,15.86,0.072882
1358,0.9263,7.6661,4.3932,2.3179,15.3035,0.086605
1359,0.9341,7.8576,4.4936,2.3177,15.603,0.066522
1360,0.9674,7.8162,4.4888,2.3035,15.5758,0.155396
1361,1.0025,7.7585,4.4532,2.2908,15.505,0.099725
1362,0.9507,7.8604,4.4297,2.304,15.5448,0.134777
1363,0.8815,7.8696,4.4992,2.3333,15.5837,0.116482
1364,0.9451,7.7831,4.4708,2.3469,15.546,0.108977
1365,0.9579,7.8128,4.3935,2.3343,15.4985,0.108538
1366,0.9514,7.8539,4.3823,2.3482,15.5358,0.101243
1367,0.8989,7.8661,4.4697,2.3531,15.5877,0.088659
1368,0.9276,7.8544,4.4804,2.3443,15.6066,0.063309
1369,0.9596,7.864,4.4092,2.2868,15.5197,0.063189
1370,0.9883,7.8037,4.4136,2.2993,15.5049,0.072315
1371,0.9197,7.8427,4.4681,2.3061,15.5367,0.0787
1372,0.9357,7.8337,6.4635,2.3587,17.5917,0.142873
1373,0.9571,7.8032,4.4226,2.3104,15.4933,0.089768
1374,0.95,7.7827,4.4082,2.3077,15.4486,0.125511
1375,0.9342,7.837,4.4905,2.2979,15.5596,0.150216
1376,0.9861,7.7788,4.8682,2.3109,15.9439,0.098233
1377,0.9943,7.7875,4.4186,2.2996,15.5001,0.081454
1378,0.9514,7.8291,4.3701,2.3336,15.4842,0.080628
1379,0.897,7.8335,4.4136,2.3365,15.4806,0.054465
1380,0.9332,7.8987,4.3852,2.3272,15.5442,0.061567
1381,0.965,7.6616,4.3725,2.3424,15.3416,0.062111
1382,0.9559,7.8949,4.3692,2.3376,15.5576,0.062285
1383,0.8938,7.7214,4.4244,2.3103,15.3499,0.06632
1384,0.9821,8.1286,4.4104,2.3234,15.8445,0.115886
1385,0.9487,7.8615,4.4674,2.2983,15.5758,0.383956
1386,0.9661,7.7638,4.3978,2.2948,15.4225,0.418665
1387,0.9077,7.9334,4.4155,2.3039,15.5606,0.420554
1388,0.9708,7.8704,4.435,2.3394,15.6156,0.411058
1389,0.9219,7.8148,4.4777,2.3465,15.5609,0.326903
1390,0.9307,7.7995,4.428,2.3263,15.4846,0.109803
1391,0.9085,7.8546,4.438,2.368,15.5691,0.105335
1392,0.9553,7.8345,4.4651,2.3373,15.5922,0.387204
1393,0.9338,7.8203,4.3854,2.3111,15.4506,0.391236
1394,0.9233,7.7575,4.369,2.3067,15.3565,0.324165
1395,0.9427,7.8636,4.4781,2.3066,15.591,0.191664
1396,1.0054,7.8164,4.414,2.2993,15.535,0.229254
1397,0.9481,7.8314,4.3951,2.3352,15.5098,0.27138
1398,0.9519,7.8396,4.3953,2.3218,15.5087,0.228625
1399,0.8807,7.9222,4.4588,2.3036,15.5652,0.2947
1400,0.9539,7.8745,4.4099,2.3413,15.5795,0.249967
1401,0.9287,7.7628,4.4292,2.3502,15.4709,0.198273
1402,0.9472,7.722,4.4016,2.3285,15.3993,0.23108
1403,0.9057,7.792,4.4439,2.3828,15.5245,0.165209
1404,1.0266,7.906,4.4578,2.2964,15.6869,0.106782
1405,0.9641,7.7752,4.4437,2.3044,15.4875,0.160126
1406,0.9227,7.9431,4.3858,2.3071,15.5588,0.160147
1407,0.9106,7.9247,4.4047,2.3221,15.5621,0.123688
1408,0.9614,7.7389,4.3782,2.3333,15.4118,0.213315
1409,0.9201,7.8371,4.3555,2.3418,15.4546,0.205958
1410,0.9254,8.0757,4.4027,2.3506,15.7544,0.126375
1411,0.9255,7.7725,4.4084,2.3343,15.4406,0.087564
1412,0.9634,7.8755,4.3924,2.3079,15.5393,0.069165
1413,0.9223,7.8401,4.413,2.3015,15.477,0.072712
1414,0.9461,7.771,4.4796,2.311,15.5078,0.062973
1415,0.9395,7.7759,4.4304,2.3015,15.4472,0.048798
1416,0.9591,7.8964,4.5239,2.4359,15.8152,0.072089
1417,1.0148,7.9516,4.3999,2.3117,15.678,0.055061
1418,0.9292,7.9314,4.4089,2.3272,15.5967,0.057477
1419,0.9198,7.8869,4.418,2.3348,15.5594,0.095333
1420,0.9419,7.8435,4.4162,2.347,15.5486,0.187289
1421,0.9403,7.8525,4.4038,2.3439,15.5405,0.090085
1422,0.919,7.7768,4.5491,2.3462,15.5911,0.123085
1423,0.9103,7.9072,4.3962,2.3,15.5138,0.112307
1424,0.9913,7.8476,4.4567,2.295,15.5907,0.151704
1425,0.9584,7.8536,4.4549,2.3088,15.5757,0.148177
1426,0.9587,7.7867,4.3887,2.2905,15.4245,0.215957
1427,0.9018,7.9383,4.4492,2.3239,15.6131,0.233367
1428,0.9502,7.8357,4.3904,2.3281,15.5044,0.21347
1429,0.9283,7.8543,4.4711,2.3411,15.5948,0.121073
1430,0.9332,7.7458,4.4045,2.3409,15.4243,0.235209
1431,0.9133,7.8577,4.4499,2.3349,15.5558,0.183265
1432,0.9596,7.7772,4.4063,2.3411,15.4842,0.154854
1433,0.9389,7.726,4.3734,2.3148,15.3531,0.178325
1434,0.9543,7.856,4.3826,2.3074,15.5003,0.191927
1435,0.9481,7.6982,4.4868,2.3027,15.4357,0.182236
1436,0.9778,7.7799,4.4249,2.3022,15.4848,0.149025
1437,0.9511,8.1877,4.4216,2.32,15.8805,0.132181
1438,0.9596,7.772,4.4201,2.332,15.4836,0.134793
1439,0.9139,7.8824,4.4329,2.3261,15.5553,0.13974
1440,0.9764,7.8081,4.4413,2.336,15.5617,0.115157
1441,0.9305,7.8012,4.43,2.3395,15.5011,0.125489
1442,0.9236,7.7175,4.3886,2.3099,15.3396,0.129272
1443,0.9439,7.7759,4.4573,2.2931,15.4702,0.068496
1444,0.9921,7.8758,4.3539,2.2976,15.5194,0.078583
1445,0.9352,7.8125,4.4367,2.301,15.4854,0.055391
1446,0.9228,7.8049,4.3926,2.3178,15.4381,0.086959
1447,0.9057,7.8651,4.4247,2.315,15.5105,0.066208
1448,0.9687,7.7935,4.4016,2.3269,15.4908,0.118812
1449,0.9413,7.8214,4.4306,2.3396,15.5329,0.137553
1450,0.9253,7.8285,4.387,2.3461,15.487,0.137984
1451,0.9151,7.8442,4.4869,2.3219,15.5681,0.124754
1452,0.9845,7.8147,4.372,2.2973,15.4684,0.117198
1453,0.9835,7.8628,4.4061,2.3091,15.5614,0.063339
1454,0.9597,7.7698,4.3942,2.3015,15.4252,0.090968
1455,0.8883,7.862,4.4741,2.3167,15.5411,0.083249
1456,0.9419,7.898,4.4599,2.321,15.6208,0.120211
1457,0.9538,7.8535,4.4151,2.3127,15.5351,0.106689
1458,0.9573,7.7744,4.4182,2.3601,15.5101,0.160589
1459,0.9135,7.9318,4.411,2.3371,15.5934,0.164235
1460,0.9505,7.7195,4.3247,2.2965,15.2912,0.999961
1461,0.9705,7.8914,4.3503,2.3144,15.5266,0.999995
1462,0.9542,7.8315,4.3622,2.3065,15.4545,0.999996
1463,0.9163,8.3311,4.4441,2.3794,16.0708,0.999998
1464,1.0838,7.8768,4.3812,2.3306,15.6723,0.999983
1465,0.9268,7.7254,4.376,2.3308,15.359,0.999915
1466,0.9188,7.888,4.3892,2.3291,15.525,0.999149
1467,0.9058,7.8163,4.4425,2.3353,15.4998,0.998609
1468,0.9646,7.8528,4.4413,2.3407,15.5994,0.991895
1469,0.92,7.6912,4.3566,2.3439,15.3117,0.953413
1470,0.9272,7.8568,4.388,2.3102,15.4823,0.934552
1471,0.9287,8.1836,4.4191,2.3197,15.8512,0.921621
1472,1.0125,7.7886,4.4349,2.3115,15.5476,0.886866
1473,0.9583,7.7332,4.4047,2.3024,15.3986,0.81811
1474,0.9365,7.7732,4.4587,2.3162,15.4846,0.822198
1475,0.9086,7.7594,4.367,2.3486,15.3836,0.857812
1476,0.9677,7.8482,4.3845,2.3284,15.5288,0.847288
1477,0.937,7.7342,4.4512,2.3384,15.4608,0.802451
1478,0.9364,7.8405,4.4271,2.3555,15.5595,0.818189
1479,0.9129,7.762,4.458,2.3527,15.4855,0.775192
1480,0.957,7.8452,4.3921,2.309,15.5033,0.757201
1481,0.9685,7.7296,4.4388,2.3084,15.4453,0.688956
1482,0.9654,7.7996,4.4153,2.3206,15.5008,0.7453
1483,0.9294,8.2727,4.4839,2.306,15.9921,0.704967
1484,0.9643,7.9859,4.4041,2.3132,15.6674,0.705213
1485,0.9338,7.7358,4.4016,2.3304,15.4016,0.668432
1486,0.9412,7.7771,4.4082,2.3422,15.4686,0.682358
1487,0.9102,7.7526,4.4694,2.3497,15.4819,0.66639
1488,0.9674,7.856,4.3643,2.3518,15.5395,0.666707
1489,0.9359,8.1427,4.3834,2.3476,15.8096,0.440445
1490,0.9211,7.7927,4.3984,2.3141,15.4264,0.599846
1491,0.939,7.9038,4.4257,2.3175,15.5858,0.430497
1492,0.9843,7.932,4.4214,2.3091,15.6468,0.469658
1493,0.9551,7.8133,4.4604,2.3146,15.5434,0.402995
1494,0.9301,7.7877,4.352,2.3283,15.398,0.314731
1495,0.9659,7.8031,4.3592,2.3224,15.4506,0.318225
1496,0.9298,7.7027,4.4558,2.3229,15.4111,0.410655
1497,0.8662,7.7985,4.4144,2.3368,15.4158,0.349752
1498,0.9085,7.7982,4.4807,2.3571,15.5446,0.347498
1499,0.9502,7.8074,4.443,2.3101,15.5107,0.365648
1500,0.9447,7.6807,4.3997,2.309,15.3342,0.345367
1501,0.9527,7.7854,4.4485,2.3005,15.4871,0.114797
1502,0.9429,7.8,4.5006,2.3113,15.5549,0.189811
1503,0.958,7.8122,4.4143,2.3319,15.5163,0.158578
1504,0.942,7.7797,4.3922,2.3575,15.4713,0.209443
1505,0.8977,7.801,4.4542,2.3445,15.4974,0.184476
1506,0.9261,7.7426,4.4777,2.3523,15.4986,0.244272
1507,0.9674,7.8652,4.3587,2.3495,15.5408,0.389664
1508,0.9557,7.6729,4.428,2.3088,15.3654,0.391521
1509,0.9376,7.9353,4.4486,2.297,15.6186,0.380331
1510,0.9756,7.7611,4.4015,2.3015,15.4398,0.402846
1511,0.9529,7.6952,4.5282,2.2957,15.472,0.317744
1512,0.9249,7.782,4.3826,2.3239,15.4133,0.28294
1513,0.9117,7.8295,4.3899,2.3635,15.4945,0.270289
1514,0.9482,7.7318,4.3627,2.3483,15.3909,0.256564
1515,0.9562,7.9047,4.3618,2.3426,15.5653,0.244059
1516,0.9325,8.1097,4.4854,2.3612,15.8888,0.267541
1517,0.918,7.7635,4.415,2.3141,15.4107,0.22264
1518,0.9875,7.8313,4.4369,2.3297,15.5855,0.232744
1519,0.983,7.8068,4.439,2.3031,15.5319,0.260413
1520,0.9627,7.6874,4.4602,2.3065,15.4166,0.273998
1521,0.903,7.8614,4.3819,2.3391,15.4856,0.185154
1522,0.9479,7.802,4.3964,2.3387,15.485,0.139358
1523,0.95,7.7989,4.367,2.3312,15.4471,0.218138
1524,0.9367,7.6802,4.4151,2.3511,15.3832,0.146198
1525,0.9197,7.8624,4.3805,2.3461,15.5087,0.089773
1526,0.9324,7.739,4.4243,2.3075,15.4032,0.09372
1527,0.9755,7.7876,4.4726,2.3081,15.5438,0.139695
1528,0.9907,7.8044,4.4205,2.3157,15.5313,0.101407
1529,0.8934,7.7887,4.3989,2.3152,15.3963,0.084949
1530,0.9224,7.7328,4.4028,2.3068,15.3647,0.124924
1531,0.9589,7.8197,4.3677,2.343,15.4893,0.141302
1532,0.941,7.6607,4.3929,2.3507,15.3452,0.14142
1533,0.9123,7.828,4.3834,2.3415,15.4651,0.143712
1534,0.9566,7.7995,4.3789,2.3075,15.4426,0.151817
1535,0.9962,7.7147,4.4864,2.3035,15.5008,0.225162
1536,0.9837,7.6818,4.4618,2.3249,15.4522,0.194126
1537,0.8877,7.7644,4.4456,2.3688,15.4665,0.133685
1538,0.9328,7.7567,4.4208,2.3358,15.4461,0.211467
1539,0.9536,7.883,4.3921,2.3245,15.5532,0.195667
1540,0.9507,7.6922,4.3725,2.3585,15.3739,0.187597
1541,0.8894,7.7361,4.397,2.3513,15.3737,0.121818
1542,0.9246,8.0596,4.4047,2.3137,15.7026,0.165784
1543,0.9545,7.8135,4.4796,2.3072,15.5548,0.182069
1544,0.9727,7.6185,4.3745,2.309,15.2746,0.144312
1545,0.9079,7.7936,4.5323,2.4288,15.6627,0.245953
1546,1.0276,7.7394,4.4194,2.3402,15.5265,0.154891
1547,0.928,7.8045,4.3711,2.3063,15.4099,0.062309
1548,0.9561,7.8439,4.3887,2.338,15.5266,0.061142
1549,0.9192,7.7922,4.4325,2.341,15.4848,0.039136
1550,0.955,7.824,4.4301,2.3555,15.5646,0.052878
1551,0.9504,7.7731,4.4492,2.3165,15.4892,0.057554
1552,0.9166,7.6868,4.406,2.3244,15.3339,0.052179
1553,0.9555,7.9032,4.449,2.2923,15.6,0.036189
1554,0.9793,7.7902,4.4456,2.3031,15.5181,0.051181
1555,0.9556,7.8046,4.4205,2.3244,15.5051,0.044369
1556,0.9235,7.6894,4.4129,2.3317,15.3575,0.064991
1557,0.9069,7.8097,4.4367,2.3438,15.4971,0.070294
1558,0.9615,7.8026,4.3708,2.341,15.4759,0.068531
1559,0.9524,7.8009,4.4045,2.3425,15.5004,0.0805
1560,0.9452,7.6943,4.3972,2.3088,15.3455,0.075451
1561,0.9224,7.846,4.4121,2.3044,15.4849,0.083623
1562,0.9463,7.7467,4.4099,2.3104,15.4133,0.078217
1563,0.9609,7.7666,4.4313,2.3292,15.4881,0.081635
1564,0.9285,7.732,4.4131,2.3375,15.4111,0.051102
1565,0.91,7.7649,4.4454,2.3248,15.4452,0.056627
1566,0.9513,7.669,4.4322,2.353,15.4054,0.095508
1567,0.9543,7.7445,4.531,2.3167,15.5466,0.090118
1568,0.92,7.679,4.4179,2.306,15.3228,0.098373
1569,0.9434,9.0755,4.4258,2.339,16.7837,0.087054
1570,0.9186,8.6357,4.464,2.3334,16.3516,0.085694
1571,0.9385,7.8398,4.5062,2.3227,15.6072,0.077679
1572,0.9152,7.6884,4.5323,2.3107,15.4466,0.371327
1573,0.9037,7.9239,4.386,2.3002,15.5138,0.392075
1574,0.9639,7.7609,4.4436,2.2964,15.4649,0.352121
1575,0.9752,7.8056,4.4458,2.3109,15.5375,0.29338
1576,0.9372,7.7502,4.4416,2.3233,15.4524,0.314733
1577,0.8819,7.7274,4.4287,2.3288,15.3668,0.190264
1578,0.9385,7.8465,4.4194,2.3455,15.5498,0.180891
1579,0.958,7.8114,4.4167,2.3335,15.5197,0.183612
1580,0.9477,7.6909,4.4499,2.3397,15.4283,0.12469
1581,0.8961,7.7901,4.5034,2.3019,15.4916,0.159611
1582,0.9693,7.7759,4.5107,2.327,15.5829,0.117319
1583,1.0297,7.8011,4.5252,2.3053,15.6613,0.131687
1584,0.9818,7.7774,4.5303,2.3074,15.597,0.168831
1585,0.9313,7.8417,4.5309,2.3092,15.6131,0.102685
1586,0.9535,7.7202,4.4243,2.3368,15.4348,0.119323
1587,0.9635,7.7833,4.3912,2.3174,15.4554,0.124707
1588,0.9232,7.7418,4.4207,2.3393,15.425,0.092464
1589,0.9171,7.8165,4.4456,2.3333,15.5126,0.11788
1590,0.9506,7.764,4.4154,2.3482,15.4781,0.180095
1591,0.946,7.8095,4.5048,2.3087,15.569,0.148834
1592,0.9646,7.9403,4.474,2.3104,15.6894,0.148478
1593,0.9627,7.8391,4.4444,2.29,15.5362,0.193743
1594,0.9836,7.7927,4.5259,2.3255,15.6278,0.163147
1595,0.96,8.0902,4.4397,2.3085,15.7983,0.17
1596,0.9421,7.8347,4.4436,2.3287,15.5491,0.184919
1597,0.9058,7.9418,4.4582,2.3308,15.6367,0.165853
1598,0.9392,7.735,4.4401,2.3403,15.4547,0.19321
1599,0.925,7.7766,4.4148,2.3357,15.4522,0.19701
1600,0.939,7.7978,4.4412,2.3457,15.5237,0.191241
1601,0.9044,7.8056,4.4472,2.3338,15.491,0.2183
1602,0.9383,7.8406,4.3928,2.3161,15.4878,0.26132
1603,0.9871,7.7893,4.3995,2.3091,15.485,0.990891
1604,0.9871,7.716,4.4006,2.3211,15.4248,0.999999
1605,0.888,7.7895,4.4928,2.3354,15.5057,0.999999
1606,0.9415,7.7253,4.4453,2.3467,15.4588,0.999999
1607,0.9619,7.8037,4.3918,2.3373,15.4947,0.999997
1608,0.9563,7.6975,4.4235,2.3398,15.4171,0.999847
1609,0.906,7.8656,4.4708,2.3523,15.5947,0.999817
1610,0.9285,7.8407,4.4935,2.3067,15.5693,0.99703
1611,0.9538,7.7912,4.4296,2.3037,15.4783,0.96393
1612,0.9746,7.6776,4.3744,2.302,15.3286,0.912006
1613,0.8921,7.8702,4.4169,2.2978,15.477,0.688715
1614,0.9244,7.76,4.3871,2.3434,15.4149,0.758296
1615,0.9664,7.8905,4.3521,2.3512,15.5601,0.608242
1616,0.9471,7.6847,4.391,2.3564,15.3792,0.518057
1617,0.8933,7.8049,4.4181,2.334,15.4503,0.612651
1618,0.9365,7.6953,4.3679,2.3259,15.3255,0.376647
1619,0.9988,7.7651,4.4002,2.2996,15.4637,0.208504
1620,0.9671,7.773,4.3898,2.3119,15.4418,0.24658
1621,0.8934,7.8041,4.3878,2.3225,15.4079,0.207068
1622,0.9283,8.0235,4.4062,2.3422,15.7002,0.184083
1623,0.9533,7.8788,4.4595,2.3253,15.6168,0.244742
1624,0.9521,7.7324,4.4361,2.3351,15.4557,0.438662
1625,0.8881,7.8063,4.382,2.3438,15.4202,0.13733
1626,0.923,7.7674,4.461,2.3444,15.4958,0.10998
1627,0.9667,7.7432,4.4142,2.3124,15.4366,0.121608
1628,0.9866,7.7106,4.4028,2.3053,15.4053,0.087109
1629,0.9335,7.8115,4.4465,2.3317,15.5232,0.092086
1630,0.9286,7.7467,4.4327,2.3198,15.4277,0.086899
1631,0.9535,7.7636,4.4426,2.3223,15.482,0.094655
1632,0.924,7.667,4.3964,2.3198,15.3073,0.107365
1633,0.9091,7.8571,4.438,2.3474,15.5516,0.109095
1634,0.9573,7.6805,4.4534,2.3368,15.4281,0.118969
1635,0.9534,7.8133,4.4116,2.297,15.4753,0.107616
1636,0.9602,7.7096,4.4455,2.3001,15.4155,0.139307
1637,0.9588,7.8474,4.4428,2.3059,15.5549,0.101389
1638,0.9458,7.8276,4.4533,2.3116,15.5383,0.099774
1639,0.9547,7.8182,4.4076,2.3267,15.5073,0.098417
1640,0.9134,7.6921,4.3912,2.3284,15.3251,0.133745
1641,0.9071,7.7709,4.4307,2.3376,15.4464,0.079641
1642,0.9609,7.7899,4.4375,2.3359,15.5242,0.11644
1643,0.9686,7.8125,4.4819,2.3384,15.6014,0.121606
1644,0.9295,7.7122,4.4581,2.3166,15.4164,0.141101
1645,0.9474,7.8108,4.5055,2.3138,15.5775,0.138626
1646,0.9703,7.6461,4.4105,2.3069,15.3338,0.121283
1647,0.977,7.7538,4.3984,2.3218,15.451,0.173336
1648,0.9163,7.9892,4.441,2.372,15.7184,0.165214
1649,0.9171,7.9113,4.4283,2.33,15.5867,0.110921
1650,0.932,7.7237,4.4239,2.344,15.4236,0.180509
1651,0.9572,7.7965,4.4194,2.3405,15.5136,0.196476
1652,0.938,7.6955,4.5223,2.3428,15.4986,0.236866
1653,0.9263,7.7599,4.4578,2.3084,15.4524,0.20037
1654,0.9382,7.7437,4.5303,2.2999,15.512,0.201184
1655,0.9832,7.8021,4.4973,2.313,15.5956,0.158973
1656,0.9372,7.7301,4.571,2.3023,15.5406,0.183834
1657,0.9174,7.7857,4.4215,2.3163,15.4409,0.203777
1658,0.9222,7.7472,4.3693,2.3279,15.3665,0.260464
1659,0.9242,7.7793,4.376,2.3395,15.4191,0.253085
1660,0.9269,7.7538,4.3999,2.3472,15.4278,0.207828
1661,0.9075,7.836,4.3831,2.2966,15.4232,0.217141
1662,0.9464,7.7106,4.3844,2.3112,15.3526,0.250857
1663,0.9593,7.7551,4.3683,2.3082,15.3909,0.20885
1664,0.9276,7.7823,4.4357,2.3407,15.4864,0.180645
1665,0.9145,7.7789,4.4088,2.3288,15.4309,0.142985
1666,0.9307,7.7545,4.4053,2.3385,15.429,0.178262
1667,0.9297,7.6819,4.3609,2.3368,15.3092,0.208401
1668,0.9209,7.7596,4.3913,2.3282,15.4,0.247549
1669,0.9114,7.8472,4.4315,2.2832,15.4733,0.304538
1670,0.9757,7.7063,4.4432,2.3131,15.4384,0.299385
1671,0.9556,7.7668,4.405,2.3176,15.445,0.349039
1672,0.926,7.8375,4.4097,2.334,15.5071,0.335985
1673,0.9202,7.7878,4.363,2.3316,15.4026,0.324296
1674,0.933,7.6416,4.5546,2.8695,15.9987,0.555371
1675,1.0244,7.753,4.4243,2.3338,15.5355,0.311017
1676,0.9217,7.6865,4.4646,2.3463,15.4191,0.396681
1677,0.9073,7.8355,4.4286,2.3491,15.5205,0.383651
1678,0.929,7.7511,4.4463,2.2998,15.4263,0.403506
1679,0.9671,7.779,4.4356,2.3217,15.5034,0.213955
1680,0.9777,7.9004,4.4441,2.3253,15.6474,0.223688
1681,0.9129,7.8288,4.437,2.3013,15.4801,0.26431
1682,0.9288,7.7543,4.524,2.3381,15.5451,0.207693
1683,0.9271,7.7969,4.4103,2.3352,15.4696,0.206882
1684,0.9257,7.7742,4.4148,2.3323,15.4471,0.17702
1685,0.9153,7.8258,4.4531,2.3398,15.5341,0.145265
1686,0.9278,7.847,4.5339,2.3637,15.6723,0.144897
1687,0.9465,7.8265,4.4559,2.337,15.566,0.250292
1688,0.9491,7.7131,4.4396,2.3129,15.4147,0.221831
1689,0.9559,7.8051,4.4414,2.3127,15.5152,0.129512
1690,0.9587,7.7237,4.4364,2.3059,15.4248,0.200989
1691,0.92,7.7842,4.3956,2.335,15.4348,0.162459
1692,0.9307,7.6752,4.4308,2.3236,15.3603,0.175831
1693,0.934,7.855,4.4932,2.3089,15.5911,0.152634
1694,0.9362,7.701,4.4036,2.3469,15.3876,0.15133
1695,0.9423,7.7146,4.4401,2.3222,15.4192,0.189262
1696,0.913,7.8085,4.4607,2.3312,15.5134,0.299939
1697,0.953,7.7929,4.4289,2.3142,15.489,0.22403
1698,0.9517,7.7213,4.5291,2.3114,15.5135,0.456844
1699,0.9372,7.7023,4.489,2.3109,15.4394,0.421211
1700,0.9173,7.7278,4.433,2.3385,15.4166,0.424386
1701,0.9164,8.0832,4.4127,2.331,15.7433,0.355398
1702,0.9322,7.8014,4.4496,2.3343,15.5175,0.210327
1703,0.9548,7.7451,4.4098,2.3473,15.457,0.286224
1704,0.9253,7.745,4.4335,2.3458,15.4496,0.204354
1705,0.9125,7.8096,4.4387,2.3118,15.4726,0.585188
1706,0.9593,7.6619,4.5259,2.3074,15.4544,0.469699
1707,0.9604,7.7797,4.5137,2.3074,15.5611,0.999985
1708,0.9281,7.703,4.3838,2.3201,15.335,0.999998
1709,0.9087,7.7716,4.3866,2.3235,15.3904,0.999999
1710,0.9191,7.734,4.442,2.3333,15.4285,0.999997
1711,0.9354,7.7298,4.4435,2.3422,15.4509,0.999997
1712,0.9399,7.6741,4.3878,2.3116,15.3134,0.999932
1713,0.9123,7.8367,4.46,2.3167,15.5257,0.999799
1714,0.9577,7.7356,4.4292,2.3119,15.4343,0.996153
1715,0.9608,7.8122,4.4509,2.3128,15.5367,0.951306
1716,0.9385,7.7394,4.4416,2.32,15.4395,0.837918
1717,0.9116,7.86,4.42,2.3189,15.5106,0.890172
1718,0.9361,7.7098,4.3897,2.3515,15.3872,0.720504
1719,0.9251,7.8007,4.4187,2.3415,15.486,0.6984
1720,0.9257,7.7062,4.4549,2.3333,15.4201,0.61413
1721,1.0393,7.9406,4.4451,2.3076,15.7326,0.540041
1722,0.9405,7.7864,4.4677,2.3178,15.5124,0.4982
1723,1.0098,7.7362,4.4832,2.3089,15.5381,0.461206
1724,0.954,7.6713,4.4388,2.3107,15.3748,0.47341
1725,0.9154,7.806,4.4079,2.33,15.4593,0.350751
1726,0.9312,7.6703,4.4009,2.3229,15.3254,0.385007
1727,0.9402,8.1318,4.448,2.3378,15.8577,0.435078
1728,0.93,7.6983,4.4127,2.3398,15.3807,0.459608
1729,0.9205,7.8002,4.4389,2.3378,15.4975,0.691131
1730,0.9402,7.7359,4.5332,2.322,15.5313,0.631735
1731,0.9423,7.8855,4.4175,2.3117,15.5569,0.658513
1732,0.951,7.7212,4.4415,2.3236,15.4374,0.694506
1733,0.9287,7.8303,4.4712,2.3148,15.545,0.436107
1734,0.9252,7.7814,4.5086,2.3327,15.5479,0.696597
1735,0.9224,7.8239,4.5511,2.364,15.6613,0.742325
1736,0.9394,7.8305,4.4239,2.3291,15.5229,0.433777
1737,0.9087,7.8085,4.4585,2.3412,15.5169,0.489297
1738,0.9466,7.8109,4.5203,2.3258,15.6036,0.542528
1739,0.9468,7.9551,4.4709,2.3404,15.7131,0.489134
1740,0.9609,7.6962,4.4721,2.3301,15.4593,0.642619
1741,0.9042,7.812,4.4402,2.3121,15.4686,0.551435
1742,0.9755,7.7429,4.4367,2.31,15.4652,0.373927
1743,0.9427,7.7503,4.4702,2.3026,15.4659,0.3183
1744,0.9446,7.7339,4.4534,2.3213,15.4533,0.317848
1745,0.9555,7.7389,4.4506,2.3455,15.4905,0.249858
1746,0.9292,8.486,4.4281,2.3381,16.1814,0.239351
1747,0.8783,7.797,4.4951,2.3167,15.4871,0.218334
1748,0.9334,7.7802,4.3557,2.3435,15.4128,0.375474
1749,0.9352,7.819,4.458,2.3442,15.5564,0.389499
1750,0.9344,7.6697,4.4127,2.3242,15.3411,0.392857
1751,0.8834,7.8868,4.5609,2.3173,15.6484,0.131956
1752,0.9756,7.806,4.403,2.3158,15.5005,0.175785
1753,0.9957,7.8034,4.4013,2.3053,15.5058,0.824709
1754,0.9416,8.0023,4.3737,2.3152,15.6329,0.353041
1755,0.9022,7.909,4.4442,2.3322,15.5876,0.05851
1756,0.9484,7.7755,4.3532,2.3294,15.4065,0.042046
1757,0.9968,7.826,4.4268,2.3234,15.5731,0.046
1758,0.9526,7.7431,4.3755,2.3575,15.4286,0.022916
1759,0.9449,7.7634,4.4193,2.3676,15.4952,0.020724
1760,0.9533,7.7675,4.4766,2.3266,15.524,0.128939
1761,0.9754,7.863,4.4368,2.3114,15.5866,0.347374
1762,0.9621,7.6175,4.3834,2.3188,15.2819,0.329952
1763,0.9147,7.854,4.483,2.2935,15.5452,0.418271
1764,0.9463,7.7927,4.473,2.3227,15.5347,0.393333
1765,0.9258,7.8574,4.452,2.3408,15.5759,0.390542
1766,0.9605,7.7941,4.3983,2.3357,15.4886,0.363774
1767,0.91,7.7732,4.4306,2.3341,15.4478,0.340896
1768,0.946,7.8029,4.4096,2.3419,15.5004,0.109362
1769,0.9322,7.81,4.4645,2.3213,15.528,0.07684
1770,0.9784,7.7998,4.3638,2.3042,15.4461,0.060271
1771,0.9437,7.7556,4.4366,2.305,15.441,0.034294
1772,0.9459,7.8013,4.4018,2.3028,15.4518,0.06835
1773,0.9692,7.8619,4.4306,2.327,15.5887,0.075254
1774,0.9525,7.723,4.3836,2.3381,15.3972,0.3232
1775,0.9136,7.8213,4.4272,2.3324,15.4945,0.429817
1776,0.9539,7.8484,4.4279,2.3307,15.5609,0.356029
1777,0.9545,7.7611,4.45,2.3208,15.4865,0.392786
1778,0.9601,7.7843,4.4943,2.3067,15.5454,0.362143
1779,0.9562,7.8419,4.5172,2.3259,15.6412,0.427716
1780,0.9918,8.0807,4.386,2.3031,15.7617,0.453697
1781,0.9532,7.8848,4.4369,2.3105,15.5854,0.413393
1782,0.9404,7.833,4.5056,3.52,16.799,0.491397
1783,0.9467,7.9119,4.5143,2.3166,15.6896,0.041007
1784,0.9935,7.8489,4.4167,2.343,15.6021,0.28382
1785,0.9594,7.8746,4.4909,2.3034,15.6283,0.643173
1786,0.9571,7.8647,4.369,2.3076,15.4984,0.99998
1787,0.9027,7.8994,4.4254,2.3407,15.5682,1.0
1788,0.958,7.7692,4.3963,2.3304,15.4539,1.0
1789,0.928,7.889,4.4025,2.3284,15.5478,0.999999
1790,0.9546,7.7922,4.4403,2.3423,15.5294,0.999994
1791,0.9073,7.8458,4.4564,2.3524,15.5619,0.999989
1792,0.9544,7.8683,4.4284,2.3064,15.5575,0.999992
1793,0.9245,7.7925,4.4132,2.32,15.4502,0.998062
1794,0.988,7.7997,4.3959,2.3142,15.4978,0.975822
1795,0.9013,7.8369,4.4677,2.3199,15.5258,0.926771
1796,0.9585,7.7015,4.3928,2.3379,15.3907,0.801405
1797,0.929,7.7562,4.386,2.3356,15.4068,0.593941
1798,0.9497,7.8564,4.5015,2.313,15.6206,0.57605
1799,0.902,7.7882,4.4097,2.3286,15.4285,0.577506
1800,0.9571,7.6953,4.3625,2.3532,15.3681,0.442095
1801,0.9529,7.7754,4.5272,2.2961,15.5516,0.060147
1802,0.9805,7.7364,4.4194,2.3065,15.4428,0.1515
1803,0.9395,7.895,4.5849,2.3177,15.7371,0.142592
1804,1.013,7.8545,4.5083,2.3001,15.6758,0.151733
1805,0.932,7.8351,4.4478,2.3231,15.538,0.213887
1806,0.964,7.8258,4.4158,2.3431,15.5487,0.258324
1807,0.9108,8.179,4.3969,2.3268,15.8135,0.244459
1808,0.9619,7.7796,4.37,2.3383,15.4497,0.485025
1809,0.9387,7.8385,4.3875,2.346,15.5107,0.61813
1810,0.9715,7.7434,4.4686,2.352,15.5355,0.624543
1811,0.9148,7.8711,4.3746,2.3517,15.5122,0.689145
1812,0.9622,7.7472,4.4956,2.3239,15.5289,0.590453
1813,1.005,7.8792,4.366,2.2973,15.5475,0.653881
1814,0.9796,7.7772,4.3552,2.3014,15.4134,0.650399
1815,0.9042,7.8734,4.4207,2.3208,15.5191,0.677569
1816,0.9363,7.8465,4.4375,2.332,15.5524,0.712067
1817,0.9584,7.9379,4.4377,2.3334,15.6673,0.847381
1818,0.9585,7.8896,4.3969,2.3373,15.5824,0.79144
1819,0.9224,7.8276,4.4287,2.336,15.5147,0.735936
1820,0.9516,7.8686,4.3984,2.3462,15.5648,0.812796
1821,0.9333,7.8572,4.5218,2.348,15.6603,0.746111
1822,0.957,7.7996,4.4552,2.2945,15.5062,0.750244
1823,0.9359,7.8442,4.45,2.303,15.5332,0.882352
1824,0.9779,7.9326,4.5118,2.2965,15.7188,0.778961
1825,0.9713,7.8624,4.423,2.2974,15.5542,0.735262
1826,0.9668,7.756,4.3732,2.3404,15.4365,0.677567
1827,0.9292,7.8529,4.4041,2.3365,15.5227,0.716765
1828,0.9625,7.8826,4.4446,2.3371,15.6268,0.797294
1829,0.9469,7.8529,4.4625,2.3445,15.6068,0.720961
1830,0.9545,7.7427,4.4375,2.3485,15.4832,0.678723
1831,0.9277,7.8027,4.4338,2.3401,15.5043,0.599594
1832,0.9557,7.8493,4.5025,2.3325,15.6401,0.715885
1833,0.9893,8.1966,4.465,2.299,15.9499,0.496348
1834,0.9686,7.8168,4.4604,2.3204,15.5662,0.329865
1835,0.9193,7.8519,4.4475,2.2925,15.5112,0.415554
1836,0.9827,7.7771,4.5409,2.3059,15.6066,0.361903
1837,0.9318,7.8164,4.4023,2.3321,15.4826,0.287925
1838,0.956,7.7273,4.4377,2.3331,15.4541,0.558484
1839,0.9095,7.8794,4.3982,2.3315,15.5186,0.41222
1840,0.9552,7.8444,4.5178,2.3263,15.6437,0.561703
1841,0.9397,7.8105,4.4216,2.376,15.5478,0.405314
1842,0.9622,7.8168,4.3724,2.335,15.4864,0.423747
1843,0.9104,7.8194,4.4318,2.3029,15.4645,0.323721
1844,0.9825,7.8847,4.4439,2.3151,15.6263,0.383065
1845,0.9574,7.8461,4.4002,2.3018,15.5056,0.498783
1846,0.9521,7.8447,4.4296,2.3113,15.5377,0.287955
1847,0.9375,7.8786,4.4361,2.3219,15.5741,0.33554
1848,0.953,7.8283,4.4369,2.3395,15.5576,0.527204
1849,0.9283,7.9462,4.4438,2.3302,15.6485,0.531613
1850,0.9603,7.7616,4.4138,2.3508,15.4865,0.560276
1851,0.9242,7.8252,4.4292,2.3422,15.5208,0.44901
1852,0.956,7.9006,4.3635,2.3466,15.5666,0.474002
1853,0.9302,7.8711,4.511,2.3004,15.6127,0.455448
1854,0.9855,7.7855,4.3806,2.302,15.4535,0.528515
1855,0.9444,7.8949,4.3807,2.3058,15.5257,0.438945
1856,0.949,7.8327,4.3864,2.3129,15.4809,0.385881
1857,0.9399,7.7665,4.3924,2.327,15.4257,0.405768
1858,0.9492,7.805,4.3857,2.3316,15.4715,0.291167
1859,0.922,8.2356,4.479,2.3322,15.9687,0.459257
1860,0.9519,7.734,4.4173,2.3545,15.4577,0.422232
1861,0.9367,7.7844,4.4862,2.3607,15.5681,0.363242
1862,0.9526,7.8286,4.4863,2.3265,15.594,0.319909
1863,0.9087,7.8684,4.4543,2.3068,15.5382,0.319841
1864,0.9984,7.8,4.4,2.3081,15.5064,0.278298
1865,0.9609,7.7772,4.4969,2.3059,15.5409,0.264488
1866,0.9919,7.7687,4.4086,2.3068,15.4759,0.238594
1867,0.9118,7.8165,4.4226,2.3255,15.4764,0.23951
1868,0.9492,7.867,4.445,2.3378,15.599,0.336619
1869,0.9514,7.8263,4.4053,2.3323,15.5153,0.268996
1870,0.955,7.8684,4.382,2.3391,15.5444,0.275952
1871,0.927,7.8699,4.4293,2.3468,15.573,0.177464
1872,0.9448,7.8155,4.4902,2.3599,15.6104,0.292743
1873,0.9587,7.8311,4.4451,2.3115,15.5465,0.315689
1874,0.9798,7.8277,4.474,2.3246,15.6061,0.340505
1875,0.931,7.8724,4.4866,2.3061,15.5961,0.335624
1876,0.996,7.8635,4.3971,2.3109,15.5676,0.096231
1877,0.9524,7.8795,4.4481,2.3036,15.5836,0.136903
1878,0.9793,7.841,4.3768,2.331,15.5282,0.1138
1879,0.9085,7.8394,4.4251,2.3359,15.509,0.004985
1880,0.9308,7.8341,4.4302,2.3279,15.523,0.002265
1881,0.9522,7.833,4.5018,2.3259,15.6129,0.000789
1882,0.9594,7.8636,4.3551,2.3451,15.5231,0.000474
1883,0.9219,7.8195,4.4047,2.3071,15.4531,0.000343
1884,0.9549,7.8431,4.516,2.3121,15.6261,0.000462
1885,1.0144,7.8401,4.4521,2.3091,15.6157,0.000207
1886,0.9841,8.1367,4.4265,2.311,15.8583,0.000334
1887,0.9515,7.8453,4.4409,2.299,15.5367,0.000212
1888,0.9296,7.8914,4.4094,2.3253,15.5556,0.000301
1889,0.9626,7.8529,4.3971,2.3313,15.5439,0.000292
1890,0.9576,7.815,4.3801,2.3248,15.4775,0.000404
1891,0.9192,7.8556,4.4187,2.3321,15.5255,0.000363
1892,0.931,7.7321,4.3754,2.3396,15.3781,0.000486
1893,0.9544,7.8557,4.4984,2.3251,15.6336,0.000471
1894,0.9489,7.8093,4.3628,2.3111,15.4321,0.000582
1895,0.9386,7.795,4.4274,2.3132,15.4742,0.000522
1896,0.9809,7.7876,4.3785,2.3098,15.4568,0.000705
1897,0.9679,7.7843,4.4287,2.3125,15.4934,0.000869
1898,0.9493,7.7909,4.4059,2.3205,15.4666,0.000928
1899,0.9144,7.8921,4.4543,2.3052,15.5659,0.000741
1900,0.9322,7.7708,4.3736,2.3369,15.4136,0.000896
1901,0.9543,7.8611,4.4194,2.3406,15.5754,0.000751
1902,0.9509,7.7987,4.3975,2.3398,15.4869,0.000925
1903,0.9225,7.9432,4.4218,2.3032,15.5907,0.000873
1904,0.9562,7.7785,4.477,2.304,15.5157,0.000676
1905,0.9877,7.9257,4.3777,2.3021,15.5932,0.000854
1906,0.966,7.7943,4.3909,2.3147,15.4658,0.001006
1907,0.9195,7.8993,4.4353,2.3432,15.5973,0.001051
1908,0.9239,7.79,4.4079,2.3397,15.4615,0.00195
1909,0.9635,7.843,4.4239,2.3153,15.5456,0.00222
1910,0.9537,7.7912,4.3921,2.3332,15.4702,0.002271
1911,0.9149,7.8971,4.4267,2.3438,15.5825,0.003136
1912,0.9314,8.151,4.3653,2.35,15.7976,0.00265
1913,0.9645,8.0613,4.6032,2.3346,15.9636,0.002187
1914,0.9335,7.8395,4.4034,2.3126,15.4889,0.003265
1915,0.929,7.8747,4.3981,2.317,15.5189,0.40887
1916,0.9777,7.8155,4.4003,2.3238,15.5173,0.999999
1917,0.9575,7.8101,4.4473,2.3092,15.5241,0.999999
1918,0.9183,7.8551,4.384,2.3218,15.4792,0.999999
1919,0.8955,7.8268,4.4207,2.3216,15.4647,0.999998
1920,0.9642,7.7994,4.3407,2.3347,15.439,0.999996
1921,0.9619,7.8257,4.3963,2.3433,15.5272,0.999999
1922,0.9784,7.8071,4.4906,2.3451,15.6212,0.997468
1923,0.8879,7.8775,4.5079,2.3054,15.5787,0.886579
1924,0.9597,7.8374,4.4046,2.3124,15.5141,0.402135
1925,0.9804,7.7896,4.4947,2.2947,15.5594,0.077387
1926,0.9818,7.7509,4.3949,2.3025,15.4301,0.011655
1927,0.908,7.872,4.407,2.3179,15.5049,0.014394
1928,0.9157,7.8845,4.3811,2.3303,15.5116,0.010233
1929,0.9589,7.8337,4.4034,2.3334,15.5293,0.012246
1930,0.9541,7.8323,4.4256,2.3471,15.5591,0.010066
1931,0.9303,7.817,4.419,2.3309,15.4973,0.007756
1932,1.14,8.4595,4.3897,2.3566,16.3458,0.00793
1933,0.9509,7.8341,4.4455,2.3353,15.5658,0.023876
1934,0.9566,7.8175,4.4805,2.3406,15.5951,0.008372
1935,0.8915,7.7834,4.3712,2.2997,15.3458,0.062896
1936,1.0001,7.7691,4.52,2.3256,15.6149,0.041531
1937,1.0171,7.8708,4.3886,2.304,15.5806,0.065051
1938,0.9598,7.8556,4.44,2.3179,15.5733,0.049389
1939,0.9203,8.2127,4.4489,2.309,15.891,0.037797
1940,0.9489,7.8323,4.4092,2.3419,15.5324,0.056682
1941,0.9471,7.8132,4.4505,2.3314,15.5422,0.135958
1942,0.9515,7.9218,4.4095,2.3321,15.6148,0.111374
1943,0.9076,7.9498,4.4032,2.3428,15.6033,0.115406
1944,0.952,7.8809,4.4151,2.3569,15.6049,0.098457
1945,0.9338,7.8402,4.4173,2.3211,15.5125,0.108095
1946,0.959,7.7354,4.3567,2.3124,15.3634,0.119011
1947,0.9517,7.8976,4.3722,2.3003,15.5218,0.11325
1948,0.9939,7.7709,4.3958,2.3105,15.471,0.062677
1949,0.9557,7.802,4.4862,2.31,15.554,0.075041
1950,0.9754,7.7859,4.347,2.335,15.4432,0.051018
1951,0.908,7.8259,4.377,2.3242,15.4351,0.041707
1952,0.9621,7.8278,4.3527,2.3523,15.495,0.065724
1953,0.937,7.7854,4.363,2.3294,15.4148,0.077214
1954,0.9632,7.8002,4.4057,2.3131,15.4822,0.074919
1955,0.9344,7.8799,4.3941,2.3135,15.5219,0.072125
1956,0.9963,7.8457,4.3929,2.3245,15.5595,0.05626
1957,0.996,7.8316,4.4357,2.3127,15.576,0.047948
1958,0.9556,7.8904,4.4259,2.3223,15.5941,0.048709
1959,0.9245,8.3644,4.3547,2.3144,15.958,0.065842
1960,0.9741,7.8305,4.3876,2.3433,15.5355,0.041094
1961,0.9627,7.8002,4.3982,2.3339,15.495,0.058301
1962,0.9696,7.7784,4.386,2.3412,15.4751,0.044239
1963,0.9105,7.8499,4.4345,2.3266,15.5215,0.056914
1964,0.9504,7.8332,4.373,2.3484,15.5049,0.055639
1965,0.9666,8.104,4.4573,2.3313,15.8592,0.072463
1966,0.95,7.7755,4.4755,2.307,15.508,0.074294
1967,0.932,7.7708,4.4688,2.321,15.4926,0.063264
1968,0.9587,7.9187,4.4197,2.315,15.6121,0.085176
1969,0.9735,7.7498,4.4415,2.3173,15.4821,0.080846
1970,0.9339,7.8298,4.3955,2.3497,15.5088,0.118174
1971,0.8931,7.8883,4.3997,2.3272,15.5083,0.119589
1972,0.9409,7.8271,4.3325,2.3447,15.4452,0.086148
1973,0.9642,7.7518,4.4417,2.3416,15.4993,0.087392
1974,0.9609,7.8203,4.4231,2.3487,15.5531,0.107238
1975,0.8962,7.8104,4.4669,2.3131,15.4867,0.080858
1976,0.9498,7.8215,4.497,2.3017,15.57,0.07202
1977,0.9942,8.0178,4.459,2.319,15.79,0.095003
1978,0.98,7.8529,4.4153,2.2959,15.5441,0.081961
1979,0.8932,7.8045,4.4005,2.3267,15.425,0.071376
1980,0.9307,7.7567,4.4562,2.3328,15.4765,0.084128
1981,0.9605,7.7127,4.4014,2.3253,15.3999,0.06585
1982,0.9276,7.7582,4.3876,2.3307,15.404,0.079955
1983,0.906,7.8045,4.4416,2.3422,15.4943,0.075592
1984,0.9328,7.7887,4.3785,2.3127,15.4127,0.067894
1985,0.982,7.7878,4.4283,2.3009,15.4989,0.066085
1986,0.9595,7.7608,4.3552,2.3049,15.3804,0.221467
1987,0.8979,7.8188,4.3728,2.3251,15.4146,0.074344
1988,0.9362,7.8077,4.3864,2.3299,15.4602,0.037053
1989,0.9537,7.7527,4.459,2.3385,15.5039,0.052596
1990,0.9351,7.7606,4.3794,2.345,15.42,0.044751
1991,0.8872,7.8743,4.4039,2.3493,15.5147,0.051706
1992,0.9333,8.1517,4.4606,2.3345,15.8801,0.093611
1993,0.9609,7.8313,4.3947,2.3029,15.4898,0.117513
1994,0.9383,7.8443,4.4232,2.3249,15.5307,0.130676
1995,0.9371,7.8104,4.4824,2.3252,15.5551,0.240449
1996,0.9112,7.8034,4.4208,2.3203,15.4557,0.261843
1997,0.9062,7.7404,4.4061,2.3587,15.4113,0.424837
1998,0.9016,7.7805,4.3844,2.3392,15.4056,0.878766
1999,0.9305,7.7683,4.3779,2.3379,15.4146,0.822788
2000,0.9272,7.8135,4.359,2.365,15.4648,0.725644
2001,0.9475,7.8342,4.4184,2.3309,15.5309,0.462263
2002,0.9212,7.7771,4.466,2.3144,15.4788,0.829
2003,0.957,7.8323,4.4568,2.32,15.5661,0.737858
2004,0.9617,7.778,4.4245,2.3202,15.4843,0.746804
2005,0.9021,7.9077,4.4683,2.294,15.5722,0.752399
2006,0.9168,7.7488,4.4222,2.345,15.4328,0.758353
2007,0.9471,7.751,4.4383,2.333,15.4695,0.837726
2008,0.9175,7.6975,4.4285,2.3425,15.386,0.775084
2009,0.9078,7.8169,4.4604,2.3407,15.5258,0.777204
2010,0.9211,7.7633,4.4469,2.3037,15.435,0.752321
2011,0.9591,7.7944,4.4346,2.309,15.4971,0.620907
2012,0.949,7.7034,4.445,2.2934,15.3908,0.74676
2013,0.9231,7.8661,4.4742,2.3059,15.5693,0.609772
2014,0.9153,7.8681,4.3548,2.33,15.4682,0.27718
2015,0.9429,7.8517,4.395,2.3159,15.5056,0.425731
2016,0.9203,7.9434,4.3993,2.3242,15.5873,0.486825
2017,0.9164,7.7438,4.4185,2.331,15.4096,0.61327
2018,0.9197,8.1458,4.4055,2.3448,15.8158,0.600896
2019,0.9323,7.7697,4.3776,2.3335,15.4131,0.551434
2020,0.935,7.7052,4.3972,2.3124,15.3497,0.628759
2021,0.9582,7.7465,4.398,2.3099,15.4126,0.630072
2022,0.9375,7.8076,4.4604,2.3076,15.5132,0.530379
2023,0.9334,7.8935,4.4168,2.337,15.5807,0.515004
2024,0.9385,7.6557,4.3942,2.3201,15.3086,0.60823
2025,0.9038,8.352,4.4381,2.3275,16.0214,0.808973
2026,0.9492,7.701,4.4475,2.3248,15.4225,0.695277
2027,0.9551,7.7876,4.3913,2.3501,15.4841,0.676402
2028,0.9445,7.6821,4.3898,2.311,15.3274,0.660709
2029,0.8911,7.866,4.3771,2.3035,15.4377,0.683331
2030,0.9841,7.8473,4.4508,2.3025,15.5847,0.57562
2031,0.9817,7.7606,4.3935,2.2967,15.4326,0.671031
2032,0.929,7.8037,4.424,2.3591,15.5158,0.651107
2033,0.9207,7.7788,4.3885,2.3209,15.409,0.381918
2034,0.9292,7.7732,4.426,2.3361,15.4645,0.369336
2035,0.9344,7.7764,4.3592,2.3278,15.3979,0.465666
2036,0.9304,7.7764,4.396,2.3422,15.4449,0.521378
2037,0.9008,7.837,4.3897,2.2957,15.4232,0.342506
2038,0.9545,7.6928,4.4155,2.3083,15.3711,0.280298
2039,0.9448,7.7744,4.3759,2.3062,15.4013,0.341035
2040,0.9313,7.7525,4.4334,2.337,15.4543,0.571467
2041,0.9343,7.8599,4.4244,2.2934,15.5121,0.689056
2042,0.9293,7.7397,4.4414,2.3369,15.4472,0.707631
2043,0.944,7.7822,4.4097,2.3249,15.4608,0.582973
2044,0.9308,7.8696,4.4459,2.35,15.5963,0.635554
2045,0.9088,8.1532,4.4149,2.3459,15.8227,0.593207
2046,0.9216,7.8687,4.4576,2.3102,15.558,0.607623
2047,0.9567,7.7678,4.4119,2.3142,15.4506,0.481965
2048,0.9507,7.8092,4.4119,2.2906,15.4624,0.409408
2049,0.9257,7.8404,4.4272,2.3147,15.5081,0.578841
2050,0.9353,7.7621,4.4564,2.3407,15.4945,0.44174
2051,0.9495,7.851,4.4174,2.3232,15.5412,0.621129
2052,0.9338,7.7426,4.3962,2.344,15.4166,0.627631
2053,0.9179,7.8755,4.3639,2.3332,15.4906,0.601619
2054,0.9317,7.7198,4.4127,2.3149,15.3791,0.810152
2055,0.9531,7.8408,4.4137,2.2979,15.5055,0.795196
2056,0.9501,7.7352,4.448,2.2977,15.431,0.750476
2057,0.915,7.8483,4.4526,2.2991,15.515,0.604944
2058,0.953,7.7428,4.3974,2.319,15.4122,0.830862
2059,0.9307,7.7329,4.3837,2.3215,15.3688,0.818823
2060,0.934,7.8106,4.4128,2.5805,15.738,0.755271
2061,1.0014,8.1406,4.3988,2.3167,15.8575,0.675039
2062,0.931,7.7289,4.4557,2.3567,15.4723,0.506456
2063,0.9324,7.7168,4.4593,2.3441,15.4526,0.648812
2064,0.9322,7.6885,4.4383,2.2992,15.3582,0.666596
2065,0.9532,8.2166,4.4567,2.2975,15.924,0.779639
2066,0.9753,7.6769,4.3357,2.3118,15.2998,0.766365
2067,0.932,7.7939,4.3617,2.2964,15.3841,0.560132
2068,0.9246,7.7611,4.3743,2.3293,15.3893,0.526178
2069,0.9207,7.7885,4.434,2.3345,15.4776,0.509428
2070,0.9563,7.9547,4.3955,2.3303,15.6369,0.39495
2071,0.9548,8.1226,4.4428,2.3417,15.8619,0.707373
2072,0.953,7.8471,4.3916,2.3417,15.5334,0.501051
2073,0.9073,8.3443,4.4781,2.3436,16.0733,0.424203
2074,0.9622,7.7515,4.3762,2.3207,15.4106,0.540285
2075,0.9563,7.7936,4.3572,2.3126,15.4197,0.47491
2076,0.9935,7.7235,4.3758,2.3065,15.3992,0.319081
2077,0.9468,7.763,4.3885,2.3127,15.411,0.422878
2078,0.9325,7.8234,4.3735,2.3375,15.4669,0.470259
2079,0.9448,7.727,4.32,2.33,15.3218,0.588387
2080,0.9365,7.6984,4.387,2.3379,15.3598,0.545912
2081,0.908,7.8632,4.3642,2.3625,15.4979,0.361975
2082,0.9405,7.7574,4.4099,2.3085,15.4163,0.389339
2083,0.9685,7.7283,4.4256,2.3137,15.4361,0.385121
2084,0.9783,7.7829,4.3924,2.3082,15.4618,0.325852
2085,0.9135,7.7762,4.4588,2.3054,15.4539,0.34586
2086,0.954,7.875,4.3049,2.3325,15.4663,0.309793
2087,0.9553,7.7223,4.3634,2.3423,15.3834,0.288368
2088,0.9603,7.7893,4.3921,2.348,15.4897,0.271881
2089,0.9275,7.7053,4.3979,2.3545,15.3851,0.225903
2090,0.9361,7.8255,4.4051,2.3061,15.4728,0.191514
2091,0.963,7.7443,4.4307,2.3128,15.4508,0.175271
2092,0.9732,7.7307,4.4435,2.3204,15.4678,0.197064
2093,0.9102,7.7615,4.4235,2.3239,15.4191,0.13369
2094,0.9354,7.8264,4.3864,2.3245,15.4727,0.422616
2095,0.9302,7.7163,4.3892,2.3309,15.3667,0.486289
2096,0.9364,7.825,4.3921,2.3282,15.4817,0.435764
2097,0.9102,7.812,4.3999,2.3397,15.4618,0.362162
2098,0.9291,8.0668,4.4386,2.3458,15.7803,0.202186
2099,0.9513,7.7275,4.4267,2.3092,15.4147,0.185764
2100,0.9489,7.7774,4.4467,2.297,15.47,0.223999
2101,0.9471,7.7745,4.4132,2.3174,15.4522,0.289543
2102,0.9296,7.8281,4.4285,2.3234,15.5095,0.278615
2103,0.9362,7.7726,4.3896,2.3444,15.4429,0.174484
2104,0.9316,7.7429,4.3885,2.3321,15.3951,0.137419
2105,0.9048,7.8152,4.3842,2.3405,15.4447,0.157507
2106,1.081,7.7709,4.3552,2.3509,15.5581,0.104616
2107,0.928,7.8779,4.3979,2.3163,15.52,0.085769
2108,0.9544,7.7383,4.3664,2.3101,15.3693,0.25805
2109,0.944,7.9309,4.3939,2.3022,15.571,0.079229
2110,0.9301,7.7492,4.3894,2.3111,15.3798,0.096513
2111,0.921,7.7742,4.3362,2.3331,15.3645,0.066058
2112,0.9299,7.7126,4.3101,2.3338,15.2863,0.098974
2113,0.9096,7.9038,4.38,2.345,15.5384,0.034047
2114,0.9369,7.7111,4.3327,2.3342,15.3149,0.096488
2115,0.9397,7.7502,4.348,2.306,15.3439,0.059141
2116,0.9507,7.6936,4.33,2.2942,15.2685,0.076172
2117,0.9224,7.8283,4.3404,2.3271,15.4182,0.100787
2118,0.9242,7.7579,4.3593,2.3531,15.3945,0.103804
2119,0.9273,7.7501,4.3446,2.3426,15.3646,0.081125
2120,0.9353,7.6762,4.3067,2.3486,15.2668,0.059282
2121,0.9215,7.8463,4.349,2.3135,15.4304,0.031436
2122,0.934,7.8312,4.3222,2.31,15.3974,0.040484
2123,0.9515,7.8001,4.3143,2.309,15.3749,0.047444
2124,0.9282,8.0385,4.3593,2.3116,15.6375,0.035521
2125,0.9141,7.8131,4.3354,2.3221,15.3847,0.029583
2126,0.9242,7.6716,4.2985,2.3329,15.2273,0.037363
2127,0.9471,7.8035,4.3214,2.3373,15.4092,0.047716
2128,0.938,7.7562,4.34,2.3343,15.3685,0.069972
2129,0.9141,7.7542,4.3485,2.3032,15.32,0.096331
2130,0.9676,7.8105,4.3063,2.3107,15.3951,0.095628
2131,0.9396,7.7787,4.3188,2.3085,15.3456,0.135107
2132,0.9216,7.7361,4.3022,2.3297,15.2896,0.12978
2133,0.905,7.8187,4.2975,2.3401,15.3614,0.142236
2134,0.929,7.7136,4.3623,2.3566,15.3615,0.127162
2135,0.9553,7.7755,4.3726,2.34,15.4434,0.113705
2136,0.9616,7.7975,4.2927,2.3153,15.367,0.083708
2137,0.9374,7.8229,4.3962,2.314,15.4705,0.988622
2138,0.9478,7.7677,4.2957,2.3086,15.3199,0.999999
2139,0.9559,7.9105,4.3237,2.3204,15.5105,0.999999
2140,0.9562,7.7713,4.2604,2.3269,15.3148,0.999985
2141,0.8836,7.8563,4.2818,2.3439,15.3656,0.999709
2142,0.9469,7.7809,4.289,2.3352,15.3519,0.995399
2143,0.9728,7.7714,4.2868,2.2998,15.3308,0.927515
2144,0.9918,7.6907,4.329,2.3093,15.3208,0.876879
2145,0.896,7.8608,4.3324,2.3169,15.4061,0.88855
2146,0.9498,7.8829,4.3185,2.3216,15.4728,0.840446
2147,0.9549,7.7539,4.299,2.3351,15.3429,0.819168
2148,0.9475,7.7189,4.3109,2.3471,15.3244,0.531012
2149,0.889,7.7944,4.3358,2.3433,15.3625,0.442923
2150,0.953,7.6608,4.3272,2.3073,15.2483,0.472632
2151,0.981,8.2077,4.3666,2.3181,15.8734,0.421497
2152,1.0044,7.7193,4.3886,2.3067,15.419,0.437032
2153,0.9097,7.8399,4.3427,2.3489,15.4411,0.410408
2154,0.9552,7.729,4.3145,2.336,15.3346,0.466956
2155,0.9385,7.7717,4.3212,2.34,15.3713,0.462855
2156,0.9339,7.7397,4.3135,2.3329,15.3201,0.581349
2157,0.9082,7.71,4.3162,2.3134,15.2478,0.586396
2158,0.9802,7.7549,4.382,2.308,15.4252,0.509032
2159,0.9867,7.7661,4.337,2.3005,15.3902,0.500953
2160,0.9309,7.6837,4.3341,2.3367,15.2855,0.455901
2161,0.917,7.8392,4.3328,2.3544,15.4434,0.472988
2162,0.9337,7.6824,4.343,2.3967,15.3558,0.577701
2163,0.9362,7.7191,4.2952,2.3451,15.2957,0.560943
2164,0.9437,7.6686,4.3447,2.2974,15.2544,0.563285
2165,0.9321,7.7795,4.3237,2.319,15.3542,0.665553
2166,0.9258,7.7594,4.3637,2.2982,15.347,0.618828
2167,0.9418,7.752,4.3432,2.3363,15.3734,0.600118
2168,0.9323,7.7259,4.3525,2.3194,15.3301,0.583053
2169,0.9,7.8071,4.3324,2.3452,15.3847,0.662439
2170,0.9247,7.7105,4.3981,2.2956,15.3289,0.674092
2171,0.9387,7.8235,4.3335,2.3081,15.4038,0.532339
2172,0.9735,7.674,4.4003,2.2993,15.3471,0.679472
2173,0.9137,7.8151,4.3117,2.336,15.3765,0.635326
2174,0.9291,7.771,4.3261,2.3259,15.3521,0.996554
2175,0.9234,7.938,4.2976,2.3457,15.5047,1.0
2176,0.9296,7.7345,4.2927,2.3303,15.287,0.999999
2177,0.901,8.1825,4.3013,2.3509,15.7356,0.999999
2178,0.9305,7.7943,4.2992,2.3112,15.3352,0.999987
2179,0.9524,7.6894,4.3282,2.3248,15.2948,0.999937
2180,0.9796,7.7848,4.3442,2.3172,15.4259,0.999383
2181,0.8993,7.8308,4.3115,2.3228,15.3642,0.998854
2182,0.9198,7.7612,4.3317,2.3231,15.3358,0.995661
2183,0.9374,7.6735,4.3265,2.3578,15.2952,0.808663
2184,0.9297,7.8094,4.3876,2.3626,15.4893,0.777201
2185,0.8761,7.7573,4.3821,2.3195,15.3351,0.735442
2186,0.9867,7.8417,4.32,2.296,15.4443,0.722816
2187,0.9818,7.6769,4.3998,2.3138,15.3723,0.478241
2188,0.9274,7.8249,4.2923,2.3333,15.3779,0.256642
2189,0.923,7.7028,4.3067,2.3374,15.27,0.260718
2190,0.9253,7.7908,4.4666,2.5053,15.688,0.534172
2191,0.9992,7.7694,4.3149,2.3487,15.4323,0.215381
2192,0.9491,7.821,4.3904,2.3526,15.5131,0.348301
2193,0.9004,7.7727,4.3401,2.3125,15.3257,0.393771
2194,0.962,7.8388,4.3414,2.3085,15.4507,0.340633
2195,0.9873,7.7928,4.2918,2.3145,15.3864,0.284679
2196,0.9307,7.7916,4.3917,2.3373,15.4513,0.21579
2197,0.9104,7.6737,4.3429,2.3399,15.2669,0.186568
2198,0.9389,7.7403,4.3105,2.3304,15.3201,0.324766
2199,0.9566,7.7544,4.3738,2.3614,15.4462,0.274789
2200,0.9533,7.7643,4.3935,2.3023,15.4133,0.293851
2201,0.9558,7.7244,4.3042,2.329,15.3134,0.359284
2202,0.971,7.8189,4.3493,2.3188,15.4579,0.317797
2203,0.9605,8.0408,4.3182,2.342,15.6615,0.32684
2204,0.93,7.8359,4.3414,2.3292,15.4365,0.339845
2205,0.9066,7.8697,4.4041,2.3358,15.5161,0.350487
2206,0.9522,7.8181,4.3695,2.3412,15.4811,0.298996
2207,0.9242,7.8037,4.3312,2.36,15.4191,0.164669
2208,0.949,7.8004,4.3763,2.308,15.4337,0.15831
2209,0.9533,8.2232,4.3319,2.2941,15.8025,0.135705
2210,0.9506,7.9244,4.3759,2.3162,15.5671,0.162372
2211,0.9684,7.7941,4.3745,2.3212,15.4582,0.177336
2212,0.9488,7.8021,4.3402,2.3313,15.4224,0.18237
2213,0.9025,8.2127,4.3144,2.3437,15.7733,0.182618
2214,0.9411,7.8837,4.3424,2.3343,15.5015,0.244235
2215,0.9318,7.7491,4.3152,2.326,15.322,0.29872
2216,0.9526,7.8468,4.3602,2.3333,15.4928,0.289223
2217,0.9037,7.7462,4.3323,2.3603,15.3424,0.324758
2218,0.9301,7.791,4.3247,2.3039,15.3497,0.215265
2219,0.9593,7.6724,4.3634,2.3135,15.3086,0.227894
2220,0.9657,7.7869,4.4039,2.301,15.4576,0.277743
2221,0.9025,7.7729,4.3953,2.3454,15.4162,0.233196
2222,0.9433,7.7744,4.3502,2.3327,15.4006,0.260214
2223,0.9578,7.6595,4.3198,2.3362,15.2734,0.291729
2224,0.9594,7.8251,4.3443,2.3299,15.4588,0.178219
2225,0.9096,7.8407,4.3949,2.3049,15.45,0.239967
2226,0.9651,7.8233,4.3484,2.309,15.4458,0.253826
2227,1.0094,7.7104,4.3383,2.3059,15.364,0.235461
2228,0.9585,7.7692,4.3871,2.331,15.4458,0.211774
2229,0.9327,8.336,4.3536,2.3216,15.9439,0.281038
2230,0.9573,8.1081,4.3547,2.3238,15.7439,0.232294
2231,0.9701,7.745,4.3337,2.3284,15.3771,0.191018
2232,0.9582,7.7225,4.3501,2.3484,15.3793,0.112035
2233,0.9204,7.8114,4.4137,2.3296,15.475,0.110828
2234,0.9371,7.7029,4.2929,2.3199,15.2529,0.097375
2235,0.9587,7.9853,4.3546,2.2973,15.5959,0.05353
2236,0.9757,7.7042,4.3736,2.3052,15.3587,0.041417
2237,0.9168,7.84,4.4464,2.3229,15.5262,0.0517
2238,0.949,7.7457,4.3802,2.3228,15.3977,0.043214
2239,0.9802,7.8657,4.3077,2.3093,15.4629,0.055975
2240,0.9155,7.7293,4.3802,2.3519,15.377,0.116745
2241,0.9141,7.8096,4.3817,2.3319,15.4373,0.121092
2242,0.9448,7.7419,4.2862,2.3062,15.2791,0.112404
2243,0.9888,7.7646,4.3487,2.3053,15.4075,0.078252
2244,0.958,7.764,4.3107,2.3352,15.368,0.097336
2245,0.929,7.7322,4.3175,2.3143,15.293,0.074337
2246,0.931,7.86,4.3244,2.3542,15.4696,0.142767
2247,0.9056,7.7798,4.3249,2.3435,15.3537,0.113197
2248,0.9302,7.8114,4.3679,2.3545,15.464,0.139325
2249,0.9399,7.8231,4.3805,2.3184,15.4618,0.203964
2250,0.9833,7.8497,4.3892,2.3322,15.5544,0.159427
2251,0.9573,7.7764,4.3614,2.3106,15.4057,0.067737
2252,0.9544,7.838,4.3735,2.322,15.488,0.067935
2253,0.9253,7.853,4.3565,2.3297,15.4645,0.063347
2254,0.9639,7.8291,4.3009,2.3179,15.4117,0.066969
2255,0.906,7.888,4.4463,2.3428,15.5832,0.066799
2256,0.9246,8.1133,4.3374,2.3592,15.7344,0.097585
2257,0.9584,7.7814,4.3496,2.3492,15.4385,0.087585
2258,0.9497,7.7269,4.3088,2.3138,15.2991,0.088201
2259,0.9275,7.844,4.3512,2.3128,15.4354,0.112816
2260,0.9326,7.8054,4.3512,2.3103,15.3994,0.0656
2261,0.9569,7.8085,4.3171,2.3294,15.4118,0.053572
2262,0.9319,7.8302,4.3365,2.3357,15.4343,0.065243
2263,0.8827,7.7925,4.3151,2.3363,15.3266,0.072857
2264,0.9154,7.8546,4.3696,2.3487,15.4883,0.072341
2265,0.9668,7.7669,4.2887,2.3055,15.328,0.096213
2266,0.955,7.7891,4.3275,2.3113,15.3829,0.10373
2267,0.9313,7.7775,4.3157,2.3118,15.3363,0.999237
2268,0.9312,7.8358,4.274,2.3295,15.3705,0.999997
2269,0.9615,7.8697,4.3372,2.3447,15.5132,0.999997
2270,0.962,7.792,4.2974,2.3436,15.395,0.999981
2271,0.9128,7.7859,4.3192,2.3493,15.3672,0.999919
2272,0.9314,7.865,4.3864,2.305,15.4879,0.999878
2273,0.9821,7.8651,4.4035,2.3113,15.5619,0.997159
2274,0.9585,7.7934,4.3191,2.3213,15.3922,0.984443
2275,0.9113,7.8473,4.3676,2.3142,15.4404,0.971236
2276,0.9584,7.7813,4.3164,2.3328,15.3889,0.847445
2277,0.9668,7.7778,4.3562,2.3405,15.4414,0.571717
2278,0.955,7.8425,4.3086,2.3399,15.4459,0.506437
2279,0.9145,7.7963,4.3297,2.3429,15.3834,0.443333
2280,0.9572,7.7882,4.4125,2.327,15.4848,0.395317
2281,0.9576,7.876,4.3842,2.305,15.5228,0.323264
2282,0.9962,7.7949,4.3342,2.319,15.4442,0.389096
2283,0.9186,8.1801,4.421,2.3022,15.8218,0.406275
2284,0.9462,7.8585,4.3459,2.3129,15.4634,0.31876
2285,0.9255,7.8705,4.4086,2.3278,15.5323,0.301297
2286,0.9678,7.8598,4.3202,2.3368,15.4846,0.161369
2287,0.9138,7.8876,4.3807,2.345,15.527,0.111087
2288,0.9533,7.8271,4.3341,2.3563,15.4707,0.117352
2289,0.9282,7.8125,4.3851,2.3342,15.46,0.111366
2290,0.9501,7.7875,4.3717,2.3119,15.4212,0.101845
2291,0.9662,7.8255,4.3543,2.314,15.46,0.097174
2292,0.9883,7.8173,4.3645,2.3098,15.48,0.158915
2293,0.9237,7.7935,4.354,2.3237,15.3948,0.113842
2294,0.9588,7.7779,4.3599,2.321,15.4176,0.14916
2295,0.928,7.8472,4.411,2.345,15.5311,0.221683
2296,0.9517,7.8901,4.3737,2.3449,15.5604,0.29451
2297,0.9262,7.7916,4.403,2.3413,15.4621,0.309389
2298,0.9703,7.7399,4.3937,2.3185,15.4225,0.310602
2299,0.9499,7.8887,4.4605,2.3456,15.6447,0.300872
2300,0.9718,7.7675,4.3456,2.332,15.4169,0.190657
2301,0.9614,7.8673,4.3616,2.3164,15.5068,0.178793
2302,0.9345,7.8804,4.4051,2.3386,15.5586,0.196799
2303,0.8859,7.9948,4.405,2.3384,15.624,0.272975
2304,0.9332,7.7875,4.383,2.3374,15.4412,0.305075
2305,0.9791,7.7955,4.4132,2.3514,15.5392,0.25554
2306,0.9385,7.7362,4.3698,2.3365,15.3811,0.233894
2307,0.8912,7.8818,4.3473,2.3097,15.4301,0.270273
2308,0.9563,7.8822,4.4725,2.3203,15.6314,0.270491
2309,0.9843,8.057,4.4439,2.3017,15.7869,0.228895
2310,0.9522,7.7605,4.4626,2.3073,15.4827,0.195608
2311,0.8946,7.8456,4.3391,2.329,15.4083,0.174527
2312,0.9198,7.9444,4.3859,2.3374,15.5875,0.174101
2313,0.9552,7.8002,4.3906,2.336,15.4821,0.183109
2314,0.9397,7.8782,4.3412,2.3479,15.5071,0.185721
2315,0.8907,7.8018,4.3509,2.3471,15.3905,0.154201
2316,0.9234,7.8215,4.3922,2.3058,15.4429,0.157661
2317,0.9526,7.8972,4.4547,2.3164,15.6209,0.138164
2318,0.9764,7.7496,4.5042,2.3039,15.5341,0.156768
2319,0.9615,7.778,4.398,2.5614,15.6989,0.135238
2320,1.0682,8.0805,4.3837,2.3121,15.8446,0.120891
2321,0.9391,7.9323,4.444,2.3106,15.626,0.143955
2322,0.9675,7.8613,4.4708,2.3152,15.6148,0.145047
2323,0.9272,7.8896,4.5212,2.3188,15.6568,0.140898
2324,0.9393,7.833,4.395,2.3233,15.4907,0.150989
2325,0.9601,7.7635,4.4258,2.3365,15.4859,0.148348
2326,0.9491,7.7866,4.4336,2.3448,15.5141,0.133097
2327,0.884,7.8264,4.4355,2.3585,15.5044,0.177755
2328,0.94,7.8603,4.3856,2.3234,15.5093,0.177509
2329,0.9802,7.8232,4.4066,2.3151,15.5251,0.146428
2330,0.9837,7.7896,4.364,2.3033,15.4407,0.060028
2331,0.8867,8.4205,4.4789,2.301,16.087,0.077116
2332,0.9333,7.8163,4.5503,2.3243,15.6242,0.111451
2333,0.9421,7.7759,4.3904,2.3318,15.4402,0.262169
2334,0.9622,7.9198,4.3529,2.3444,15.5793,0.272645
2335,0.8866,7.775,4.3975,2.3258,15.3848,0.349638
2336,0.9564,8.1275,4.3882,2.3356,15.8077,0.199011
2337,0.9491,7.7696,4.3893,2.3456,15.4536,0.193138
2338,0.9218,7.8738,4.381,2.3424,15.519,0.205081
2339,0.9009,7.7793,4.4849,2.3056,15.4708,0.165668
2340,1.016,7.8137,4.406,2.331,15.5668,0.063242
2341,0.98,7.7755,4.4279,2.306,15.4894,0.110327
2342,0.9447,7.8107,4.4217,2.3128,15.49,0.095884
2343,0.8833,7.8241,4.4232,2.3312,15.4618,0.034675
2344,0.9526,7.8602,4.3385,2.3383,15.4896,0.056741
2345,0.9498,7.7447,4.3564,2.3525,15.4035,0.058608
2346,0.9226,7.8082,4.4145,2.3645,15.5099,0.058292
2347,0.8908,7.8108,4.455,2.3494,15.5061,0.060695
2348,0.9594,7.802,4.4389,2.3057,15.506,0.050497
2349,0.9664,7.7897,4.446,2.3121,15.5141,0.048156
2350,0.9949,7.8618,4.3833,2.3165,15.5565,0.041976
2351,0.9156,7.7922,4.4522,2.3153,15.4754,0.034421
2352,0.9276,7.8598,4.3995,2.3475,15.5344,0.051234
2353,0.9208,7.8315,4.4808,2.3298,15.563,0.056479
2354,0.9564,7.9225,4.4356,2.3454,15.6599,0.060001
2355,0.8926,7.7966,4.5084,2.3464,15.5439,0.075499
2356,0.9444,7.8165,4.4064,2.339,15.5063,0.049975
2357,0.9381,7.7624,4.4263,2.3182,15.4449,0.050831
2358,0.9562,7.8985,4.3978,2.3082,15.5607,0.002842
2359,0.9258,7.8356,4.4307,2.3184,15.5105,0.002897
2360,0.9953,7.7924,4.4477,2.3019,15.5373,0.003102
2361,0.9623,7.8178,4.3816,2.3323,15.494,0.036321
2362,0.9247,8.1388,4.3682,2.3469,15.7786,0.040642
2363,0.9247,7.8438,4.4483,2.4855,15.7023,0.032773
2364,0.983,7.8359,4.4206,2.3337,15.5731,0.001469
2365,0.9454,7.7241,4.391,2.3252,15.3857,0.002116
2366,0.9677,7.8489,4.425,2.3407,15.5822,0.00213
2367,0.921,7.8275,4.4023,2.4028,15.5536,0.002753
2368,0.9549,7.8509,4.4007,2.3,15.5065,0.003127
2369,0.9628,7.8025,4.3872,2.3091,15.4615,0.002617
2370,1.0049,7.7472,4.3815,2.3202,15.4538,0.050829
2371,0.9109,7.8449,4.4233,2.3314,15.5106,0.05919
2372,0.9301,7.8306,4.3976,2.3433,15.5017,0.051582
2373,0.9677,7.8093,4.3888,2.3318,15.4976,0.049252
2374,0.9472,7.9027,4.365,2.3435,15.5585,0.069613
2375,0.9037,7.8109,4.3877,2.3469,15.4492,0.055081
2376,0.9279,7.8328,4.2964,2.3312,15.3883,0.040335
2377,0.931,7.7439,4.3585,2.3109,15.3443,0.054143
2378,0.9915,7.814,4.3703,2.3001,15.4758,0.040254
2379,0.922,7.8045,4.4055,2.311,15.4431,0.045756
2380,0.9207,7.8561,4.3478,2.3226,15.4472,0.062834
2381,0.9269,7.8554,4.4541,2.344,15.5805,0.066887
2382,0.957,7.8322,4.3398,2.3725,15.5016,0.086588
2383,0.9169,7.7907,4.4443,2.3209,15.4728,0.097866
2384,0.9432,7.7991,4.3909,2.3353,15.4686,0.080022
2385,0.926,7.8232,4.3964,2.3022,15.4478,0.113379
2386,0.9918,7.7771,4.4011,2.3185,15.4885,0.004811
2387,0.9334,7.8921,4.3949,2.313,15.5334,0.095262
2388,0.928,7.7735,4.4456,2.3219,15.469,0.12222
2389,0.956,8.0487,4.4504,2.335,15.7901,0.133039
2390,0.9538,7.8519,4.3623,2.3468,15.5148,0.112274
2391,0.909,7.862,4.3969,2.3238,15.4917,0.075983
2392,0.9402,7.8088,4.4452,2.3438,15.5379,0.12017
2393,0.9296,7.7563,4.3977,2.3667,15.4503,0.132037
2394,0.9556,7.8699,4.445,2.3352,15.6057,0.159079
2395,0.9228,7.8128,4.426,2.3143,15.4758,0.190507
2396,0.9502,7.7704,4.3985,2.2984,15.4175,0.148429
2397,0.9606,7.7509,4.4109,2.3056,15.4279,0.154881
2398,0.9643,7.8776,4.3886,2.325,15.5555,0.110656
2399,0.8935,7.8352,4.4074,2.3299,15.466,0.087458
2400,0.9521,7.8231,4.3742,2.3304,15.4798,0.058412
2401,0.93,7.7708,4.4434,2.3389,15.4831,0.065732
2402,0.9583,7.8325,4.3984,2.3338,15.5229,0.092002
2403,0.9099,7.8263,4.4438,2.3099,15.4899,0.07433
2404,1.0,7.8915,4.4711,2.3037,15.6664,0.087535
2405,0.9899,7.7845,4.398,2.3077,15.4802,0.093744
2406,0.9931,7.803,4.4057,2.309,15.5108,0.092788
2407,0.9392,7.8699,4.4012,2.3183,15.5286,0.112185
2408,0.9576,7.8616,4.4129,2.3459,15.578,0.147004
2409,0.9277,7.831,4.4005,2.3333,15.4926,0.119196
2410,0.9535,7.8123,4.4005,2.3316,15.4979,0.147777
2411,0.9117,7.7656,4.3925,2.3424,15.4122,0.195439
2412,0.9581,7.8824,4.3994,2.3482,15.5881,0.143454
2413,0.9374,7.8465,4.3869,2.3203,15.4912,0.157234
2414,0.9841,7.7285,4.3862,2.3069,15.4057,0.120711
2415,0.918,8.1347,4.3757,2.3192,15.7475,0.072413
2416,0.9176,7.9334,4.4351,2.3088,15.595,0.118573
2417,0.9626,7.7779,4.3662,2.3459,15.4526,0.132596
2418,0.9236,7.7891,4.3854,2.3339,15.4319,0.134684
2419,0.8962,7.8321,4.4521,2.3399,15.5202,0.157811
2420,0.9299,7.8417,4.4649,2.3322,15.5687,0.134891
2421,0.9502,7.7444,4.3972,2.3514,15.4431,0.143639
2422,0.9298,7.7907,4.4641,2.3161,15.5006,0.18302
2423,0.9194,7.8608,4.4114,2.3145,15.506,0.097053
2424,0.9615,7.8112,4.4683,2.3059,15.5469,0.080494
2425,0.9793,7.821,4.4343,2.3246,15.5592,0.130253
2426,0.9386,7.9058,4.3911,2.3278,15.5633,0.215064
2427,0.9012,7.7715,4.4614,2.3535,15.4876,0.086148
2428,0.9227,7.9406,4.477,2.3383,15.6786,0.110638
2429,0.9352,7.7956,4.4948,2.3423,15.568,0.129886
2430,0.9532,7.8162,4.4162,2.3341,15.5197,0.121139
2431,0.9031,7.79,4.4204,2.3343,15.4478,0.122789
2432,0.9373,7.806,4.4022,2.3007,15.4461,0.116862
2433,0.9578,7.7674,4.4497,2.3033,15.4783,0.12705
2434,0.9786,7.8347,4.4425,2.313,15.5688,0.119134
2435,0.9285,7.8872,4.4439,2.3077,15.5673,0.168591
2436,0.9275,7.8945,4.4581,2.3417,15.6218,0.092934
2437,0.9312,7.8004,4.4536,2.3277,15.513,0.117016
2438,0.9533,7.8127,4.3869,2.3239,15.4769,0.105807
2439,0.9148,7.8489,4.4138,2.3525,15.53,0.089003
2440,0.9297,7.7859,4.3722,2.3366,15.4244,0.10836
2441,0.9322,7.705,4.3876,2.3158,15.3405,0.097791
2442,0.986,8.0713,4.4384,2.3048,15.8006,0.108343
2443,0.953,7.8451,4.4825,2.3205,15.601,0.115849
2444,0.9582,7.8254,4.4932,2.2991,15.5758,0.074258
2445,0.9327,7.9325,4.5225,2.3082,15.696,0.065046
2446,0.9546,7.7949,4.3817,2.3285,15.4597,0.038768
2447,0.9279,7.8377,4.4363,2.331,15.5329,0.072201
2448,0.9373,7.79,4.5384,2.4726,15.7383,0.060696
2449,1.0363,7.7694,4.3947,2.3304,15.5308,0.08146
2450,0.9698,7.8155,4.4323,2.3489,15.5666,0.01459
2451,0.921,7.7696,4.4111,2.3275,15.4293,0.012543
2452,0.9311,7.8029,4.5036,2.3047,15.5423,0.014945
2453,0.9655,7.843,4.4026,2.3234,15.5344,0.011392
2454,1.0167,7.8218,4.3913,2.3081,15.5379,0.011951
2455,0.9051,7.84,4.4188,2.3075,15.4713,0.016292
2456,0.9234,7.8128,4.4156,2.3366,15.4883,0.02369
2457,0.9434,7.8507,4.3762,2.3465,15.5169,0.016636
2458,0.9555,7.9429,4.4255,2.3456,15.6695,0.017065
2459,0.9147,7.9438,4.486,2.3459,15.6903,0.019962
2460,0.9379,7.8273,4.4541,2.3265,15.5458,0.014568
2461,0.9355,7.8031,4.3939,2.336,15.4685,0.017785
2462,0.9526,7.7915,4.4473,2.3092,15.5005,0.014898
2463,0.9501,7.8159,4.4489,2.3111,15.526,0.013471
2464,0.9521,7.7605,4.399,2.3046,15.4162,0.01072
2465,0.9328,7.834,4.437,2.2977,15.5015,0.063773
2466,0.9441,7.8832,4.4278,2.3303,15.5854,0.059754
2467,0.9222,7.8407,4.3737,2.3423,15.4789,0.051036
2468,0.9357,8.2577,4.3786,2.3299,15.902,0.050019
2469,0.9337,7.8793,4.383,2.3345,15.5304,0.048703
2470,0.9565,7.8346,4.3715,2.3539,15.5165,0.049398
2471,0.9314,7.7851,4.4091,2.3441,15.4697,0.054076
2472,0.9305,7.8261,4.4103,2.3135,15.4803,0.050151
2473,0.9669,7.7757,4.4088,2.3183,15.4697,0.048908
2474,0.9843,7.8264,4.4063,2.3252,15.5422,0.054389
2475,0.9018,7.8831,4.3901,2.3035,15.4785,0.0619
2476,0.9369,7.8478,4.3533,2.3258,15.4638,0.058356
2477,0.9269,7.7981,4.3538,2.333,15.4119,0.053842
2478,0.9495,7.8865,4.415,2.3351,15.5861,0.013028
2479,0.9192,7.878,4.3678,2.3312,15.4962,0.015196
2480,0.9229,7.8063,4.4261,2.3444,15.4997,0.014067
2481,0.9327,7.8164,4.3809,2.3012,15.4312,0.028024
2482,0.9961,7.7821,4.3871,2.2998,15.4651,0.998712
2483,0.9455,7.863,4.4435,2.304,15.556,0.999999
2484,0.9279,7.9889,4.3593,2.3116,15.5877,0.999999
2485,0.9468,7.7863,4.301,2.3399,15.3739,0.999998
2486,0.9513,7.9156,4.307,2.3456,15.5195,0.999998
2487,0.8925,7.7772,4.3323,2.3395,15.3415,0.999998
2488,0.9294,7.8009,4.2902,2.3424,15.363,0.999997
2489,0.9637,7.7534,4.3394,2.3254,15.3819,0.999995
2490,0.9517,7.7879,4.3761,2.3407,15.4564,0.999995
2491,0.981,7.8963,4.2868,2.307,15.471,0.999994
2492,0.9559,7.9792,4.3152,2.3287,15.579,0.999995
2493,0.9351,7.7612,4.3075,2.3392,15.3431,0.999996
2494,0.9598,7.8219,4.3308,2.3495,15.4619,0.999995
2495,0.9435,8.1517,4.3122,2.35,15.7574,0.999997
2496,0.9275,7.7094,4.2979,2.3498,15.2846,0.999996
2497,0.8761,7.7208,4.2966,2.303,15.1964,0.999995
2498,0.95,7.7328,4.3542,2.3131,15.3501,0.999998
2499,0.9617,7.7773,6.3442,2.3415,17.4247,0.999987
2500,0.9345,7.718,4.3996,2.3406,15.3926,0.99997
2501,0.9416,7.8379,4.4072,2.3,15.4867,0.999593
2502,0.9791,7.7169,4.421,2.3235,15.4404,0.993347
2503,1.0011,7.8332,4.4008,2.3199,15.5551,0.795851
2504,0.9497,7.75,4.4832,2.3434,15.5263,0.665039
2505,0.9089,7.8062,4.3977,2.3316,15.4444,0.034987
2506,0.9246,7.6766,4.3971,2.3387,15.3369,0.03056
2507,0.9284,7.7511,4.4065,2.3294,15.4154,0.033615
2508,0.9522,7.6918,4.4521,2.336,15.4321,0.03096
2509,0.9204,7.773,4.4535,2.2954,15.4422,0.022814
2510,0.9988,7.7449,4.3902,2.3096,15.4434,0.045096
2511,0.9913,7.8107,4.4243,2.3117,15.5381,0.035078
2512,0.9733,7.7377,4.3882,2.3461,15.4453,0.039985
2513,0.9236,7.8044,4.3661,2.311,15.4052,0.065755
2514,0.9569,7.7888,4.3646,2.3326,15.4429,0.024863
2515,0.9603,7.7684,4.3789,2.3436,15.4512,0.030397
2516,0.9325,7.6967,4.3358,2.3255,15.2905,0.024186
2517,0.9039,7.9391,4.4554,2.3079,15.6064,0.023531
2518,0.9816,7.7147,4.3887,2.3199,15.4049,0.022831
2519,0.986,7.7751,4.4553,2.2933,15.5096,0.024812
2520,0.9376,7.7266,4.3816,2.3354,15.3813,0.020826
2521,0.9009,8.1419,4.3878,2.3254,15.7559,0.020052
2522,0.9532,7.7228,4.3897,2.3347,15.4005,0.019581
2523,0.9593,7.8438,4.3504,2.3309,15.4844,0.025651
2524,0.9244,7.7208,4.3909,2.3468,15.3829,0.025446
2525,0.8922,7.8028,4.435,2.312,15.442,0.029035
2526,0.9747,7.7847,4.3708,2.3206,15.4507,0.027414
2527,1.0151,7.7776,4.4133,2.3034,15.5094,0.031474
2528,0.9313,7.7143,4.4538,2.3216,15.421,0.036382
2529,0.8916,7.7953,4.5198,2.3296,15.5363,0.044699
2530,0.9581,7.7889,4.3875,2.3201,15.4545,0.023616
2531,0.9537,7.7655,4.3624,2.3394,15.4209,0.018378
2532,0.9349,7.6841,4.4496,2.3628,15.4314,0.014309
2533,0.9028,7.8155,4.5338,2.3499,15.6022,0.009748
2534,0.9595,7.7073,4.4493,2.3164,15.4324,0.018473
2535,0.9782,7.8634,4.3608,2.2943,15.4968,0.022116
2536,0.9692,7.7172,4.4549,2.312,15.4533,0.036345
2537,0.8882,7.8625,4.5234,2.2954,15.5695,0.055048
2538,0.9222,7.7719,4.4799,2.3363,15.5102,0.046954
2539,0.933,7.7749,4.3949,2.3221,15.4249,0.038742
2540,0.9521,7.7385,4.3519,2.3476,15.3901,0.046543
2541,0.9117,7.8555,4.4202,2.3426,15.5301,0.059904
2542,0.9506,7.8076,4.3835,2.3322,15.4739,0.022707
2543,0.9786,7.7763,4.4678,2.2994,15.5221,0.020222
2544,0.9622,7.6731,4.4394,2.3151,15.3898,0.017097
2545,0.8987,8.3239,4.4826,2.297,16.0021,0.023501
2546,0.9685,7.7605,4.4071,2.3139,15.4501,0.027032
2547,0.954,7.7752,4.3716,2.3317,15.4325,0.022851
2548,0.9508,8.0262,4.3659,2.3465,15.6894,0.018529
2549,0.9291,7.8943,4.4176,2.3481,15.5891,0.037915
2550,0.958,7.7754,4.3948,2.3318,15.46,0.038037
2551,0.9615,7.8243,4.3582,2.333,15.4769,0.036866
2552,0.9216,7.773,4.357,2.3147,15.3662,0.061828
2553,0.9195,7.821,4.4217,2.3102,15.4725,0.067396
2554,0.9998,7.8569,4.3842,2.3042,15.545,0.107911
2555,0.9997,7.7923,4.3458,2.2965,15.4343,0.127254
2556,0.9303,7.6957,4.4052,2.3109,15.342,0.009513
2557,0.8896,7.8385,4.3577,2.3177,15.4035,0.005548
2558,0.9505,7.8203,4.3469,2.3485,15.4662,0.003441
2559,0.9628,7.7399,4.33,2.3423,15.375,0.006212
2560,0.9617,7.6843,4.3546,2.3639,15.3645,0.00549
2561,0.9715,7.8708,4.3467,2.2937,15.4827,0.0057
2562,0.9834,7.7831,4.3729,2.3205,15.4599,0.00557
2563,0.955,7.7853,4.355,2.3104,15.4056,0.004433
2564,0.9662,7.6742,4.31,2.3369,15.2874,0.004639
2565,0.9046,7.811,4.4012,2.3403,15.4571,0.072273
2566,0.9505,7.6607,4.3594,2.3558,15.3264,0.007704
2567,0.9713,7.7492,4.321,2.2987,15.3402,0.008423
2568,0.9943,7.7034,4.2951,2.3247,15.3175,0.0086
2569,0.9117,8.3203,4.3262,2.2941,15.8523,0.009224
2570,0.9766,7.8046,4.3837,2.3096,15.4745,0.014885
2571,0.9529,7.8319,4.4017,2.337,15.5236,0.016265
2572,0.9551,7.8451,4.2962,2.3494,15.4458,0.091022
2573,0.9209,7.9122,4.3524,2.3297,15.5151,0.014759
2574,0.964,7.9897,4.333,2.3521,15.6388,0.015171
2575,0.9515,7.7578,4.3379,2.3708,15.4181,0.00865
2576,0.9303,7.6852,4.4201,2.3061,15.3417,0.006423
2577,0.9451,7.874,4.4865,2.4382,15.7438,0.006046
2578,0.917,7.6174,4.3837,2.3114,15.2294,0.011163
2579,0.9555,7.896,4.3517,2.3054,15.5086,0.012779
2580,0.922,7.7349,4.3042,2.3293,15.2903,0.020378
2581,0.8847,7.8052,4.3395,2.3265,15.3559,0.032082
2582,0.9579,7.8011,4.3554,2.3573,15.4717,0.029975
2583,0.9677,7.8051,4.3364,2.3714,15.4806,0.046479
2584,0.9379,7.7814,4.3203,2.325,15.3646,0.054328
2585,0.9189,7.8104,4.3488,2.3112,15.3894,0.066493
2586,0.9896,7.637,4.321,2.3017,15.2493,0.045442
2587,0.9657,7.759,4.3232,2.3285,15.3764,0.056288
2588,0.9306,7.6886,4.3026,2.3344,15.2562,0.030711
2589,0.8949,7.8281,4.3336,2.3332,15.3897,0.045867
2590,0.959,7.7237,4.3134,2.3476,15.3438,0.054101
2591,0.9456,7.8484,4.3118,2.3093,15.4151,0.03707
2592,0.9847,7.7784,4.2994,2.309,15.3715,0.065288
2593,0.9024,7.8586,4.3291,2.3002,15.3904,0.031539
2594,0.9239,7.7897,4.3255,2.3455,15.3846,0.051466
2595,0.9274,7.7626,4.3571,2.3323,15.3794,0.052585
2596,0.966,7.6948,4.447,2.3395,15.4471,0.044175
2597,0.8906,7.7553,4.3135,2.3282,15.2877,0.025294
2598,0.9596,7.7003,4.3041,2.3186,15.2826,0.035418
2599,0.9872,7.8653,4.3182,2.292,15.4628,0.033059
2600,0.9405,7.7755,4.3295,2.3216,15.3671,0.039799
2601,0.9037,8.27,4.3222,2.318,15.814,0.030018
2602,0.9429,7.7356,4.3313,2.3375,15.3473,0.028101
2603,0.9309,7.7443,4.3591,2.3398,15.3741,0.04221
2604,0.9562,7.7302,4.3807,2.3598,15.4269,0.04846
2605,0.9215,7.8404,4.3519,2.3489,15.4627,0.034929
2606,0.9272,7.7342,4.3517,2.3246,15.3378,0.011617
2607,0.9677,7.7762,4.3231,2.3412,15.4082,0.013306
2608,0.9548,7.7679,4.3486,2.2912,15.3625,0.011556
2609,0.9101,7.8015,4.3238,2.3298,15.3653,0.008043
2610,0.9234,7.7105,4.2808,2.3503,15.2649,0.021839
2611,0.9316,7.8283,4.3187,2.3583,15.4369,0.012381
2612,0.9545,7.699,4.3381,2.3105,15.3021,0.030162
2613,0.9104,7.7504,4.2856,2.3038,15.2502,0.043089
2614,0.9979,7.7097,4.3541,2.3244,15.3861,0.047031
2615,0.9744,7.7382,4.3152,2.3243,15.352,0.050091
2616,0.9579,7.7241,4.3391,2.3343,15.3553,0.048083
2617,0.9193,7.8426,4.3403,2.3499,15.4521,0.028587
2618,0.9523,7.7378,4.3147,2.3553,15.3602,0.030293
2619,0.9618,7.7636,4.3399,2.3143,15.3795,0.026491
2620,0.9824,7.7367,4.3394,2.3242,15.3827,0.026064
2621,0.9633,7.989,4.3363,2.3111,15.5997,0.014676
2622,0.9859,7.7582,4.3264,2.3141,15.3846,0.025143
2623,0.9475,7.8139,4.2885,2.3371,15.3871,0.021341
2624,0.9637,7.807,4.331,2.3316,15.4334,0.030209
2625,0.9142,7.8215,4.3317,2.3505,15.4179,0.029801
2626,0.9461,7.7533,4.3322,2.3522,15.3838,0.030485
2627,0.9489,8.0684,4.3335,2.3268,15.6775,0.032563
2628,0.9632,7.8151,4.3771,2.3046,15.4599,0.038981
2629,0.9538,7.8155,4.4012,2.3065,15.477,0.036015
2630,0.9803,7.7574,4.4205,2.3084,15.4666,0.039155
2631,0.9481,7.7608,4.3272,2.3188,15.3549,0.033677
2632,0.9615,7.7179,4.3212,2.3407,15.3412,0.027175
2633,0.9269,7.811,4.3592,2.3208,15.4179,0.015387
2634,0.955,7.7057,4.343,2.3529,15.3566,0.022316
2635,0.965,7.8503,4.3205,2.3146,15.4504,0.020487
2636,0.971,7.6914,4.3804,2.3242,15.367,0.028424
2637,0.9263,7.8094,6.3324,2.3369,17.405,0.020801
2638,0.9433,7.7445,4.3477,2.3469,15.3823,0.022408
2639,0.9684,7.8032,4.3671,2.3127,15.4515,0.028192
2640,0.9565,7.7337,4.4211,2.3133,15.4246,0.030424
2641,0.9345,7.7772,4.3817,2.2908,15.3842,0.020287
2642,0.9467,7.7396,4.3149,2.3322,15.3333,0.041952
2643,0.9665,7.7675,4.3452,2.3264,15.4056,0.038953
2644,0.9302,7.6939,4.3566,2.3442,15.3248,0.043924
2645,0.8998,7.8012,4.3665,2.348,15.4155,0.052453
2646,0.9434,7.7802,4.4451,2.3025,15.4712,0.055046
2647,0.9792,7.7654,4.3822,2.2932,15.4199,0.049713
2648,0.9812,7.7387,4.3462,2.3181,15.3842,0.057975
2649,0.8987,7.879,4.3627,2.3377,15.478,0.064954
2650,0.9474,7.7189,4.3235,2.3467,15.3364,0.053629
2651,0.9639,7.7726,4.4344,2.3349,15.5058,0.054074
2652,0.9593,7.7025,4.3291,2.3381,15.3291,0.065328
2653,0.9078,7.7736,4.3568,2.3108,15.349,0.052454
2654,0.9235,8.0147,4.3267,2.325,15.5901,0.043779
2655,0.9711,7.7585,4.327,2.2958,15.3525,0.04715
2656,0.984,7.6991,4.3682,2.3149,15.3663,0.0466
2657,0.907,7.7864,4.3198,2.3139,15.3271,0.038562
2658,0.955,7.7276,4.3697,2.3506,15.4029,0.049577
2659,0.9643,7.7995,4.3398,2.3308,15.4343,0.053832
2660,0.9336,7.6753,4.4121,2.3656,15.3866,0.047668
2661,0.8982,7.7963,4.4265,2.3108,15.4318,0.065007
2662,0.9783,7.7073,4.3422,2.3183,15.3461,0.070265
2663,1.006,7.7927,4.3701,2.2985,15.4672,0.073851
2664,0.9294,7.7615,4.2965,2.3443,15.3318,0.086157
2665,0.9057,7.8267,4.332,2.3283,15.3926,0.098085
2666,0.9568,7.8382,4.2996,2.3467,15.4413,0.997217
2667,0.9622,7.798,4.3379,2.3458,15.4438,0.999992
2668,0.9324,7.7463,4.2509,2.3216,15.2513,0.999999
2669,0.9129,7.9489,4.2947,2.2988,15.4553,0.999994
2670,0.9763,7.7985,4.2749,2.3153,15.365,0.999991
2671,0.9702,7.8582,4.2755,2.3314,15.4354,0.999991
2672,0.9366,7.719,4.3309,2.3674,15.3539,0.999981
2673,0.8905,7.7687,4.3371,2.3621,15.3585,0.999983
2674,0.9557,7.7053,4.2923,2.3435,15.2968,0.999976
2675,0.9654,7.7416,4.2813,2.2868,15.2752,0.999991
2676,0.9781,7.6991,4.2729,2.3189,15.2691,0.999986
2677,0.8877,7.784,4.3118,2.3134,15.2969,0.99999
2678,0.9451,7.8325,4.2765,2.339,15.3932,0.999985
2679,0.9568,7.7469,4.288,2.3245,15.3162,0.999982
2680,0.9517,8.084,4.28,2.3333,15.649,0.999992
2681,0.8931,7.8877,4.301,2.3468,15.4287,0.999994
2682,0.9537,7.7864,4.2841,2.3086,15.3328,0.999995
2683,0.9901,7.7882,4.3208,2.3138,15.4129,0.999995
2684,0.9658,7.6455,4.3242,2.3111,15.2466,0.999933
2685,0.8898,7.8907,4.3523,2.485,15.6178,0.999926
2686,0.9666,7.8229,4.2988,2.3519,15.4402,0.999798
2687,0.9853,7.7669,4.3161,2.3322,15.4005,0.999065
2688,0.9282,7.7329,4.3645,2.3523,15.3779,0.970583
2689,0.9212,7.8384,4.3219,2.3367,15.4182,0.957367
2690,0.9256,7.7169,4.2991,2.3114,15.2529,0.446778
2691,0.9736,7.8037,4.3122,2.306,15.3955,0.283945
2692,0.9571,7.6901,4.3282,2.3418,15.3171,0.326647
2693,0.9143,7.7895,4.3332,2.3294,15.3664,0.280748
2694,0.9287,7.6722,4.3423,2.347,15.2903,0.174444
2695,0.9385,7.8173,4.3443,2.3563,15.4564,0.210334
2696,0.9634,7.7546,4.3579,2.3244,15.4002,0.192001
2697,0.9472,7.8581,4.4195,2.3125,15.5373,0.141103
2698,0.9779,7.7611,4.2982,2.3076,15.3448,0.194962
2699,0.9677,7.8273,4.3444,2.3098,15.4492,0.192198
2700,0.9386,7.7475,4.3446,2.3356,15.3664,0.205288
2701,0.8888,7.8586,4.3414,2.3281,15.4169,0.346642
2702,0.9611,7.6946,4.3049,2.3493,15.3099,0.290036
2703,0.9511,7.8037,4.323,2.3388,15.4167,0.234627
2704,0.9428,7.6267,4.3391,2.3267,15.2353,0.227931
2705,0.9205,7.8241,4.343,2.2942,15.3819,0.193462
2706,0.9544,7.7857,4.3143,2.3575,15.412,0.17601
2707,0.9317,8.1304,4.4944,2.328,15.8845,0.18704
2708,0.9763,7.6847,4.3384,2.3472,15.3466,0.175332
2709,0.9115,7.8223,4.3166,2.3366,15.387,0.151101
2710,0.944,7.7151,4.3177,2.3474,15.3243,0.205839
2711,0.9275,7.8116,4.3331,2.3061,15.3783,0.198175
2712,1.0049,7.6608,4.2817,2.3138,15.2613,0.192803
2713,0.9465,7.8233,4.3319,2.3168,15.4185,0.17983
2714,0.9388,7.7086,4.3112,2.3227,15.2813,0.197624
2715,0.9348,7.7908,4.3147,2.3153,15.3556,0.16672
2716,0.9498,7.6713,4.3479,2.3405,15.3096,0.250806
2717,0.92,7.7916,4.3317,2.3471,15.3904,0.268017
2718,0.9548,7.7219,4.3576,2.2975,15.3317,0.161546
2719,0.9854,7.71,4.3224,2.2948,15.3126,0.188951
2720,0.9577,7.6566,4.3016,2.3277,15.2435,0.170182
2721,0.914,7.8327,4.4001,2.3367,15.4835,0.06919
2722,0.9502,7.7647,4.3251,2.36,15.4001,0.138385
2723,0.9605,7.7658,4.3707,2.3421,15.4391,0.13529
2724,0.9338,7.6952,4.317,2.3486,15.2946,0.105582
2725,0.9146,7.8154,4.3678,2.3066,15.4045,0.094839
2726,0.9734,7.6923,4.315,2.3235,15.3042,0.096145
2727,0.97,7.7528,4.36,2.2984,15.3814,0.077206
2728,0.9464,7.7453,4.292,2.3277,15.3114,0.118653
2729,0.9067,7.8275,4.3094,2.3147,15.3582,0.126442
2730,0.9221,7.7266,4.3381,2.3448,15.3316,0.08461
2731,0.9315,7.7615,4.3367,2.2982,15.3279,0.046824
2732,0.9643,7.6767,4.3284,2.2974,15.2668,0.03984
2733,0.9651,8.1037,4.3533,2.3098,15.7319,0.035848
2734,1.0093,7.8085,4.3255,2.3252,15.4684,0.08117
2735,0.9542,7.816,4.327,2.3277,15.4249,0.075368
2736,0.9507,7.7529,4.373,2.3264,15.4031,0.039889
2737,0.9122,7.7957,4.3845,2.3375,15.4298,0.039927
2738,0.9453,7.8261,4.3562,2.3441,15.4716,0.069639
2739,0.9522,7.8012,4.3526,2.3333,15.4393,0.060247
2740,0.933,7.6695,4.4259,2.3022,15.3305,0.073441
2741,0.9332,7.7826,4.4108,2.2875,15.4141,0.084143
2742,0.9463,7.8267,4.3484,2.3036,15.4249,0.054123
2743,0.967,7.7343,4.3656,2.3305,15.3974,0.058898
2744,0.9469,7.6986,4.2943,2.3262,15.2661,0.089731
2745,0.9288,7.6805,4.3233,2.3413,15.274,0.080559
2746,0.917,7.7806,4.3161,2.3276,15.3412,0.105702
2747,0.9175,7.7631,4.2986,2.3265,15.3057,0.085403
2748,0.9324,7.8147,4.3172,2.3155,15.3799,0.08183
2749,0.9665,7.7849,4.3332,2.3358,15.4203,0.05459
2750,0.9618,7.7557,4.366,2.3003,15.3839,0.05117
2751,0.9295,7.8148,4.3717,2.3355,15.4515,0.085108
2752,0.9553,7.9816,4.3475,2.3524,15.6368,0.107971
2753,0.9209,7.7587,4.3155,2.3311,15.3262,0.097243
2754,0.9635,7.8076,4.424,2.3181,15.5132,0.083266
2755,0.9147,7.7668,4.4318,2.3116,15.4249,0.055948
2756,1.0262,7.7933,4.3178,2.319,15.4563,0.118098
2757,0.9528,7.7954,4.3522,2.3181,15.4184,0.128107
2758,0.9472,7.73,4.3502,2.3305,15.3579,0.059832
2759,0.9185,8.037,4.3295,2.3367,15.6216,0.08874
2760,0.9517,7.8174,4.3057,2.3593,15.4341,0.060079
2761,0.9437,7.9669,4.3767,2.3539,15.6412,0.068786
2762,0.9407,7.773,4.3479,2.3141,15.3757,0.070547
2763,0.9332,7.7482,4.3231,2.3091,15.3136,0.03248
2764,0.9671,7.8694,4.3515,2.3139,15.5019,0.097305
2765,0.9547,7.8005,4.3158,2.3377,15.4087,0.152621
2766,0.953,7.8242,4.3097,2.3359,15.4228,0.125783
2767,0.9064,7.8005,4.2971,2.3407,15.3447,0.128805
2768,0.964,7.8269,4.3134,2.3601,15.4644,0.152125
2769,0.9559,7.8066,4.4071,2.35,15.5196,0.155748
2770,0.9495,7.8226,4.351,2.3165,15.4395,0.183561
2771,0.9494,7.849,4.372,2.3093,15.4796,0.168407
2772,1.0183,7.8991,4.3116,2.314,15.543,0.129717
2773,0.9524,7.7928,4.303,2.3105,15.3587,0.136335
2774,0.9503,7.8373,4.352,2.3309,15.4705,0.112884
2775,0.9092,7.8184,4.3334,2.3399,15.401,0.088644
2776,0.9602,7.8541,4.304,2.3469,15.4652,0.43173
2777,0.9605,7.7374,4.3022,2.3467,15.3468,0.4438
2778,0.9421,7.7978,4.3809,2.3062,15.4269,0.40413
2779,0.9348,7.8122,4.3602,2.3183,15.4256,0.193906
2780,0.9999,7.8118,4.3403,2.3084,15.4603,0.104301
2781,0.9573,7.8334,4.3466,2.3231,15.4605,0.495213
2782,0.9576,7.8351,4.356,2.3527,15.5013,0.475713
2783,0.9015,7.7052,4.3334,2.3342,15.2743,0.437329
2784,0.9645,7.8372,4.2987,2.3489,15.4493,0.456051
2785,0.9565,7.6962,4.4058,2.3606,15.4191,0.393036
2786,0.95,8.1437,4.3354,2.3209,15.7499,0.345938
2787,0.9152,7.8515,4.3326,2.3083,15.4076,0.272143
2788,0.9966,7.8215,4.3806,2.3107,15.5094,0.365258
2789,0.9444,7.8103,4.3223,2.3211,15.3981,0.27649
2790,0.9686,7.8001,4.3051,2.3349,15.4087,0.281771
2791,0.9112,7.8197,4.3222,2.3448,15.3978,0.283046
2792,0.9435,7.7782,4.4092,2.3483,15.4792,0.236929
2793,0.9269,7.7797,4.2795,2.3346,15.3206,0.185727
2794,0.9504,7.824,4.3016,2.3253,15.4013,0.145854
2795,0.9272,7.7783,4.287,2.321,15.3136,0.116037
2796,0.9562,7.862,4.2892,2.3095,15.4169,0.111376
2797,0.9251,7.7606,4.2651,2.3372,15.288,0.125775
2798,0.9356,7.821,4.2642,2.3529,15.3738,0.088075
2799,0.9167,7.8432,4.3428,2.3579,15.4607,0.085172
2800,0.9654,7.7741,4.2992,2.3458,15.3845,0.09983
2801,0.955,7.7878,4.3039,2.3131,15.3599,0.121222
2802,0.9859,7.7897,4.3473,2.3258,15.4488,0.069679
2803,0.9409,7.7613,4.2972,2.3148,15.3142,0.049611
2804,0.9289,7.8742,4.2562,2.3252,15.3845,0.095677
2805,0.9301,7.739,4.3007,2.3272,15.2971,0.021482
2806,0.9489,7.8787,4.2777,2.3519,15.4572,0.039256
2807,0.9039,7.7622,4.3497,2.3306,15.3463,0.037182
2808,0.9362,7.8418,4.3022,2.2993,15.3793,0.022876
2809,0.9584,7.7576,4.3,2.2948,15.3108,0.028399
2810,0.9784,7.7914,4.2882,2.3158,15.3738,0.031627
2811,0.9293,7.8058,4.3385,2.3241,15.3977,0.025221
2812,0.9613,8.0893,4.2879,2.3452,15.6837,0.050833
2813,0.9592,7.7556,4.2712,2.3497,15.3357,0.038604
2814,0.9597,7.7515,4.3642,2.328,15.4034,0.045892
2815,0.8875,8.0013,4.3439,2.33,15.5626,0.076852
2816,0.9637,7.8064,4.2878,2.3012,15.3591,0.051317
2817,0.9785,7.8351,4.2987,2.3237,15.436,0.125155
2818,0.9889,7.7949,4.3037,2.3133,15.4008,0.010323
2819,0.8876,7.8563,4.3041,2.3405,15.3885,0.012632
2820,0.9629,7.812,4.3287,2.3442,15.4478,0.00656
2821,0.9398,7.8147,4.317,2.3374,15.409,0.006201
2822,0.9534,7.7674,4.2632,2.3718,15.3558,0.005536
2823,0.8998,7.8026,4.3329,2.3211,15.3564,0.00514
2824,0.998,7.7944,4.3298,2.3095,15.4317,0.008162
2825,0.9734,7.7694,4.2957,2.3042,15.3427,0.0107
2826,0.9519,7.771,4.3132,2.3351,15.3712,0.02018
2827,0.9278,7.8942,4.2898,2.3268,15.4386,0.021641
2828,0.9497,7.8549,4.3256,2.3511,15.4813,0.026669
2829,0.9329,7.7467,4.3677,2.3366,15.3839,0.022768
2830,0.9442,7.7966,4.3985,2.3129,15.4522,0.029221
2831,0.9031,7.8675,4.3646,2.3169,15.452,0.011667
2832,0.9957,7.8744,4.4189,2.3134,15.6024,0.016531
2833,0.9978,7.8251,4.348,2.3008,15.4717,0.005473
2834,0.9309,7.8102,4.2976,2.3436,15.3822,0.005248
2835,0.9128,7.8156,4.3404,2.3362,15.4049,0.004431
2836,0.9683,7.8421,4.3305,2.3436,15.4845,0.006887
2837,0.9571,8.2463,4.3122,2.3364,15.852,0.005478
2838,0.9251,7.8475,4.3823,2.3699,15.5248,0.004903
2839,0.8925,8.0938,4.3851,2.3514,15.7228,0.003099
2840,0.9535,7.8586,4.2886,2.3035,15.4042,0.00648
2841,0.9838,7.8346,4.2986,2.3248,15.4417,0.004734
2842,0.9952,7.8241,4.3414,2.3311,15.4918,0.005477
2843,0.9133,7.8559,4.285,2.3273,15.3816,0.004522
2844,0.9594,7.845,4.275,2.3433,15.4227,0.00354
2845,0.9492,7.7996,4.3028,2.3389,15.3906,0.008839
2846,0.9342,7.8341,4.289,2.3387,15.396,0.009468
2847,0.9033,7.8044,4.3541,2.3487,15.4105,0.007294
2848,0.9527,7.8238,4.3195,2.3147,15.4107,0.007822
2849,0.9773,7.7768,4.3198,2.3232,15.3972,0.010087
2850,0.9537,7.7624,4.2792,2.2997,15.295,0.012953
2851,0.9297,7.8792,4.316,2.3285,15.4534,0.015274
2852,0.967,7.8444,4.2891,2.3457,15.4462,0.018231
2853,0.96,7.7617,4.295,2.3412,15.3578,0.019397
2854,0.926,7.7775,4.303,2.3497,15.3563,0.019745
2855,0.9242,7.7953,4.31,2.2971,15.3265,0.019689
2856,1.0019,7.8172,4.2969,2.3184,15.4345,0.01948
2857,0.9898,7.7315,4.3049,2.3243,15.3504,0.018641
2858,0.9286,7.8442,4.3283,2.3323,15.4334,0.018078
2859,0.9094,7.8057,4.2915,2.3469,15.3535,0.017065
2860,0.9642,7.8524,4.2866,2.3466,15.4497,0.017565
2861,0.9599,7.8416,4.3093,2.3776,15.4884,0.013463
2862,0.9338,7.7612,4.3,2.3201,15.3151,0.011339
2863,0.9389,7.7968,4.3176,2.3112,15.3645,0.008612
2864,0.99,7.8542,4.3652,2.3256,15.535,0.013932
2865,0.9388,8.2393,4.3073,2.3203,15.8057,0.011394
2866,0.9525,7.8562,4.2857,2.3338,15.4282,0.014042
2867,0.9127,7.8469,4.2789,2.3229,15.3614,0.017977
2868,0.9383,7.7649,4.2686,2.3516,15.3234,0.014776
2869,0.9237,7.8094,4.2871,2.3342,15.3543,0.020896
2870,0.9492,7.7937,4.3981,2.3082,15.4492,0.022071
2871,0.9478,7.8098,4.295,2.323,15.3756,0.022542
2872,0.9952,7.8983,4.3056,2.3032,15.5024,0.02031
2873,0.9547,7.7989,4.2714,2.3238,15.3487,0.015817
2874,0.9336,7.8038,4.2742,2.3315,15.3431,0.016423
2875,0.9371,7.912,4.2913,2.3364,15.4768,0.007651
2876,0.965,7.8369,4.4104,2.3247,15.537,0.012425
2877,0.9373,7.7921,4.2988,2.3453,15.3736,0.011504
2878,0.9569,7.8171,4.3032,2.3151,15.3923,0.011085
2879,0.9424,7.7975,4.3024,2.3712,15.4134,0.007234
2880,0.9831,7.8316,4.3408,2.3249,15.4804,0.010584
2881,0.9343,7.8497,4.2752,2.3587,15.4179,0.011679
2882,0.9562,7.8383,4.2793,2.3331,15.4069,0.011134
2883,0.9099,7.8612,4.2818,2.3809,15.4338,0.00933
2884,0.9732,7.8008,4.3402,2.351,15.4652,0.012383
2885,0.9536,7.8925,4.2974,2.345,15.4886,0.016014
2886,0.9559,7.7998,4.3121,2.315,15.383,0.015292
2887,0.934,7.8473,4.2984,2.305,15.3848,0.011438
2888,1.0144,7.817,4.2892,2.3117,15.4323,0.024704
2889,0.9409,7.8891,4.2937,2.3441,15.4678,0.027033
2890,0.9273,7.8158,4.2949,2.3418,15.3798,0.021111
2891,0.9138,7.8102,4.2636,2.3428,15.3304,0.058416
2892,0.9719,8.2993,4.3137,2.3519,15.9368,0.021656
2893,0.9327,7.7886,4.3194,2.3571,15.3978,0.02572
2894,0.9397,7.8388,4.3468,2.3181,15.4434,0.028002
2895,0.9433,7.8804,4.2958,2.3132,15.4327,0.042995
2896,0.9979,7.8513,4.3124,2.319,15.4806,0.029015
2897,0.9567,7.7735,4.2765,2.3339,15.3407,0.020127
2898,0.9346,7.7977,4.2901,2.329,15.3515,0.016445
2899,0.9087,7.8795,4.3011,2.3331,15.4224,0.022904
2900,0.9583,7.872,4.2917,2.356,15.4781,0.041097
2901,0.9225,7.8545,4.3514,2.3518,15.4802,0.034238
2902,0.9372,7.7964,4.326,2.3209,15.3805,0.032788
2903,0.9372,7.8243,4.2842,2.3169,15.3626,0.034235
2904,0.9812,7.8516,4.2975,2.3324,15.4627,0.052451
2905,0.9301,7.8369,4.2839,2.3301,15.3811,0.019325
2906,0.92,7.8427,4.2819,2.341,15.3856,0.022971
2907,0.9078,7.827,4.3413,2.331,15.4072,0.029397
2908,0.9633,7.8451,4.2792,2.3449,15.4325,0.01905
2909,0.9315,7.7597,4.3564,2.3484,15.3959,0.021005
2910,0.967,7.8338,4.2981,2.3203,15.4192,0.02361
2911,0.9451,7.7397,4.3626,2.302,15.3494,0.019081
2912,0.9427,7.9097,4.2863,2.3382,15.4769,0.041053
2913,0.9232,7.7995,4.2717,2.3276,15.322,0.955903
2914,0.9487,7.7931,4.278,2.3535,15.3732,0.999996
2915,0.9156,7.802,4.3313,2.3555,15.4043,0.99999
2916,0.9636,7.8965,4.2985,2.3375,15.4961,0.999904
2917,0.9625,7.7261,4.2776,2.2993,15.2655,0.976951
2918,0.9784,8.0568,4.3052,2.3126,15.653,0.896193
2919,0.9355,8.4139,4.3143,2.3329,15.9967,0.665815
2920,1.0136,7.7857,4.3096,2.3072,15.4161,0.6675
2921,0.9612,7.8543,4.2799,2.3303,15.4257,0.630901
2922,0.9509,7.8016,4.3112,2.3268,15.3905,0.56363
2923,0.8936,7.8097,4.2803,2.3333,15.3169,0.044744
2924,0.9722,7.9175,4.3359,2.3681,15.5937,0.066134
2925,0.9292,7.7849,4.3925,2.3549,15.4614,0.062152
2926,0.9632,7.8575,4.2677,2.309,15.3975,0.07297
2927,0.9287,7.879,4.2932,2.3078,15.4088,0.047143
2928,0.9236,7.7596,4.2994,2.3182,15.3009,0.0852
2929,0.9361,7.7644,4.2887,2.3276,15.3168,0.011909
2930,0.9563,7.8687,4.3053,2.3153,15.4456,0.015505
2931,0.8866,7.8034,4.3157,2.3286,15.3343,0.012859
2932,0.9675,7.9064,4.298,2.3321,15.5041,0.032656
2933,0.9487,7.7771,4.2852,2.3106,15.3216,0.052943
2934,0.9713,7.8605,4.2862,2.32,15.438,0.049643
2935,0.8793,7.8621,4.3149,2.3046,15.3609,0.044011
2936,0.9536,7.8873,4.3305,2.3327,15.504,0.012276
2937,0.9619,7.8004,4.2712,2.3469,15.3804,0.047551
2938,0.9629,7.8178,4.2841,2.3392,15.404,0.367032
2939,0.9075,7.8434,4.3098,2.3391,15.3999,0.016952
2940,0.9221,7.8255,4.2838,2.3101,15.3416,0.005919
2941,0.9673,7.7963,4.3014,2.3153,15.3803,0.05813
2942,0.9685,7.7882,4.2723,2.3176,15.3467,0.046439
2943,0.8939,7.7852,4.2801,2.3329,15.292,0.116296
2944,0.924,7.8118,4.3446,2.327,15.4074,0.015848
2945,0.963,8.113,4.3049,2.3096,15.6905,0.008047
2946,0.9418,7.8646,4.3024,2.3516,15.4604,0.016629
2947,0.8986,7.819,4.3295,2.3535,15.4006,0.019409
2948,0.933,7.806,4.3108,2.4443,15.494,0.007265
2949,1.0792,7.9229,4.3119,2.3074,15.6213,0.015862
2950,0.9825,7.9316,4.2991,2.3094,15.5225,0.027489
2951,0.881,7.9214,4.3572,2.3219,15.4816,0.011749
2952,0.9634,7.8775,4.2587,2.3375,15.4372,0.032951
2953,0.9547,7.8228,4.2827,2.3231,15.3833,0.018206
2954,0.9524,7.8783,4.276,2.3404,15.4471,0.016666
2955,0.8851,7.8163,4.3264,2.3637,15.3915,0.038239
2956,0.9541,7.7872,4.2924,2.3071,15.3409,0.025338
2957,0.9801,7.8376,4.3071,2.3236,15.4484,0.024539
2958,1.0026,7.7595,4.3189,2.3237,15.4047,0.014015
2959,0.9123,7.8727,4.2886,2.3311,15.4047,0.021921
2960,0.9772,7.8092,4.2669,2.3446,15.398,0.021331
2961,0.9305,7.8333,4.2785,2.345,15.3873,0.024657
2962,0.9175,7.7886,4.3023,2.3574,15.3658,0.026279
2963,0.9087,7.8297,4.2955,2.3128,15.3468,0.017119
2964,1.0007,7.8632,4.2913,2.3082,15.4634,0.02287
2965,0.9671,7.806,4.2711,2.3172,15.3614,0.031649
2966,0.9375,7.8325,4.3207,2.4896,15.5803,0.029788
2967,0.958,7.889,4.3228,2.3336,15.5033,0.026434
2968,0.9377,7.772,4.2703,2.3431,15.3232,0.176634
2969,0.9503,7.8924,4.2965,2.3386,15.4777,0.355021
2970,0.9546,7.7955,4.2808,2.3233,15.3541,0.563651
2971,0.875,8.1316,4.3282,2.353,15.6878,0.996403
2972,0.9544,7.8263,4.3656,2.3148,15.4612,0.999975
2973,0.9705,7.7713,4.3023,2.314,15.358,0.999993
2974,0.9806,7.8111,4.3148,2.3119,15.4184,0.999993
2975,0.8993,7.8276,4.3094,2.3403,15.3765,0.999997
2976,0.9402,7.7789,4.3226,2.3393,15.3811,0.999997
2977,0.9711,7.8065,4.2644,2.3442,15.3862,0.999997
2978,0.9522,7.7783,4.2799,2.3431,15.3534,0.999996
2979,0.8984,7.7445,4.3313,2.3148,15.289,0.999996
2980,0.9738,7.8545,4.2915,2.3317,15.4515,0.999995
2981,0.9961,7.7615,4.3209,2.3246,15.4031,0.999998
2982,0.9193,7.8652,4.3138,2.3375,15.4359,0.999995
2983,0.901,7.84,4.3103,2.3466,15.3979,0.999996
2984,0.9543,7.7739,4.3007,2.3472,15.3761,0.999996
2985,0.9302,7.7663,4.311,2.3604,15.3678,0.999993
2986,0.9337,7.7742,4.3149,2.3158,15.3387,0.999994
2987,0.9303,7.8078,4.3373,2.313,15.3884,0.999993
2988,0.972,7.7945,4.3504,2.3272,15.4441,0.999992
2989,0.9475,7.7831,4.2848,2.3379,15.3533,0.999991
2990,0.9529,7.7224,4.3135,2.3365,15.3252,0.999989
2991,0.8835,7.7781,4.2874,2.3327,15.2817,0.999983
2992,0.9351,7.7381,4.2927,2.3464,15.3124,0.999884
2993,0.9607,7.803,4.2993,2.3045,15.3675,0.997656
2994,0.9808,7.7679,4.2838,2.2941,15.3266,0.994492
2995,0.9381,7.7255,4.3255,2.3233,15.3124,0.984979
2996,0.9191,7.796,4.3389,2.3381,15.3922,0.956104
2997,0.9047,7.7871,4.27,2.3256,15.2875,0.881429
2998,0.9368,8.1362,4.313,2.3521,15.738,0.774553
2999,0.9621,7.8873,4.2997,2.3598,15.5089,0.575154
3000,0.9643,7.7824,4.3449,2.319,15.4107,0.529947
3001,0.9278,8.6726,4.3082,2.3537,16.2623,0.429633
3002,0.9505,7.8724,4.3262,2.3004,15.4495,0.307507
3003,0.9996,7.8345,4.2866,2.3189,15.4396,0.465907
3004,1.035,7.7392,4.2791,2.3026,15.3559,0.466046
3005,0.8953,7.8281,4.2877,2.3392,15.3503,0.365804
3006,0.9216,7.845,4.289,2.3264,15.382,0.360342
3007,0.9669,7.9357,4.2863,2.3297,15.5186,0.610758
3008,0.9419,7.7838,4.3688,2.3176,15.4121,0.483304
3009,1.0313,7.7975,4.2853,2.3377,15.4518,0.30012
3010,0.9225,7.8145,4.3029,2.3155,15.3554,0.343256
3011,0.9802,7.9652,4.2841,2.3148,15.5442,0.271075
3012,0.9839,7.7562,4.3414,2.3083,15.3897,0.51342
3013,0.9045,7.8872,4.2781,2.3321,15.4019,0.410058
3014,0.9506,7.8606,4.2893,2.3217,15.4222,0.282306
3015,0.9556,7.793,4.2905,2.346,15.3852,0.15668
3016,0.9468,7.8269,4.2905,2.3433,15.4076,0.420294
3017,0.8814,7.8428,4.3,2.3033,15.3274,0.278105
3018,0.9858,7.7857,4.3147,2.2941,15.3803,0.148499
3019,0.9887,7.8227,4.2807,2.3056,15.3976,0.109601
3020,0.9515,7.8504,4.2818,2.3301,15.4139,0.122639
3021,0.9085,7.9092,4.2933,2.3301,15.4412,0.088004
3022,0.9402,7.7621,4.27,2.3407,15.313,0.074536
3023,0.9495,7.8658,4.2928,2.3443,15.4524,0.036571
3024,0.9652,8.0827,4.3114,2.3551,15.7143,0.061646
3025,0.9171,7.8692,4.3389,2.3101,15.4353,0.046974
3026,0.9688,7.8327,4.2943,2.3052,15.401,0.061587
3027,0.9768,7.8654,4.2929,2.3179,15.453,0.043139
3028,0.9508,7.8032,4.2803,2.3291,15.3633,0.041552
3029,0.885,7.937,4.3067,2.3359,15.4647,0.035306
3030,0.9277,7.798,4.2776,2.3506,15.3539,0.032024
3031,0.9497,7.9132,4.3007,2.3506,15.5141,0.053586
3032,0.9491,7.7975,4.2926,2.3407,15.3798,0.070453
3033,0.9027,7.8062,4.293,2.3021,15.3039,0.039125
3034,0.9564,7.8496,4.2955,2.3004,15.4019,0.081048
3035,0.9757,7.8434,4.3011,2.3145,15.4347,0.063883
3036,0.946,7.8271,4.2836,2.3528,15.4096,0.054334
3037,0.9018,7.8507,4.267,2.3486,15.3681,0.083363
3038,0.9525,7.7589,4.2796,2.3476,15.3386,0.109093
3039,0.9604,7.8227,4.3288,2.3514,15.4633,0.087207
3040,0.9497,7.8438,6.2588,2.3215,17.3738,0.041677
3041,0.8983,7.9005,4.3052,2.3323,15.4363,0.033946
3042,0.9552,7.7971,4.2952,2.3489,15.3964,0.02004
3043,0.927,7.8806,4.303,2.3233,15.4338,0.016758
3044,0.9585,7.7115,4.3006,2.3008,15.2715,0.040033
3045,0.94,7.8219,4.2701,2.3129,15.3449,0.024624
3046,0.9478,7.8221,4.2667,2.3236,15.3602,0.032318
3047,0.9335,7.7673,4.2718,2.3298,15.3023,0.030538
3048,0.955,7.7416,4.2587,2.3344,15.2896,0.03802
3049,0.9156,7.8393,4.327,2.3701,15.4519,0.028397
3050,0.9287,7.7899,4.33,2.3104,15.359,0.031576
3051,0.998,8.1726,4.3153,2.3185,15.8043,0.022033
3052,0.9854,7.7117,4.3114,2.3192,15.3277,0.019563
3053,0.9207,7.8494,4.3247,2.308,15.4027,0.016751
3054,0.9569,7.8814,4.3198,2.3358,15.4939,0.02708
3055,0.9477,7.8809,4.3128,2.3434,15.4848,0.133166
3056,0.9461,7.7669,4.2882,2.3423,15.3434,0.032162
3057,0.8874,7.8426,4.2604,2.346,15.3364,0.031354
3058,0.9354,7.8447,4.279,2.3178,15.3769,0.035111
3059,0.9713,7.7948,4.3183,2.3028,15.3872,0.017895
3060,0.9914,7.7855,4.3012,2.3485,15.4266,0.017426
3061,0.8871,7.9482,4.3046,2.3415,15.4814,0.013573
3062,0.9358,7.8372,4.2857,2.3344,15.3931,0.031768
3063,0.9707,7.852,4.2919,2.3195,15.434,0.022663
3064,0.961,7.7837,4.342,2.3943,15.4811,0.016229
3065,0.9152,7.9181,4.3042,2.3491,15.4867,0.022257
3066,0.9453,7.7975,4.347,2.3116,15.4015,0.010476
3067,0.954,7.8092,4.3748,2.3164,15.4545,0.013003
3068,0.9725,7.7789,4.4173,2.3226,15.4913,0.005039
3069,0.9258,7.8194,4.3422,2.3236,15.4109,0.004335
3070,0.9483,7.8077,4.3589,2.336,15.4509,0.006215
3071,0.9307,7.8616,4.3975,2.3401,15.53,0.008588
3072,0.9358,7.7621,4.3798,2.3423,15.4201,0.010123
3073,0.911,7.8178,4.3653,2.3455,15.4396,0.016974
3074,0.9581,7.8343,4.3544,2.3103,15.4571,0.019322
3075,0.9619,7.8428,4.4125,2.3067,15.5239,0.018636
3076,0.9624,7.8164,4.3993,2.3222,15.5004,0.033823
3077,0.9162,8.2016,4.3405,2.3,15.7583,0.034426
3078,0.9566,7.8447,4.3364,2.3247,15.4624,0.037736
3079,0.929,7.7646,4.3501,2.3433,15.3869,0.060735
3080,0.933,7.8441,4.3272,2.3334,15.4377,0.036874
3081,0.9247,7.8755,4.3605,2.3418,15.5026,0.027498
3082,0.9438,7.8199,4.3288,2.3361,15.4287,0.037198
3083,0.9382,7.8134,4.4023,2.3114,15.4652,0.033787
3084,0.9474,7.7697,4.3642,2.3235,15.4047,0.050147
3085,0.9441,7.8297,4.2832,2.3157,15.3726,0.063166
3086,0.9606,7.8707,4.3216,2.3305,15.4834,0.046311
3087,0.9392,7.8108,4.389,2.3396,15.4786,0.045569
3088,0.919,7.8115,4.4024,2.348,15.481,0.053642
3089,0.9262,7.8404,4.3586,2.3658,15.4909,0.031509
3090,0.9648,7.7965,4.3458,2.3503,15.4574,0.033146
3091,0.9552,7.9098,4.4131,2.3275,15.6055,0.033365
3092,0.9327,7.7822,4.4001,2.3198,15.4348,0.031164
3093,0.9459,7.8374,4.3836,2.297,15.4638,0.025001
3094,0.9911,7.8183,4.414,2.2982,15.5217,0.024365
3095,0.9658,7.8,4.3448,2.3427,15.4533,0.021677
3096,0.9539,8.5,4.367,2.3134,16.1342,0.021216
3097,0.8793,7.8334,4.338,2.3551,15.4057,0.016455
3098,0.9434,7.7845,4.3211,2.3205,15.3695,0.02095
3099,0.9663,7.86,4.2657,2.3491,15.4411,0.020498
3100,0.9602,7.7749,4.3427,2.3417,15.4195,0.017933
3101,0.886,7.8529,4.365,2.3015,15.4054,0.015294
3102,0.96,7.7794,4.3144,2.3068,15.3606,0.016698
3103,0.9843,7.8,4.4064,2.2998,15.4905,0.010873
3104,0.9583,8.3097,4.3341,2.3112,15.9134,0.011197
3105,0.9012,7.7855,4.3665,2.3331,15.3863,0.007092
3106,0.9535,7.8116,4.3358,2.3235,15.4244,0.00947
3107,0.9495,7.8757,4.3269,2.3414,15.4934,0.007832
3108,0.9576,7.8014,4.3212,2.3495,15.4297,0.007805
3109,0.8981,7.8213,4.3103,2.296,15.3258,0.005844
3110,0.9647,7.812,4.3191,2.3033,15.3991,0.010216
3111,0.9995,7.8389,4.3446,2.3006,15.4836,0.008748
3112,0.9378,7.7529,4.2971,2.3262,15.3141,0.008861
3113,0.9204,7.8263,4.3327,2.3302,15.4096,0.009859
3114,0.946,7.7754,4.3019,2.3376,15.3609,0.011805
3115,0.9558,7.7511,4.3608,2.3661,15.4338,0.012088
3116,0.9464,7.7858,4.2967,2.3023,15.3312,0.013233
3117,0.8906,7.8893,4.3218,2.3139,15.4156,0.013756
3118,0.9547,7.8105,4.3345,2.3058,15.4054,0.0124
3119,0.972,7.9127,4.3509,2.3171,15.5526,0.013742
3120,0.9614,7.8238,4.3194,2.3238,15.4283,0.012526
3121,0.8881,7.7847,4.3182,2.328,15.319,0.04506
3122,0.9284,7.8166,4.3377,2.3366,15.4193,0.062919
3123,0.9586,7.7728,4.3688,2.3403,15.4405,0.065498
3124,0.9502,7.8285,4.4112,2.308,15.4979,0.058305
3125,0.9239,7.8973,4.2947,2.3145,15.4304,0.076151
3126,0.9919,7.8498,4.3028,2.3109,15.4554,0.064205
3127,0.93,7.8242,4.3506,2.3105,15.4153,0.054676
3128,0.9191,7.785,4.3532,2.3948,15.4521,0.043137
3129,0.9092,8.0086,4.3118,2.3268,15.5565,0.035967
3130,0.9542,8.1455,4.2985,2.3305,15.7287,0.032425
3131,0.9542,7.864,4.2963,2.3445,15.4591,0.029766
3132,0.94,7.8393,4.2871,2.3309,15.3973,0.033872
3133,0.9043,7.7986,4.3107,2.3116,15.3253,0.017944
3134,0.9567,7.7973,4.2875,2.3003,15.3419,0.042709
3135,0.9738,7.7706,4.3631,2.3058,15.4133,0.090479
3136,0.9361,7.7736,4.349,2.4196,15.4783,0.085592
3137,0.9193,7.8521,4.2914,2.4642,15.527,0.091696
3138,0.9991,7.7919,4.2723,2.324,15.3872,0.135878
3139,0.9606,7.865,4.2947,2.351,15.4713,0.106746
3140,0.9448,7.769,4.2771,2.3206,15.3115,0.097349
3141,0.9051,7.8498,4.3385,2.3247,15.4181,0.100383
3142,1.019,7.8197,4.2938,2.2934,15.4259,0.068598
3143,0.9337,7.8865,4.3078,2.3141,15.4421,0.079823
3144,0.9493,7.7944,4.2729,2.334,15.3506,0.069456
3145,0.8898,7.879,4.2925,2.3338,15.3951,0.049714
3146,0.9312,7.8361,4.3045,2.3364,15.4082,0.079235
3147,0.9585,7.8442,4.3018,2.3356,15.4401,0.092515
3148,0.9474,7.7802,4.2967,2.2945,15.3188,0.080992
3149,0.9164,7.8157,4.3442,2.3233,15.3996,0.075574
3150,0.9621,7.8632,4.3336,2.3033,15.4622,0.074595
3151,0.9621,7.8979,4.2988,2.3408,15.4997,0.01883
3152,0.9465,7.7675,4.2695,2.331,15.3145,0.025997
3153,0.9042,7.8711,4.284,2.3332,15.3925,0.121184
3154,0.9338,7.7658,4.2956,2.3391,15.3342,0.058706
3155,0.9583,7.7848,4.3154,2.3018,15.3603,0.056605
3156,0.9947,8.0778,4.2891,2.3118,15.6734,0.049176
3157,0.9158,7.8708,4.3394,2.3009,15.4269,0.062059
3158,0.9284,7.9058,4.3167,2.3185,15.4695,0.060032
3159,0.9558,7.8145,4.286,2.3335,15.3898,0.090783
3160,0.9527,7.8415,4.2893,2.3288,15.4123,0.105757
3161,0.8856,7.7831,4.3493,2.3385,15.3564,0.12383
3162,0.9299,7.7724,4.3566,2.3484,15.4073,0.129712
3163,0.9556,7.8317,4.2879,2.3296,15.4049,0.145701
3164,0.9843,7.855,4.3384,2.3251,15.5028,0.156388
3165,0.9573,7.8149,4.3114,2.3156,15.3992,0.170202
3166,0.9539,7.8599,4.2815,2.3246,15.42,0.17868
3167,0.954,7.8486,4.2822,2.3204,15.4052,0.187998
3168,0.9485,7.8611,4.3057,2.3267,15.442,0.200754
3169,0.9036,7.8422,4.3193,2.3447,15.4099,0.127775
3170,0.9544,7.8086,4.2996,2.3319,15.3946,0.135866
3171,0.9548,7.901,4.2885,2.3282,15.4726,0.047706
3172,0.9772,7.7715,4.2573,2.3006,15.3065,0.086355
3173,0.9293,7.8126,4.269,2.3396,15.3505,0.036487
3174,0.9622,7.8579,4.2993,2.3325,15.4519,0.068712
3175,0.9734,7.8117,4.3092,2.3247,15.419,0.048352
3176,0.9617,7.7364,4.3053,2.3455,15.3488,0.031013
3177,0.9068,7.8183,4.2804,2.3427,15.3481,0.026353
3178,0.9511,7.7773,4.3079,2.315,15.3513,0.027905
3179,0.9933,7.766,4.2872,2.3113,15.3578,0.024237
3180,0.9439,7.7936,4.2876,2.3017,15.3268,0.021677
3181,0.9008,7.895,4.3113,2.3282,15.4353,0.014767
3182,0.9537,7.8181,4.2909,2.3303,15.393,0.013753
3183,0.9577,8.1332,4.2692,2.3458,15.7059,0.015565
3184,0.9651,7.7645,4.2966,2.3397,15.3658,0.014466
3185,0.911,7.8281,4.3203,2.2999,15.3593,0.014754
3186,0.9727,7.9634,4.2814,2.2916,15.5091,0.024134
3187,0.9835,7.787,4.3085,2.3073,15.3863,0.02828
3188,0.9493,7.7625,4.2522,2.317,15.281,0.029225
3189,0.9062,7.8194,4.2945,2.325,15.3451,0.029803
3190,0.9586,7.7909,4.2733,2.3389,15.3617,0.032137
3191,0.9529,7.8058,4.2762,2.3353,15.3702,0.039055
3192,0.9637,7.7761,4.2871,2.3102,15.337,0.04206
3193,0.9452,7.9191,4.2901,2.3064,15.4608,0.039017
3194,0.9877,7.7745,4.3146,2.3004,15.3772,0.046563
3195,0.97,7.8764,4.2841,2.3347,15.4652,0.063491
3196,0.9498,7.8364,4.2893,2.3381,15.4136,0.055068
3197,0.8842,7.8705,4.2807,2.3206,15.3559,0.044505
3198,0.9574,7.8363,4.2885,2.347,15.4291,0.057518
3199,0.948,7.8203,4.2884,2.3321,15.3888,0.052489
3200,0.9259,7.8296,4.2732,2.3006,15.3294,0.048309
3201,0.919,7.8767,4.3339,2.3128,15.4424,0.045154
3202,0.9592,7.8644,4.3313,2.3594,15.5143,0.037111
3203,0.976,7.8487,4.297,2.3318,15.4535,0.034774
3204,0.9248,7.8107,4.2675,2.3331,15.3361,0.037594
3205,0.8895,7.8195,4.2961,2.3325,15.3377,0.036814
3206,0.9554,7.777,4.2873,2.3516,15.3712,0.036498
3207,0.9702,7.8137,4.3011,2.301,15.386,0.048692
3208,0.9593,7.8564,4.2668,2.3148,15.3973,0.055157
3209,0.9103,8.1717,4.3125,2.2984,15.6929,0.043537
3210,0.9681,7.9308,4.2973,2.3139,15.51,0.061606
3211,0.9532,7.8527,4.2716,2.3319,15.4093,0.058746
3212,0.9608,7.723,4.2519,2.326,15.2617,0.061096
3213,0.9102,7.833,4.3007,2.3388,15.3825,0.053531
3214,0.958,7.7827,4.3078,2.3357,15.3842,0.058002
3215,0.958,7.8182,4.3419,2.3064,15.4245,0.058359
3216,0.9554,7.782,4.2672,2.3257,15.3303,0.070222
3217,0.8777,7.8667,4.2955,2.3025,15.3424,0.04179
3218,0.9714,7.8465,4.2767,2.3324,15.427,0.053537
3219,0.9513,7.8913,4.3159,2.3383,15.4968,0.049825
3220,0.9427,7.7872,4.2563,2.3386,15.3248,0.047967
3221,0.8987,7.8169,4.2966,2.3329,15.3451,0.047581
3222,0.9528,7.8176,4.2828,2.3098,15.3631,0.063562
3223,0.9767,7.8099,4.2912,2.3043,15.382,0.066203
3224,0.9447,7.6952,4.2816,2.298,15.2195,0.09332
3225,0.886,7.8247,4.3224,2.5773,15.6104,0.040439
3226,1.0952,8.0265,4.2741,2.3196,15.7154,0.048856
3227,0.9645,7.9202,4.3037,2.3399,15.5284,0.125338
3228,0.9214,7.7823,4.2682,2.3269,15.2988,0.038549
3229,0.8892,7.8889,4.2914,2.3497,15.4191,0.025238
3230,0.9618,7.7955,4.3055,2.316,15.3788,0.150563
3231,1.0062,7.7921,4.283,2.307,15.3883,0.123057
3232,0.9484,7.755,4.3018,2.3114,15.3165,0.051367
3233,0.9035,7.8586,4.2869,2.3273,15.3763,0.045517
3234,0.951,7.774,4.2985,2.3298,15.3533,0.028476
3235,0.9548,7.7539,4.296,2.3372,15.342,0.013342
3236,0.9438,8.0451,4.2757,2.3469,15.6115,0.015745
3237,0.9059,7.7964,4.2982,2.3085,15.309,0.01155
3238,0.9845,7.7259,4.2788,2.3137,15.3031,0.01654
3239,0.9811,7.811,4.3021,2.3163,15.4105,0.015644
3240,0.9615,7.8039,4.2833,2.3339,15.3825,0.012961
3241,0.9319,7.8679,4.2939,2.3302,15.4239,0.012004
3242,0.9557,7.7939,4.2824,2.3365,15.3685,0.01548
3243,0.957,7.8448,4.2834,2.3378,15.4231,0.016893
3244,0.9532,7.78,4.2874,2.2996,15.3203,0.019406
3245,0.9653,7.7167,4.3039,2.3071,15.293,0.018544
3246,0.9453,7.7551,4.2946,2.3219,15.3169,0.028892
3247,0.8947,7.8328,4.2742,2.336,15.3376,0.024797
3248,0.9341,7.9117,4.2892,2.3439,15.4789,0.02393
3249,0.965,7.7829,4.2919,2.3436,15.3834,0.026321
3250,0.9536,7.7674,4.2937,2.3363,15.351,0.028682
3251,0.8949,7.82,4.3311,2.3278,15.3738,0.017737
3252,0.9497,7.8226,4.3273,2.3223,15.4219,0.704073
3253,0.9871,7.8342,4.3062,2.3078,15.4352,0.999958
3254,0.9302,7.8201,4.3005,2.3317,15.3825,0.999853
3255,0.8855,7.8249,4.288,2.327,15.3255,0.996195
3256,0.92,7.8399,4.2922,2.366,15.4182,0.958524
3257,0.9527,7.8241,4.2845,2.3596,15.4209,0.204652
3258,0.9299,7.7529,4.2671,2.2982,15.248,0.190005
3259,0.9186,7.855,4.3172,2.3229,15.4138,0.176093
3260,0.9527,7.7816,4.2877,2.321,15.3431,0.129578
3261,0.9496,7.7924,4.2849,2.3304,15.3573,0.123291
3262,0.9334,8.1129,4.2701,2.3127,15.6292,0.122699
3263,0.8976,7.7757,4.2899,2.3511,15.3143,0.084764
3264,0.93,7.7651,4.2698,2.339,15.3039,0.207835
3265,0.9457,7.7865,4.2984,2.3049,15.3355,0.260492
3266,0.9781,7.8213,4.3128,2.295,15.4072,0.234193
3267,0.9315,8.0178,4.295,2.314,15.5582,0.262035
3268,0.9115,7.8741,4.2541,2.3191,15.3588,0.267129
3269,0.9513,7.9856,4.2766,2.3282,15.5416,0.233718
3270,0.9558,7.758,4.2836,2.3422,15.3396,0.248937
3271,0.9051,7.8525,4.3063,2.3501,15.4141,0.18902
3272,0.9389,7.8915,4.3044,2.3571,15.4919,0.279661
3273,0.9647,7.8001,4.3151,2.3025,15.3824,0.198075
3274,0.9758,7.7262,4.2852,2.2854,15.2726,0.219817
3275,0.9101,7.8631,4.2855,2.3133,15.372,0.217915
3276,0.9453,7.7693,4.2629,2.3181,15.2956,0.371213
3277,0.9269,7.8086,4.2871,2.343,15.3656,0.307733
3278,0.9604,7.8379,4.2744,2.3353,15.4081,0.23061
3279,0.9186,7.8448,4.2772,2.3265,15.3672,0.130764
3280,0.9522,7.7857,4.2889,2.3133,15.34,0.160674
3281,0.9904,7.8527,4.3057,2.3165,15.4653,0.128158
3282,0.9353,7.7657,4.3256,2.3128,15.3394,0.132012
3283,0.8751,7.8394,4.3455,2.3627,15.4227,0.183733
3284,0.9244,7.8086,4.2867,2.3358,15.3556,0.16146
3285,0.9577,7.8284,4.3021,2.3541,15.4423,0.16226
3286,0.9416,7.7023,4.272,2.3373,15.2533,0.132024
3287,0.8767,7.8795,4.3039,2.3001,15.3602,0.089311
3288,0.9554,7.7312,4.2812,2.3194,15.2872,0.142389
3289,0.9672,8.1303,4.3352,2.3301,15.7628,0.164629
3290,0.9364,7.7419,4.256,2.3392,15.2734,0.157775
3291,0.9008,7.8261,4.2959,2.3452,15.368,0.127078
3292,0.9294,7.7678,4.2804,2.3411,15.3187,0.211362
3293,0.9546,7.8052,4.307,2.3383,15.4051,0.189162
3294,0.9354,7.9242,4.3097,2.3224,15.4917,0.254393
3295,0.9135,7.8306,4.3065,2.3118,15.3624,0.218466
3296,0.9567,7.7206,4.3142,2.3256,15.3171,0.177405
3297,0.9644,7.826,4.3053,2.319,15.4147,0.177215
3298,0.9348,7.7568,4.2861,2.3218,15.2994,0.183263
3299,0.8992,7.8212,4.3015,2.34,15.3618,0.164498
3300,0.9556,7.7917,4.2918,2.3305,15.3697,0.180331
3301,0.939,7.8382,4.308,2.3121,15.3973,0.183258
3302,0.964,7.7906,4.306,2.3158,15.3764,0.201613
3303,0.9151,7.8558,4.3324,2.3277,15.4309,0.189828
3304,0.9339,7.8276,4.2916,2.34,15.3932,0.148668
3305,0.9452,7.8463,4.3012,2.3296,15.4223,0.206397
3306,0.9476,7.7492,4.3085,2.3261,15.3314,0.199981
3307,0.9051,7.7674,4.3181,2.3519,15.3425,0.242935
3308,0.9579,7.7137,4.303,2.3115,15.2862,0.245611
3309,0.9773,7.8508,4.3122,2.3095,15.4498,0.229951
3310,0.9715,7.7305,4.3005,2.3095,15.312,0.236857
3311,0.8875,7.853,4.306,2.329,15.3754,0.214704
3312,0.9192,7.8106,4.292,2.3208,15.3427,0.161212
3313,0.962,7.8155,4.3063,2.3275,15.4114,0.117737
3314,0.93,7.7213,4.3028,2.3557,15.3098,0.101663
3315,0.8885,8.1302,4.3441,2.3244,15.6872,0.074951
3316,0.963,7.8315,4.3249,2.3191,15.4385,0.099134
3317,0.9961,7.8544,4.3161,2.3144,15.481,0.085327
3318,0.9198,7.8469,4.3113,2.3176,15.3956,0.097771
3319,0.8949,8.4424,4.2993,2.3063,15.9429,0.085387
3320,0.9263,7.8015,4.2974,2.3363,15.3614,0.072915
3321,0.9176,7.8055,4.3041,2.329,15.3563,0.074997
3322,0.9583,7.75,4.285,2.3378,15.3311,0.039835
3323,0.9017,7.9217,4.3067,2.3548,15.485,0.037389
3324,0.9314,7.8943,4.311,2.3077,15.4444,0.038115
3325,0.9806,7.8384,4.3091,2.3129,15.4411,0.034288
3326,0.9598,7.7518,4.3004,2.3231,15.3351,0.036719
3327,0.8857,7.7768,4.2921,2.3355,15.2902,0.023474
3328,0.9226,7.8427,4.2915,2.3334,15.3903,0.030395
3329,0.9671,7.8201,4.3003,2.3448,15.4323,0.022517
3330,0.9189,7.7529,4.3055,2.3567,15.3341,0.007663
3331,0.8879,7.7595,4.3432,2.3239,15.3145,0.020176
3332,0.9634,7.8234,4.3059,2.3128,15.4055,0.029026
3333,0.989,7.8301,4.3036,2.3109,15.4336,0.012161
3334,0.9275,7.7977,4.2963,2.329,15.3504,0.015762
3335,0.8767,7.7416,4.2784,2.3292,15.2259,0.013722
3336,0.9229,7.9216,4.3107,2.352,15.5072,0.034584
3337,0.9493,7.7936,4.3374,2.3725,15.4528,0.038761
3338,0.9661,7.8861,4.3107,2.3025,15.4654,0.029598
3339,0.9317,7.8456,4.3221,2.3047,15.4042,0.024706
3340,0.9904,7.8522,4.2831,2.3166,15.4423,0.024882
3341,0.9348,7.8904,4.3008,2.3245,15.4506,0.023726
3342,0.932,8.1144,4.2742,2.3438,15.6644,0.022072
3343,0.902,7.8284,4.3,2.3303,15.3607,0.021817
3344,0.926,7.7931,4.2682,2.3454,15.3327,0.026453
3345,0.9344,7.8033,4.3033,2.3512,15.3922,0.028695
3346,0.9444,7.8517,4.2964,2.3107,15.4032,0.033612
3347,0.9466,8.3669,4.3211,2.3175,15.9521,0.084928
3348,0.9612,7.7241,4.3086,2.3119,15.3059,0.032937
3349,0.9802,7.8144,4.2841,2.3177,15.3964,0.026942
3350,0.9336,7.7998,4.2749,2.33,15.3382,0.044557
3351,0.8885,7.8123,4.3066,2.322,15.3295,0.023607
3352,0.9322,7.8455,4.3107,2.335,15.4234,0.034726
3353,0.9623,7.7637,4.2832,2.3483,15.3574,0.036629
3354,0.9296,7.7524,4.3155,2.3408,15.3382,0.036846
3355,0.9434,7.8054,4.4922,2.5116,15.7526,0.033934
3356,0.9623,7.8252,4.279,2.3084,15.375,0.031984
3357,0.9646,7.7765,4.2824,2.3234,15.3469,0.121304
3358,0.9296,7.8005,6.2551,2.3036,17.2889,0.012027
3359,0.9251,7.9256,4.3269,2.3092,15.4868,0.16431
3360,0.9809,7.8026,4.3168,2.3107,15.411,0.165094
3361,0.9562,7.8373,4.291,2.3361,15.4206,0.156266
3362,0.9525,7.7362,4.2846,2.3474,15.3207,0.182949
3363,0.8977,7.7749,4.2965,2.3445,15.3136,0.17052
3364,0.943,7.8677,4.3153,2.3373,15.4634,0.129245
3365,0.9598,7.8289,4.328,2.3131,15.4299,0.141245
3366,0.9729,7.7609,4.2811,2.3257,15.3405,0.121676
3367,0.9113,7.8137,4.3252,2.3097,15.3599,0.087126
3368,0.9234,8.0869,4.3228,2.3226,15.6557,0.091318
3369,0.9616,7.8205,4.3213,2.3334,15.4368,0.085203
3370,0.9574,7.7771,4.2893,2.3223,15.3461,0.083621
3371,0.9133,7.9078,4.309,2.3467,15.4767,0.078756
3372,0.9507,7.7637,4.3167,2.3352,15.3662,0.092522
3373,0.9708,7.8499,4.299,2.3105,15.4302,0.084681
3374,0.9897,7.774,4.2891,2.3302,15.3829,0.091362
3375,0.8996,7.9005,4.3245,2.3165,15.4411,0.041808
3376,0.9237,7.7514,4.3194,2.3223,15.3168,0.052759
3377,0.9546,7.7884,4.3253,2.3441,15.4124,0.106593
3378,0.9323,7.7477,4.2824,2.3448,15.3072,0.116524
3379,0.8904,7.8237,4.3225,2.3479,15.3846,0.116465
3380,0.9339,7.7812,4.3045,2.3174,15.3369,0.106553
3381,0.9876,7.7267,4.3295,2.3104,15.3542,0.058787
3382,0.9317,7.7657,4.3224,2.3049,15.3248,0.051382
3383,0.8875,7.7964,4.3117,2.3289,15.3245,0.041849
3384,0.9316,7.7896,4.3099,2.3381,15.3691,0.082756
3385,0.9824,7.812,4.32,2.3357,15.4501,0.058793
3386,0.9256,7.9305,4.3049,2.3637,15.5248,0.063992
3387,0.9235,7.8959,4.2922,2.3136,15.4252,0.047949
3388,0.988,7.8923,4.3129,2.309,15.5022,0.049516
3389,0.9608,7.7484,4.2895,2.3138,15.3125,0.051211
3390,0.9344,7.8129,4.3015,2.3307,15.3795,0.051855
3391,0.8897,7.8929,4.3037,2.3423,15.4286,0.046382
3392,0.9313,7.8317,4.335,2.3377,15.4357,0.051116
3393,0.9543,7.7912,4.3106,2.3428,15.3989,0.039545
3394,0.9425,7.7592,4.3083,2.3088,15.3189,0.040946
3395,0.9146,8.0833,4.3187,2.3019,15.6186,0.046242
3396,0.9548,7.7259,4.9407,2.2659,15.8873,0.065948
3397,0.9791,7.7694,4.3094,2.3474,15.4053,0.054328
3398,0.9532,7.8182,4.3061,2.3072,15.3847,0.060332
3399,0.9022,7.8229,4.3174,2.3522,15.3946,0.051189
3400,0.9208,7.7918,4.2992,2.339,15.3508,0.043929
3401,0.9646,7.823,4.3202,2.3339,15.4418,0.067303
3402,0.9592,7.8085,4.2865,2.3378,15.3921,0.108311
3403,0.9297,7.8261,4.3188,2.313,15.3876,0.100301
3404,0.9765,7.8285,4.336,2.3235,15.4644,0.053021
3405,0.9998,7.7553,4.3355,2.3243,15.4149,0.032316
3406,0.9582,7.8315,4.3192,2.335,15.444,0.027994
3407,0.9087,7.919,4.3023,2.3235,15.4534,0.029256
3408,0.95,7.8024,4.2983,2.355,15.4056,0.023301
3409,0.9666,7.8345,4.3129,2.3721,15.4861,0.022264
3410,0.9314,7.7577,4.2908,2.3149,15.2948,0.016882
3411,0.8921,7.8674,4.3001,2.3093,15.369,0.015241
3412,1.0132,7.7322,4.2985,2.3165,15.3604,0.012908
3413,0.962,7.8506,4.3195,2.3033,15.4354,0.075923
3414,0.9317,7.746,4.2843,2.3228,15.2848,0.019565
3415,0.8933,7.8098,4.319,2.3495,15.3716,0.013636
3416,0.9257,7.8208,4.303,2.35,15.3996,0.03598
3417,0.9616,7.8286,4.3443,2.3603,15.4947,0.025431
3418,0.9572,7.88,4.3182,2.3062,15.4617,0.046961
3419,0.9116,7.8072,4.3301,2.3258,15.3747,0.229452
3420,0.9824,7.8512,4.3259,2.3155,15.475,0.131894
3421,0.9544,8.2793,4.3248,2.3091,15.8676,0.102112
3422,0.9684,7.7705,4.3133,2.3367,15.389,0.106575
3423,0.9028,7.8338,4.329,2.3351,15.4006,0.085896
3424,0.9526,7.821,4.3272,2.3399,15.4407,0.087441
3425,0.9569,7.8133,4.3433,2.3462,15.4597,0.112502
3426,0.928,7.8663,4.3089,2.2978,15.401,0.094991
3427,0.9305,7.7868,4.3356,2.323,15.376,0.142944
3428,0.9931,7.7653,4.311,2.3059,15.3753,0.18948
3429,0.9286,7.8453,4.3532,2.3446,15.4716,0.19753
3430,0.9628,7.7688,4.295,2.3169,15.3435,0.182334
3431,0.9327,7.8882,4.3203,2.3321,15.4733,0.180943
3432,0.9178,7.775,4.3092,2.3469,15.3489,0.192097
3433,0.9509,7.8173,4.311,2.3313,15.4105,0.164023
3434,0.9272,7.8503,4.3038,2.3152,15.3965,0.354538
3435,0.9361,7.9459,4.3437,2.3119,15.5377,0.224387
3436,0.9782,7.8447,4.3122,2.3051,15.4403,0.137119
3437,0.9534,7.8887,4.2989,2.3338,15.4747,0.079534
3438,0.9534,7.7521,4.2738,2.341,15.3203,0.135106
3439,0.9055,7.8133,4.3304,2.3459,15.3952,0.102293
3440,0.9257,7.7951,4.31,2.3417,15.3726,0.123123
3441,0.9561,7.7941,6.2757,2.3238,17.3497,0.138157
3442,0.9465,7.7541,4.2962,2.3241,15.3209,0.154528
3443,0.9145,8.3828,4.288,2.3168,15.9021,0.088096
3444,0.9278,7.7541,4.3306,2.3367,15.3491,0.110262
3445,0.9439,7.8926,4.303,2.3391,15.4787,0.141257
3446,0.9487,7.7394,4.3083,2.2986,15.295,0.166873
3447,0.9555,7.873,4.3096,2.3016,15.4398,0.196153
3448,0.9658,8.1738,4.3272,2.2974,15.7643,0.270146
3449,0.9639,7.8205,6.2905,2.3409,17.4158,0.30648
3450,0.9558,7.7602,4.3333,2.3125,15.3619,0.288781
3451,0.9476,7.9055,4.2758,2.3207,15.4496,0.157037
3452,0.9896,7.8089,4.3199,2.2998,15.4183,0.233671
3453,0.9627,7.8285,4.2785,2.3257,15.3953,0.664225
3454,0.9605,7.8163,4.3027,2.3327,15.4121,0.7194
3455,0.8916,8.234,4.2876,2.3324,15.7456,0.706292
3456,0.9508,7.8859,4.3067,2.3654,15.5089,0.782779
3457,0.9591,7.9407,4.3154,2.345,15.5601,0.802641
3458,0.9579,7.8917,4.2806,2.3164,15.4466,0.79459
3459,0.9048,7.7279,4.3299,2.3051,15.2677,0.754232
3460,0.9921,7.8088,4.2984,2.336,15.4353,0.771202
3461,0.9496,7.9039,4.3358,2.3294,15.5186,0.7632
3462,0.9464,7.7512,4.3018,2.3304,15.3298,0.804304
3463,0.9096,7.9433,4.29,2.3202,15.4631,0.779218
3464,0.9423,7.8294,4.3099,2.3465,15.428,0.667197
3465,0.9492,7.9084,4.2957,2.3483,15.5016,0.635251
3466,0.9561,7.7614,4.2854,2.2997,15.3027,0.591386
3467,0.941,7.9532,4.3129,2.3111,15.5183,0.53042
3468,0.9882,7.7905,4.2917,2.308,15.3782,0.290791
3469,0.9735,7.825,4.3005,2.332,15.431,0.285769
3470,0.9435,7.8931,4.3003,2.3357,15.4726,0.277995
3471,0.9248,7.8259,4.325,2.3216,15.3973,0.296711
3472,0.9343,7.7839,4.2837,2.3572,15.3591,0.292048
3473,0.9293,7.8865,4.2904,2.3334,15.4396,0.251339
3474,0.9399,8.2482,4.3025,2.3322,15.8228,0.275971
3475,0.9378,7.8727,4.2972,2.3184,15.4261,0.268712
3476,0.9855,7.7865,4.3129,2.3034,15.3884,0.274195
3477,0.9607,7.8856,4.3067,2.3163,15.4693,0.291919
3478,0.945,7.8057,4.275,2.3236,15.3493,0.380626
3479,0.9061,7.8543,4.3353,2.3276,15.4233,0.311278
3480,0.9336,7.7391,4.2964,2.3718,15.3409,0.363842
3481,0.9381,7.8189,4.329,2.3548,15.4408,0.291811
3482,0.9293,7.74,4.325,2.3099,15.3042,0.326185
3483,0.9374,7.8665,4.3197,2.3123,15.4359,0.322001
3484,0.9983,7.8374,4.4136,2.6397,15.889,0.226188
3485,1.0893,8.0947,4.2912,2.3036,15.7787,0.206917
3486,0.9341,7.8402,4.2784,2.3294,15.3821,0.225474
3487,0.9208,8.3795,4.2855,2.3367,15.9225,0.241817
3488,0.951,7.8675,4.2719,2.3386,15.429,0.269736
3489,0.9242,7.8466,4.2962,2.3329,15.3998,0.271959
3490,0.9592,7.8349,4.3107,2.3576,15.4623,0.999002
3491,0.9357,7.8042,4.3112,2.3208,15.3719,0.999991
3492,0.948,7.8399,4.302,2.3015,15.3913,0.999995
3493,0.9732,7.7794,4.3088,2.3119,15.3733,0.999967
3494,0.9297,7.7466,4.3026,2.3057,15.2845,0.999876
3495,0.9463,7.7154,4.2887,2.3315,15.2819,0.998646
3496,0.9197,7.7318,4.3008,2.338,15.2903,0.996747
3497,0.9047,7.7777,4.3517,2.3588,15.3929,0.961063
3498,0.9215,7.8334,4.2718,2.3142,15.3409,0.95455
3499,0.9955,7.8086,4.2949,2.2975,15.3965,0.919926
3500,0.963,7.7265,4.3338,2.2883,15.3116,0.833099
3501,0.9321,8.1229,4.3202,2.3001,15.6754,0.626753
3502,0.9438,7.8167,4.3079,2.3401,15.4086,0.514524
3503,0.9489,7.7968,4.3014,2.3439,15.3911,0.452102
3504,0.9371,7.7887,4.2698,2.3385,15.334,0.458995
3505,0.9108,7.839,4.3301,2.357,15.437,0.402722
3506,0.9271,7.8759,4.3042,2.3165,15.4238,0.372783
3507,0.997,7.8819,4.3202,2.3107,15.5098,0.355238
3508,0.9863,7.7519,4.3002,2.3098,15.3483,0.328246
3509,0.9113,7.9164,4.3027,2.3337,15.4641,0.252527
3510,0.9446,7.8488,4.3047,2.3313,15.4293,0.262571
3511,0.9304,7.8073,4.3037,2.3408,15.3822,0.205237
3512,0.9461,7.8843,4.3026,2.3439,15.4769,0.192647
3513,0.9167,7.8516,4.3211,2.3406,15.4299,0.171106
3514,0.9395,7.7961,4.3018,2.312,15.3494,0.292135
3515,1.0002,7.8035,4.3166,2.3059,15.4262,0.274638
3516,0.9419,7.7849,4.3159,2.3129,15.3556,0.064858
3517,0.9036,7.8688,4.3085,2.3255,15.4064,0.083737
3518,0.9464,7.8435,4.2752,2.3286,15.3936,0.065667
3519,0.9185,7.7757,4.2969,2.3435,15.3346,0.196026
3520,0.9369,7.7722,4.3074,2.343,15.3595,0.083292
3521,0.8995,7.8251,4.3171,2.3116,15.3532,0.078649
3522,0.9412,7.8683,4.3028,2.3218,15.4342,0.192161
3523,0.9463,7.8072,4.3038,2.3163,15.3736,0.848679
3524,0.9348,7.8417,4.2814,2.3517,15.4096,0.715884
3525,0.8977,7.8283,4.2981,2.3308,15.3549,0.103407
3526,0.9362,7.763,4.2906,2.3365,15.3263,0.102362
3527,0.9216,8.1036,4.3004,2.3463,15.6718,0.010744
3528,0.9485,7.8565,4.3013,2.3023,15.4085,0.020844
3529,0.9509,7.928,4.3194,2.311,15.5093,0.019006
3530,0.9832,7.8075,4.2832,2.3041,15.378,0.004422
3531,0.9352,7.8386,4.2987,2.332,15.4046,0.005192
3532,0.9513,7.7122,4.3084,2.3248,15.2967,0.011386
3533,0.9174,7.8665,4.3128,2.3298,15.4264,0.010561
3534,0.9243,7.7972,4.2548,2.3483,15.3246,0.009718
3535,0.9422,7.8515,4.3264,2.3405,15.4606,0.014843
3536,0.9572,7.839,4.3058,2.3184,15.4204,0.006999
3537,0.9396,7.8527,4.3055,2.3165,15.4143,0.011766
3538,0.946,7.9893,4.325,2.3123,15.5727,0.008278
3539,0.9325,7.9776,4.2834,2.3303,15.5238,0.006528
3540,0.9491,7.7245,4.3335,2.3441,15.3513,0.004235
3541,0.8922,7.933,6.3098,2.3128,17.4478,0.011509
3542,1.014,7.803,4.3073,2.3204,15.4447,0.014826
3543,0.9651,7.8403,4.2994,2.338,15.4428,0.010978
3544,0.9513,7.8035,4.2951,2.3418,15.3916,0.008213
3545,0.9204,7.8177,4.2913,2.3528,15.3822,0.006174
3546,0.9541,7.7446,4.3216,2.3688,15.3891,0.006602
3547,0.9565,7.9071,4.2802,2.2994,15.4432,0.007288
3548,0.9547,7.9052,4.2947,2.3228,15.4774,0.006486
3549,0.941,7.7759,4.2932,2.3034,15.3136,0.006496
3550,0.9191,7.8567,4.2689,2.3408,15.3855,0.007546
3551,0.9661,7.7598,4.2952,2.3212,15.3423,0.007504
3552,0.9359,7.7831,4.2775,2.3429,15.3394,0.007387
3553,0.9052,7.8687,4.281,2.3413,15.3962,0.011993
3554,0.9368,8.1308,4.3226,2.3599,15.7502,0.01032
3555,0.9642,7.782,4.2838,2.3137,15.3438,0.010425
3556,0.9478,7.7801,4.3272,2.3253,15.3803,0.009271
3557,0.9222,7.8445,4.3689,2.3253,15.4609,0.009547
3558,0.9213,7.8829,4.3121,2.3382,15.4546,0.024258
3559,0.9642,7.8229,4.2769,2.337,15.4009,0.995584
3560,0.934,7.7193,4.3024,2.347,15.3027,0.999655
3561,0.9214,7.9484,4.3197,2.3487,15.5381,0.999811
3562,0.9168,7.769,4.3106,2.31,15.3064,0.999373
3563,0.9507,7.7891,4.3126,2.3053,15.3577,0.99661
3564,0.9818,7.7563,4.3085,2.2879,15.3344,0.989059
3565,0.8841,7.8155,4.2577,2.3404,15.2977,0.986716
3566,0.961,7.8586,4.2972,2.3346,15.4514,0.829626
3567,0.9548,7.8449,4.3013,2.3266,15.4276,0.636894
3568,0.9576,7.8075,4.2709,2.3499,15.3858,0.594346
3569,0.908,7.8177,4.292,2.3173,15.3349,0.514184
3570,0.9013,7.8849,4.249,2.3226,15.3578,0.516853
3571,0.9853,7.8307,4.3421,2.3027,15.4608,0.377733
3572,0.9227,7.8228,4.2901,2.3391,15.3748,0.352156
3573,0.8989,7.8635,4.3121,2.3297,15.4042,0.236263
3574,0.9196,7.8962,4.2815,2.3321,15.4294,0.32348
3575,0.9566,7.8267,4.2977,2.3513,15.4322,0.220149
3576,0.9295,7.8305,4.2952,2.3495,15.4046,0.027588
3577,0.9063,7.8677,4.2957,2.3237,15.3934,0.039534
3578,0.9665,7.8174,4.2867,2.3008,15.3714,0.056259
3579,0.9924,7.7013,4.2846,2.321,15.2993,0.040983
3580,0.9289,8.0708,4.2772,2.3418,15.6186,0.065234
3581,0.9026,7.9043,4.2682,2.3459,15.421,0.034724
3582,0.9479,7.9246,4.2926,2.3294,15.4945,0.030355
3583,0.9527,7.7691,4.2736,2.3624,15.3578,0.022759
3584,0.9321,7.8079,4.2763,2.3157,15.332,0.023576
3585,0.9465,7.8386,4.3355,2.322,15.4426,0.023666
3586,0.9965,7.7702,4.3319,2.3125,15.4111,0.029392
3587,0.958,7.8487,4.3118,2.3208,15.4393,0.015541
3588,0.9264,7.7756,4.3064,2.333,15.3413,0.016971
3589,0.9236,7.8662,4.283,2.4445,15.5173,0.021735
3590,0.995,7.8285,4.2982,2.3357,15.4573,0.019114
3591,0.9635,7.9385,4.2755,2.3419,15.5194,0.022647
3592,0.9506,7.7119,4.2871,2.3124,15.2619,0.038343
3593,0.9145,7.8253,4.2931,2.3109,15.3439,0.034976
3594,0.958,7.8059,4.3145,2.3181,15.3965,0.039969
3595,0.951,7.8542,4.3001,2.3408,15.4462,0.028353
3596,0.9179,7.7981,4.3097,2.3279,15.3536,0.025168
3597,0.9215,7.8055,4.3003,2.3611,15.3884,0.019983
3598,0.9225,7.8955,4.2933,2.3461,15.4573,0.024503
3599,0.958,7.8012,4.3446,2.3066,15.4104,0.020604
3600,0.9644,7.7469,4.2835,2.311,15.3058,0.021166
3601,0.9311,7.8806,4.2841,2.3274,15.4232,0.022623
3602,0.9307,7.876,4.2654,2.3169,15.3891,0.017427
3603,0.9608,7.8281,4.3028,2.3379,15.4297,0.033593
3604,0.9166,7.7599,4.2984,2.352,15.3269,0.033438
3605,0.9065,7.8946,4.2993,2.3512,15.4515,0.080855
3606,0.9207,7.8217,4.3047,2.335,15.3822,0.009667
3607,0.9515,8.0946,4.343,2.3045,15.6936,0.001693
3608,0.9814,7.7632,4.3442,2.2982,15.387,0.002013
3609,0.9173,7.7852,4.3479,2.3076,15.3581,0.000692
3610,0.9507,7.824,4.297,2.3208,15.3926,0.000759
3611,0.9524,7.8013,4.2885,2.3361,15.3783,0.00104
3612,0.9389,7.7879,4.2866,2.3379,15.3513,0.00088
3613,0.8892,7.8431,4.2754,2.3426,15.3504,0.000799
3614,0.9484,7.9627,4.3469,2.4837,15.7417,0.000425
3615,1.003,7.8563,4.2953,2.3054,15.4601,0.000422
3616,0.9973,7.8285,4.3136,2.3194,15.4588,0.000442
3617,0.9706,7.8107,4.3165,2.3165,15.4143,0.000736
3618,0.9296,7.8538,4.2822,2.3367,15.4023,0.000811
3619,0.9562,7.8727,4.2971,2.3443,15.4703,0.999153
3620,0.9257,7.7953,4.3063,2.3483,15.3756,0.999905
3621,0.909,7.8034,4.323,2.3469,15.3823,0.999918
3622,0.9259,7.7676,4.3282,2.3162,15.3379,0.999941
3623,0.978,7.8855,4.3205,2.3176,15.5016,0.999905
3624,0.9641,7.7477,4.2837,2.3121,15.3076,0.999931
3625,0.9209,7.8658,4.3202,2.3224,15.4294,0.999965
3626,0.9262,7.7699,4.2796,2.3365,15.3122,0.999952
3627,0.9623,7.8085,4.2771,2.3492,15.3971,0.993867
3628,0.9434,7.7855,4.28,2.3407,15.3496,0.635929
3629,0.8846,7.7521,4.2948,2.3152,15.2467,0.006178
3630,0.9585,7.7662,4.289,2.3104,15.324,0.010767
3631,0.9893,7.7996,4.3132,2.3168,15.419,0.014305
3632,0.9279,7.8025,4.319,2.3302,15.3796,0.00295
3633,0.9092,8.1787,4.2983,2.345,15.7311,0.003595
3634,0.9288,7.7338,4.3092,2.326,15.2978,0.012986
3635,0.9587,7.8486,4.273,2.3528,15.433,0.006795
3636,0.9331,7.7242,4.2887,2.3181,15.2642,0.00794
3637,0.9126,7.8267,4.2882,2.3126,15.34,0.009
3638,0.9521,7.782,4.3399,2.3146,15.3887,0.009111
3639,0.962,7.841,4.3658,2.3161,15.485,0.007998
3640,0.9579,7.7655,4.287,2.3231,15.3335,0.007546
3641,0.9071,7.8077,4.2933,2.3211,15.3293,0.005775
3642,0.9517,7.7923,4.3149,2.3406,15.3995,0.006338
3643,0.926,7.7991,4.316,2.363,15.4042,0.006494
3644,0.9556,7.7088,4.2943,2.3018,15.2605,0.007497
3645,0.9456,7.8093,4.2837,2.3125,15.3511,0.007304
3646,0.9502,7.8793,4.3082,2.3211,15.4589,0.009412
3647,0.9304,8.0097,4.3126,2.3393,15.592,0.010325
3648,0.958,7.7914,4.2941,2.3331,15.3765,0.013734
3649,0.9203,7.824,4.3234,2.3594,15.4271,0.013283
3650,0.9323,7.8034,4.3282,2.3404,15.4043,0.008858
3651,0.9679,7.8549,4.269,2.3127,15.4045,0.009709
3652,0.9525,7.7851,4.2753,2.3048,15.3176,0.010162
3653,0.9499,7.8179,4.3124,2.3143,15.3944,0.008131
3654,0.929,7.8601,4.311,2.316,15.4161,0.011956
3655,0.9591,7.8529,4.2911,2.3181,15.4212,0.013478
3656,0.9243,7.7859,4.3019,2.35,15.3621,0.01748
3657,0.9078,7.8236,4.3332,2.3398,15.4044,0.003419
3658,0.9549,7.779,4.3092,2.305,15.3481,0.008506
3659,0.9716,7.856,4.3555,2.3122,15.4952,0.008763
3660,0.9975,8.047,4.3111,2.3201,15.6757,0.010615
3661,0.95,7.7481,6.2746,2.346,17.3187,0.012218
3662,0.9524,7.7782,4.3038,2.306,15.3405,0.007717
3663,0.968,7.853,4.3371,2.2976,15.4556,0.008178
3664,1.009,7.7059,4.2989,2.3243,15.3382,0.016389
3665,0.9095,7.8178,4.3032,2.3465,15.3769,0.015327
3666,0.9234,7.7518,4.2967,2.3382,15.31,0.015162
3667,0.9548,7.7724,4.3209,2.3472,15.3953,0.00993
3668,0.9565,7.7354,4.3225,2.363,15.3774,0.010407
3669,0.9283,7.8215,4.2888,2.3263,15.3649,0.012647
3670,0.967,7.7214,4.3174,2.3179,15.3236,0.016057
3671,1.0105,7.811,4.2993,2.3106,15.4314,0.014615
3672,0.9316,7.8443,4.3076,2.3178,15.4013,0.013005
3673,0.921,7.8041,4.3061,2.3348,15.3659,0.100378
3674,0.9481,7.8177,4.2662,2.3677,15.3997,0.014563
3675,0.9288,7.8332,4.3092,2.3404,15.4115,0.013245
3676,0.9231,7.8094,4.2895,2.3084,15.3303,0.015044
3677,0.932,7.8852,4.3183,2.3122,15.4477,0.012594
3678,0.9486,7.8071,4.276,2.3128,15.3444,0.012516
3679,0.954,7.8518,4.3356,2.322,15.4634,0.016831
3680,0.9259,7.7662,4.283,2.3337,15.3088,0.015215
3681,0.9181,7.8551,4.2808,2.3548,15.4088,0.011277
3682,0.933,7.8288,4.3163,2.3306,15.4087,0.081191
3683,0.9632,7.8877,4.2966,2.3324,15.48,0.058723
3684,0.9334,7.8469,4.3211,2.2987,15.4001,0.058441
3685,0.935,7.8622,4.2707,2.3224,15.3904,0.057988
3686,0.9843,8.216,4.2844,2.3097,15.7944,0.061043
3687,0.9415,7.8168,4.3008,2.3026,15.3617,0.063029
3688,0.9536,7.8279,4.306,2.3231,15.4106,0.077835
3689,0.928,7.8361,4.303,2.3285,15.3955,0.067367
3690,0.9457,7.811,4.2806,2.3463,15.3836,0.070346
3691,0.9564,7.8016,4.3019,2.3459,15.4058,0.076009
3692,0.9729,7.8416,4.3042,2.3078,15.4265,0.080617
3693,0.9326,7.8628,4.2813,2.3055,15.3821,0.008528
3694,0.9805,7.7911,4.3407,2.3196,15.432,0.071825
3695,0.9555,7.8182,4.2721,2.3259,15.3716,0.009454
3696,0.9246,7.7869,4.2845,2.3299,15.3259,0.008375
3697,0.9109,7.7916,4.3071,2.3453,15.355,0.008151
3698,0.9313,7.7618,4.3476,2.3642,15.4049,0.007157
3699,0.9582,7.7341,4.295,2.3089,15.2963,0.006693
3700,0.965,7.7813,4.284,2.3002,15.3304,0.008092
3701,0.9144,7.8599,4.3082,2.3055,15.388,0.007685
3702,0.9347,7.7932,4.3222,2.3398,15.39,0.006994
3703,0.9638,7.8078,4.2895,2.3287,15.3898,0.008106
3704,0.9207,7.776,4.2911,2.3655,15.3532,0.005968
3705,0.967,7.923,4.3046,2.3728,15.5674,0.005366
3706,0.95,7.8444,4.2879,2.3021,15.3844,0.006329
3707,0.9772,7.8356,4.3118,2.3251,15.4496,0.005978
3708,0.988,7.7749,4.2912,2.3027,15.3568,0.006393
3709,0.9156,7.8522,4.2803,2.3313,15.3795,0.007951
3710,0.9549,7.7833,4.2926,2.3087,15.3396,0.007675
3711,0.9457,7.8493,4.2712,2.3488,15.4151,0.007457
3712,0.9609,7.7575,4.2872,2.3413,15.3468,0.009787
3713,0.9137,8.108,4.3168,2.3385,15.677,0.009421
3714,0.9488,7.7818,4.3294,2.3035,15.3636,0.008923
3715,0.9714,7.7902,4.319,2.3056,15.3862,0.008737
3716,0.9723,7.7757,4.3046,2.2893,15.3418,0.009436
3717,0.9082,7.8424,4.2847,2.3171,15.3524,0.006618
3718,0.9403,7.8338,4.279,2.3366,15.3896,0.006771
3719,0.9257,7.9184,4.2867,2.3253,15.4561,0.006497
3720,0.961,7.828,4.3119,2.3438,15.4447,0.053144
3721,0.9079,7.7773,4.3098,2.2991,15.2941,0.046359
3722,0.9686,7.8602,4.3245,2.3064,15.4597,0.049103
3723,0.9665,7.8473,4.4511,2.3619,15.6267,0.040596
3724,0.9418,7.871,4.2868,2.3324,15.432,0.045427
3725,0.9145,7.8424,4.2982,2.3539,15.409,0.066695
3726,0.9305,7.8542,4.3013,2.3308,15.4168,0.020308
3727,0.9621,7.8253,4.2995,2.3333,15.4202,0.02377
3728,0.9575,7.7801,4.2997,2.3285,15.3658,0.022858
3729,0.9261,7.7868,4.3102,2.3162,15.3392,0.022544
3730,0.9867,7.7714,4.3144,2.307,15.3795,0.031531
3731,0.9427,7.7962,4.312,2.3091,15.36,0.030891
3732,0.9332,7.8079,4.2948,2.3463,15.3821,0.032593
3733,0.9117,7.8694,4.3122,2.3197,15.413,0.033114
3734,0.9394,7.7648,4.3093,2.3422,15.3556,0.024222
3735,0.9467,7.7717,4.3227,2.3612,15.4022,0.028535
3736,0.9207,7.7486,4.3154,2.307,15.2917,0.027854
3737,0.9198,7.8031,4.2977,2.3009,15.3215,0.027539
3738,0.9238,7.7546,4.3414,2.3432,15.3629,0.028284
3739,0.9621,8.3647,4.3282,2.3277,15.9828,0.028517
3740,0.9282,7.8157,4.3221,2.3414,15.4075,0.025168
3741,0.9122,7.8868,4.3314,2.3336,15.464,0.943383
3742,0.9294,7.7373,4.2739,2.3638,15.3044,0.999952
3743,0.9654,7.7179,4.3228,2.3482,15.3543,0.999965
3744,0.937,7.9278,4.4163,2.262,15.5431,0.999979
3745,0.9952,7.7115,4.3525,2.3143,15.3734,0.998279
3746,0.9659,11.0276,4.3205,2.3662,18.6802,0.137541
3747,0.9,7.8391,4.3009,2.3278,15.3679,0.001173
3748,0.9454,7.8204,4.2919,2.3371,15.3947,0.000446
3749,0.9536,7.8101,4.3411,2.3408,15.4456,0.000296
3750,0.9393,7.772,4.7232,2.3512,15.7857,0.000243
3751,0.9,7.854,4.3158,2.3174,15.3871,0.000242
3752,0.9746,7.8359,4.2904,2.3045,15.4054,0.00041
3753,0.9289,7.8623,4.3313,2.3005,15.423,0.000566
3754,0.9307,7.7623,4.2667,2.3331,15.2928,0.001128
3755,0.9242,7.8526,4.2906,2.3548,15.4222,0.00109
3756,0.9597,7.85,4.2724,2.3326,15.4146,0.001256
3757,0.9303,7.802,4.2907,2.3528,15.3759,0.000983
3758,0.9374,7.7218,4.3313,2.3061,15.2967,0.07041
3759,0.945,7.8854,4.2756,2.315,15.4209,0.051864
3760,0.9723,7.841,4.2922,2.3108,15.4163,0.003671
3761,0.9279,7.8254,4.2791,2.3393,15.3717,0.004724
3762,0.9301,7.7943,4.2768,2.3293,15.3305,0.004007
3763,0.9029,7.7751,4.3019,2.3363,15.3162,0.002978
3764,0.9486,7.758,4.3372,2.3409,15.3847,0.003621
3765,0.9605,7.7991,4.3237,2.3055,15.3888,0.004028
3766,0.9866,8.1664,4.3019,2.3055,15.7604,0.001165
3767,0.933,8.268,4.3347,2.3033,15.839,0.003742
3768,0.9893,7.8619,4.3305,2.3126,15.4942,0.004245
3769,0.9516,7.8869,4.2766,2.3344,15.4496,0.005345
3770,0.9456,7.8207,4.2869,2.3295,15.3827,0.006435
3771,0.8866,7.9841,4.3143,2.3283,15.5133,0.001045
3772,0.9199,7.8519,4.3037,2.3403,15.4158,0.006672
3773,0.9458,7.8865,4.3297,2.3276,15.4896,0.001542
3774,0.9536,7.7693,4.3246,2.3199,15.3674,0.018659
3775,0.9592,7.9011,4.3428,2.3124,15.5155,0.019021
3776,0.9918,7.8879,4.2899,2.3015,15.4711,0.019442
3777,0.9403,7.8351,4.2894,2.3377,15.4025,0.015201
3778,0.931,7.7393,4.2987,2.3218,15.2908,0.020611
3779,0.9087,7.866,4.3373,2.3318,15.4438,0.02225
3780,0.9594,7.8094,4.3015,2.3422,15.4124,0.012164
3781,0.9437,7.8244,4.3302,2.3423,15.4405,0.019435
3782,0.9476,7.7645,4.3109,2.3076,15.3307,0.021606
3783,0.9176,7.8144,4.3563,2.3063,15.3946,0.022977
3784,0.9237,7.8466,4.3134,2.3146,15.3983,0.01434
3785,0.9526,7.8628,4.3494,2.3309,15.4957,0.015257
3786,0.9573,7.7077,4.295,2.3607,15.3206,0.012171
3787,0.9147,7.8383,4.3063,2.3507,15.41,0.006516
3788,0.9245,7.7569,4.3291,2.3344,15.3449,0.012867
3789,0.9473,7.7912,4.3005,2.3119,15.351,0.020445
3790,0.9815,7.7525,4.3044,2.3105,15.349,0.017545
3791,0.904,7.8171,4.3298,2.3021,15.353,0.019989
3792,0.9279,8.1211,4.3215,2.3455,15.7161,0.020537
3793,0.9572,7.8484,4.3072,2.3243,15.4371,0.021625
3794,0.9505,7.8292,4.3034,2.322,15.4051,0.018084
3795,0.9373,7.8173,4.3274,2.3523,15.4343,0.014355
3796,0.9363,7.9584,4.3019,2.361,15.5576,0.01402
3797,0.9506,7.8049,4.3236,2.3004,15.3795,0.015718
3798,1.1035,7.7113,4.3109,2.3166,15.4423,0.014893
3799,0.9587,7.7778,4.3388,2.3219,15.3972,0.016217
3800,0.9501,7.8648,4.2821,2.3493,15.4464,0.017216
3801,0.9292,7.8579,4.2833,2.3304,15.4008,0.020576
3802,0.9392,7.7873,4.2903,2.3323,15.3491,0.022263
3803,0.9109,7.8575,4.3051,2.3597,15.4332,0.01756
3804,0.9708,7.8597,4.3013,2.3134,15.4451,0.016267
3805,0.9582,7.8883,4.3077,2.3172,15.4715,0.033308
3806,0.9836,7.8049,4.3153,2.3075,15.4112,0.033141
3807,0.9111,7.8987,4.3146,2.3137,15.4381,0.03645
3808,0.9581,7.8725,4.2871,2.3474,15.4651,0.022874
3809,0.9443,7.8342,4.3004,2.3297,15.4086,0.012377
3810,0.9477,7.7898,4.2836,2.3346,15.3557,0.034693
3811,0.9175,7.7984,4.2984,2.3534,15.3677,0.005843
3812,0.9362,7.8035,4.3305,2.3064,15.3765,0.007592
3813,0.9952,7.8182,4.298,2.3074,15.4189,0.006346
3814,0.999,7.7219,4.3542,2.2943,15.3694,0.02892
3815,0.9256,7.8764,4.3033,2.328,15.4333,0.005625
3816,0.9258,7.8006,4.3167,2.3306,15.3737,0.005025
3817,0.9497,7.836,4.3326,2.3573,15.4757,0.004282
3818,0.9562,8.0772,4.3343,2.3576,15.7253,0.006166
3819,0.8934,7.8413,4.2952,2.3563,15.3862,0.009081
3820,0.9531,7.8376,4.3305,2.3077,15.4289,0.00589
3821,0.9939,7.8026,4.3168,2.3116,15.4249,0.00472
3822,0.9947,7.8392,4.2941,2.3173,15.4454,0.006261
3823,0.9236,7.8708,4.2929,2.3364,15.4237,0.006814
3824,0.9329,7.7569,4.2705,2.3315,15.2916,0.004857
3825,0.922,7.8773,4.2921,2.3541,15.4456,0.004593
3826,0.9317,7.7835,4.2879,2.3503,15.3534,0.011542
3827,0.88,7.7758,4.2839,2.3175,15.2572,0.999975
3828,0.9896,7.9161,4.2941,2.3054,15.5051,0.999976
3829,0.9815,7.8547,4.3112,2.313,15.4603,0.999993
3830,0.9298,7.8164,4.2767,2.3287,15.3516,0.999991
3831,0.8888,7.791,4.3027,2.3329,15.3154,0.999728
3832,0.9393,7.7421,4.2927,2.3258,15.2999,0.737086
3833,0.9306,7.8113,4.2673,2.334,15.3433,0.0599
3834,0.964,7.862,4.2534,2.3287,15.4081,0.011887
3835,0.9341,7.8898,4.2885,2.3142,15.4267,0.007213
3836,0.9903,7.7561,4.2787,2.3066,15.3318,0.007474
3837,0.958,7.8199,4.2886,2.3346,15.4011,0.009182
3838,0.9303,7.8999,4.2581,2.3282,15.4165,0.007485
3839,0.8935,7.8484,4.2801,2.3466,15.3687,0.013824
3840,0.9532,7.8255,4.2764,2.3373,15.3924,0.009242
3841,0.9252,7.9085,4.2961,2.3359,15.4657,0.00806
3842,0.9621,7.7759,4.2792,2.3094,15.3267,0.007178
3843,0.9204,8.0571,4.2881,2.3106,15.5762,0.022869
3844,0.9742,7.9684,4.2718,2.2947,15.5091,0.02322
3845,0.9598,8.1208,4.3102,2.3076,15.6984,0.021533
3846,0.9304,7.7732,4.2846,2.3278,15.316,0.021495
3847,0.8848,7.9038,4.3347,2.3489,15.4722,0.018019
3848,0.9303,7.9249,4.3185,2.337,15.5107,0.016404
3849,0.9551,7.7911,4.2783,2.333,15.3575,0.021218
3850,0.9603,7.7424,4.3263,2.3112,15.3402,0.021874
3851,0.9223,7.8787,6.2569,2.3368,17.3947,0.016802
3852,0.9231,7.7246,4.3078,2.3499,15.3054,0.026514
3853,0.9546,7.8269,4.3197,2.3132,15.4144,0.012495
3854,0.953,7.7901,4.3015,2.3183,15.3629,0.00945
3855,0.9375,7.8343,4.2819,2.3211,15.3748,0.00918
3856,0.9579,7.8366,4.2936,2.316,15.4041,0.010472
3857,0.9249,7.8013,4.2816,2.3514,15.3592,0.010316
3858,0.9652,7.7686,4.3162,2.3348,15.3848,0.010189
3859,0.9064,8.165,4.3521,2.3373,15.7608,0.008431
3860,0.9337,7.7688,4.3218,2.3461,15.3704,0.007103
3861,0.9654,7.8141,4.2906,2.3143,15.3844,0.006983
3862,0.9599,7.7595,4.2832,2.3133,15.3159,0.007838
3863,0.9169,7.7954,4.3393,2.2998,15.3514,0.00459
3864,0.9335,7.7689,4.2944,2.3385,15.3353,0.004328
3865,0.948,7.7997,4.2837,2.3228,15.3542,0.003844
3866,0.9389,7.7362,4.2635,2.3446,15.2833,0.003604
3867,0.8951,7.9155,4.2821,2.3356,15.4284,0.004284
3868,0.9276,7.7818,4.3098,2.321,15.3402,0.004772
3869,0.9767,7.7664,4.3301,2.312,15.3853,0.004368
3870,0.951,7.7992,4.3134,2.3036,15.3672,0.005391
3871,0.8865,8.1188,4.285,2.3262,15.6165,0.003561
3872,0.9287,7.8304,4.3019,2.3516,15.4126,0.005757
3873,0.9313,7.8144,4.9096,2.5436,16.1989,0.007548
3874,0.9843,7.7005,4.2934,2.3218,15.3,0.00887
3875,0.9067,7.8349,4.3025,2.3457,15.3899,0.007576
3876,0.9525,7.8893,4.2899,2.331,15.4627,0.010142
3877,0.9362,7.7936,4.3263,2.3054,15.3615,0.009885
3878,0.9877,7.8418,4.3186,2.312,15.4601,0.009672
3879,0.8999,7.8258,4.3657,3.4978,16.5893,0.008847
3880,0.9757,7.8111,4.3045,2.2976,15.3889,0.011814
3881,0.9607,7.8399,4.3233,2.3047,15.4286,0.011832
3882,0.958,7.8229,4.2855,2.3305,15.3969,0.011999
3883,0.9252,7.8493,4.2965,2.3327,15.4037,0.010522
3884,0.9603,7.839,4.286,2.3422,15.4275,0.010335
3885,0.9307,7.843,4.3296,2.3536,15.457,0.012578
3886,0.9316,7.7683,4.2969,2.3163,15.3132,0.011805
3887,0.9449,7.8482,4.2952,2.3206,15.409,0.010118
3888,0.9658,7.8644,4.3151,2.2998,15.4451,0.014179
3889,0.9734,7.805,4.2586,2.3361,15.3732,0.012735
3890,0.9547,7.8001,4.3097,2.3413,15.4059,0.014401
3891,0.9106,7.8489,4.3016,2.3423,15.4034,0.015823
3892,0.9259,7.7789,4.2943,2.354,15.353,0.014098
3893,0.9496,7.8083,4.2873,2.3145,15.3598,0.013939
3894,0.9515,7.7871,4.2769,2.2914,15.3069,0.013003
3895,0.9247,7.9068,4.2925,2.2996,15.4236,0.012877
3896,0.947,7.8937,4.289,2.3085,15.4382,0.015549
3897,0.9472,7.8504,4.3112,2.3437,15.4525,0.020519
3898,0.9816,8.134,4.292,2.3368,15.7443,0.021095
3899,0.8959,7.8557,4.3205,2.3472,15.4192,0.023508
3900,0.9442,7.8308,4.312,2.3716,15.4587,0.028358
3901,0.9581,7.8104,4.3326,2.3423,15.4434,0.024186
3902,0.9509,7.7213,4.3537,2.3311,15.357,0.022217
3903,0.9515,7.8445,4.2994,2.3091,15.4045,0.016406
3904,0.9864,7.8352,4.3055,2.3206,15.4477,0.020558
3905,0.9563,7.8808,4.3274,2.3478,15.5123,0.019619
3906,0.9499,7.8085,4.3032,2.3415,15.403,0.020809
3907,0.8913,7.7971,4.2975,2.3449,15.3309,0.020768
3908,0.9473,7.7842,4.274,2.3454,15.3509,0.029077
3909,0.949,7.8656,4.2912,2.3024,15.4082,0.032162
3910,0.9883,7.753,4.2831,2.3057,15.3301,0.029471
3911,0.9125,7.7936,4.3456,2.312,15.3637,0.024536
3912,0.9516,7.8227,4.3218,2.3093,15.4054,0.029892
3913,0.942,7.8265,4.3107,2.3398,15.419,0.02732
3914,0.9589,7.769,4.3008,2.3322,15.3609,0.034878
3915,0.8907,7.9686,4.3053,2.3451,15.5097,0.013299
3916,0.9607,7.8512,4.3133,2.2964,15.4217,0.01131
3917,0.965,8.0298,4.3109,2.3004,15.6061,0.009346
3918,0.9703,7.9063,4.2902,2.3015,15.4684,0.035489
3919,0.9234,7.7814,4.3302,2.3182,15.3532,0.012429
3920,0.9539,7.8721,4.3063,2.3441,15.4764,0.020029
3921,0.9611,7.8577,4.34,2.3198,15.4786,0.008139
3922,0.9581,7.8292,4.3183,2.3142,15.4199,0.007644
3923,0.9186,7.8546,4.2976,2.3529,15.4237,0.017166
3924,0.9599,8.2293,4.2868,2.3475,15.8235,0.008635
3925,0.9461,7.8482,4.3265,2.367,15.4877,0.008602
3926,0.946,7.849,4.3195,2.3093,15.4238,0.007901
3927,0.9473,7.8467,4.319,2.3138,15.4268,0.022369
3928,0.9765,7.8543,4.2998,2.3174,15.4479,0.029554
3929,0.9249,7.8266,4.2813,2.3449,15.3777,0.020665
3930,0.9256,7.9029,4.2817,2.3407,15.4509,0.017754
3931,0.907,7.837,4.2893,2.344,15.3774,0.005247
3932,0.9573,7.7101,4.3255,2.3253,15.3182,0.012069
3933,0.9248,7.834,4.3107,2.3158,15.3854,0.009114
3934,0.9548,7.7621,4.3087,2.3092,15.3348,0.008483
3935,0.9481,7.8368,4.3008,2.3128,15.3985,0.006575
3936,0.9443,7.8095,4.2716,2.336,15.3614,0.006308
3937,0.9364,7.7616,4.2731,2.3373,15.3085,0.005066
3938,0.9352,7.7997,4.3051,2.349,15.389,0.014905
3939,0.9053,7.8313,4.3116,2.3535,15.4016,0.013001
3940,0.9613,7.8002,4.2787,2.3115,15.3518,0.012904
3941,0.9723,7.845,4.3123,2.301,15.4306,0.013067
3942,0.9769,7.8582,4.3161,2.3084,15.4596,0.025727
3943,0.8863,7.8463,4.2963,2.3347,15.3637,0.024421
3944,0.9618,7.8135,4.313,2.3225,15.4108,0.020628
3945,0.9663,7.7748,4.2835,2.3528,15.3775,0.017241
3946,0.9461,7.8186,4.328,2.3432,15.4358,0.010053
3947,0.9047,7.8645,4.3323,2.329,15.4306,0.008044
3948,0.9886,7.796,4.3159,2.3228,15.4233,0.039542
3949,0.9881,7.7974,4.3335,2.3155,15.4346,0.033868
3950,0.9338,7.8047,4.3022,2.3243,15.365,0.027852
3951,0.9063,8.1633,4.3168,2.325,15.7114,0.021356
3952,0.956,7.7232,4.3071,2.3356,15.3219,0.026581
3953,0.9577,7.8708,4.3195,2.3465,15.4944,0.08159
3954,0.9631,7.7361,4.2996,2.3568,15.3557,0.052459
3955,0.8882,7.8826,4.3152,2.3122,15.3982,0.057325
3956,0.9698,7.7776,4.3102,2.2981,15.3557,0.017464
3957,0.9662,7.8312,4.3075,2.3077,15.4126,0.08053
3958,0.9282,7.8455,4.3267,2.3152,15.4157,0.068573
3959,0.9101,7.8461,4.2897,2.3371,15.383,0.065865
3960,0.9233,7.7274,4.3084,2.3476,15.3068,0.071682
3961,0.9582,7.8237,4.3041,2.3387,15.4247,0.074475
3962,0.9539,7.8066,4.3174,2.3132,15.3911,0.062937
3963,0.9482,7.7691,4.3311,2.3061,15.3545,0.062374
3964,0.9855,7.8847,4.3123,2.3039,15.4864,0.063003
3965,0.9577,7.8525,4.351,2.3268,15.488,0.055442
3966,0.9472,7.836,4.3046,2.3347,15.4226,0.049679
3967,0.9058,7.844,4.326,2.3366,15.4123,0.063457
3968,0.9491,7.8443,4.2986,2.3321,15.4241,0.045831
3969,0.9597,7.753,4.3066,2.3443,15.3636,0.033531
3970,0.9533,7.7964,4.287,2.3189,15.3556,0.181431
3971,0.926,7.8052,4.3132,2.3063,15.3507,0.126098
3972,0.987,7.7567,4.3212,2.3039,15.3687,0.150979
3973,0.9656,7.7706,4.3282,2.325,15.3894,0.163661
3974,0.9609,7.7054,4.3,2.3373,15.3036,0.184936
3975,0.9053,7.8669,4.3082,2.3453,15.4257,0.0303
3976,0.9357,7.7461,4.3135,2.3533,15.3487,0.036665
3977,0.953,8.3804,4.3467,2.3323,16.0123,0.032947
3978,0.9565,7.7897,4.3211,2.3049,15.3722,0.043445
3979,0.9465,7.8505,4.3612,2.3108,15.469,0.059233
3980,0.972,7.7539,4.3287,2.3086,15.3632,0.055821
3981,0.9507,7.8117,4.3086,2.3253,15.3962,0.053655
3982,0.9695,7.7967,4.3208,2.3291,15.4161,0.060709
3983,0.9107,7.8325,4.307,2.3409,15.391,0.058265
3984,0.9255,7.7402,4.3051,2.3418,15.3126,0.066111
3985,0.9516,7.7886,4.3139,2.3187,15.3728,0.079709
3986,0.9706,7.6931,4.2987,2.3066,15.2689,0.07604
3987,0.9327,7.8466,4.3468,2.3261,15.4522,0.086776
3988,0.9603,7.754,4.2905,2.3233,15.3281,0.095343
3989,0.955,7.7917,4.3223,2.3472,15.4162,0.085817
3990,0.9367,7.8458,4.3081,2.3326,15.4231,0.083086
3991,0.9218,7.8161,4.3378,2.3424,15.4181,0.086714
3992,0.9504,7.7433,4.3054,2.3047,15.3037,0.109965
3993,0.9843,7.8496,4.3282,2.3096,15.4717,0.126079
3994,0.9815,7.7738,4.2945,2.3066,15.3564,0.033202
3995,0.9285,7.7468,4.3111,2.331,15.3174,0.022035
3996,0.928,7.9367,4.2669,2.3333,15.465,0.998208
3997,0.8962,7.8269,4.3135,2.3553,15.392,0.999985
3998,0.9437,7.8647,4.2992,2.3392,15.4468,0.999985
3999,0.9372,7.8255,4.3133,2.3343,15.4103,0.999936
4000,0.9678,7.7924,4.3332,2.2967,15.3901,0.999605
4001,0.9776,7.7844,4.3269,2.3391,15.428,0.977079
4002,1.0357,7.8397,4.3067,2.3095,15.4916,0.922631
4003,0.9226,8.8298,4.4327,2.3054,16.4906,0.302516
4004,1.008,7.7857,4.3685,2.3253,15.4875,0.226342
4005,0.9112,8.6372,4.3046,2.3213,16.1743,0.217868
4006,0.9417,7.8442,4.3288,2.3028,15.4176,0.23116
4007,0.9236,7.8494,4.3026,2.3318,15.4074,0.173842
4008,0.9735,7.7989,4.31,2.3318,15.4142,0.159377
4009,0.8897,7.9231,4.2994,2.3371,15.4493,0.133332
4010,0.9243,7.8246,4.3059,2.3538,15.4086,0.108159
4011,0.95,7.8611,4.3158,2.318,15.4448,0.091937
4012,0.9883,7.7896,4.3365,2.3145,15.429,0.099357
4013,0.9426,7.8728,4.3158,2.3102,15.4414,0.083643
4014,0.9564,7.7406,4.3205,2.3438,15.3612,0.100465
4015,0.964,7.8302,4.332,2.3374,15.4636,0.114329
4016,0.9315,7.8507,4.2968,2.3228,15.4018,0.129225
4017,0.9144,7.8516,4.3189,2.3586,15.4434,0.121845
4018,0.9187,7.8059,4.2679,2.3174,15.3098,0.135363
4019,0.9494,7.8744,4.319,2.2977,15.4405,0.114792
4020,0.9851,7.7789,4.3014,2.3215,15.3869,0.099224
4021,0.917,7.9334,4.3278,2.3088,15.487,0.098879
4022,0.9425,7.8335,4.2955,2.3271,15.3986,0.075306
4023,0.9258,7.8228,4.3105,2.3401,15.3992,0.078939
4024,0.9507,7.9312,4.3065,2.3597,15.5481,0.090749
4025,0.8918,7.9297,4.3188,2.3612,15.5016,0.072702
4026,0.9461,7.7717,4.3048,2.3097,15.3323,0.061878
4027,0.9622,7.789,4.3125,2.3083,15.372,0.073796
4028,0.954,7.7099,4.3137,2.3032,15.2809,0.070108
4029,0.925,7.942,4.2993,2.3315,15.4979,0.046905
4030,0.9225,8.1411,4.2988,2.3256,15.6881,0.052578
4031,0.9697,7.8126,4.2999,2.322,15.4043,0.053795
4032,0.953,7.8481,4.3037,2.3357,15.4405,0.059324
4033,0.8908,7.9089,4.3464,2.3463,15.4924,0.064095
4034,0.9327,7.7548,4.3102,2.3031,15.3008,0.067008
4035,0.9674,7.9485,4.3157,2.2947,15.5264,0.06685
4036,0.9861,7.7794,4.3,2.3073,15.3728,0.073688
4037,0.9032,7.8656,4.3235,2.3154,15.4077,0.063551
4038,0.951,7.8128,4.3148,2.3223,15.4009,0.062343
4039,0.9654,7.787,4.2854,2.3362,15.3739,0.060527
4040,0.9585,7.8003,4.3173,2.3321,15.4082,0.049327
4041,0.8917,7.8256,4.324,2.2993,15.3407,0.042341
4042,0.9443,7.887,4.3066,2.3066,15.4446,0.048867
4043,0.9967,7.8162,4.3033,2.3029,15.4192,0.045366
4044,0.9635,7.748,4.3032,2.3095,15.3243,0.046605
4045,0.916,7.8223,4.325,2.3173,15.3806,0.043905
4046,0.9397,7.8646,4.3108,2.3533,15.4683,0.045668
4047,0.9594,7.9512,4.3009,2.343,15.5545,0.038262
4048,0.9503,7.7735,4.3038,2.346,15.3736,0.033936
4049,0.9178,7.8719,4.3072,2.3105,15.4075,0.031825
4050,1.0039,7.8972,4.3196,2.3036,15.5242,0.034278
4051,0.9532,7.789,4.3091,2.316,15.3673,0.04063
4052,0.9592,7.8006,4.3164,2.3132,15.3893,0.034408
4053,0.9131,7.8255,4.3112,2.3477,15.3975,0.030434
4054,0.9424,7.823,4.2946,2.3385,15.3984,0.042083
4055,0.9607,7.8069,4.316,2.3243,15.4079,0.039799
4056,0.9607,8.2635,4.3045,2.3494,15.8781,0.041115
4057,0.8967,7.8227,4.3246,2.338,15.382,0.04131
4058,0.9255,7.7814,4.323,2.3032,15.333,0.041464
4059,0.9945,7.8651,4.3329,2.3139,15.5064,0.037254
4060,0.9633,7.7704,4.2967,2.3107,15.3411,0.039269
4061,0.9182,7.8905,4.319,2.3407,15.4683,0.035671
4062,0.9529,7.8674,4.3107,2.3299,15.4609,0.045046
4063,0.9412,7.7975,4.3326,2.355,15.4263,0.044464
4064,0.9281,7.7635,4.3026,2.3545,15.3487,0.041676
4065,0.9153,7.8185,4.3416,2.3234,15.3988,0.031265
4066,0.9515,7.8124,4.3196,2.3155,15.399,0.034436
4067,0.9918,7.7818,4.2888,2.3142,15.3767,0.032163
4068,0.9682,7.8033,4.2881,2.3341,15.3937,0.026247
4069,0.8909,7.8365,4.3131,2.3348,15.3753,0.016657
4070,0.9185,7.7469,4.3132,2.3356,15.3143,0.019004
4071,0.9535,7.9002,4.3234,2.3466,15.5236,0.021474
4072,0.9514,7.7118,4.2906,2.3067,15.2605,0.022496
4073,0.9357,7.8438,4.3425,2.3226,15.4446,0.037253
4074,0.9811,7.8422,4.3139,2.2946,15.4318,0.016315
4075,0.9322,7.7855,4.2875,2.3212,15.3264,0.017316
4076,0.9304,7.733,4.2887,2.3461,15.2982,0.094235
4077,0.9297,7.8035,4.2912,2.3385,15.3629,0.095001
4078,0.9545,7.8447,4.2926,2.3673,15.4591,0.096727
4079,0.927,7.8602,4.3124,2.3154,15.4149,0.091548
4080,0.9326,7.8115,4.2845,2.3103,15.3389,0.026025
4081,0.9308,7.8472,4.3185,2.3156,15.4121,0.079868
4082,0.9485,7.9549,4.3117,2.2953,15.5104,0.119009
4083,0.9304,8.0891,4.3213,2.3305,15.6712,0.046646
4084,0.9197,7.7881,4.2803,2.3248,15.313,0.041152
4085,0.9138,7.9399,4.3332,2.3568,15.5437,0.034481
4086,0.9378,7.8409,4.3313,2.3593,15.4693,0.039639
4087,0.9691,7.7892,4.3276,2.34,15.426,0.033889
4088,0.9611,7.7602,4.3258,2.3189,15.366,0.039854
4089,0.9168,7.8152,4.3212,2.3114,15.3647,0.028297
4090,0.918,7.8825,4.3303,2.313,15.4438,0.030698
4091,0.9685,7.832,4.2931,2.3366,15.4303,0.03768
4092,0.9672,7.7929,4.2997,2.322,15.3817,0.03484
4093,0.9213,7.8906,4.3412,2.3484,15.5014,0.020373
4094,0.9443,7.8267,4.3169,2.3558,15.4436,0.034207
4095,0.9605,7.866,4.344,2.3613,15.5317,0.020921
4096,0.9618,7.7734,4.2735,2.3068,15.3155,0.021518
4097,0.9477,7.8377,4.3089,2.3016,15.3959,0.030731
4098,0.919,7.7882,4.2908,2.3463,15.3443,0.011857
4099,0.9302,7.8081,4.2575,2.3276,15.3234,0.010992
4100,0.9547,7.8461,4.3064,2.3317,15.4389,0.014062
4101,0.9165,7.9006,4.3105,2.3614,15.489,0.012883
4102,0.9132,7.8172,4.2824,2.3228,15.3355,0.012143
4103,0.9327,7.8458,4.2978,2.3038,15.38,0.008569
4104,0.9729,7.7532,4.2992,2.3155,15.3408,0.012817
4105,0.9132,7.7847,4.2881,2.3225,15.3086,0.010346
4106,0.9452,7.8993,4.3008,2.3385,15.4837,0.011989
4107,0.9334,7.9272,4.3044,2.3515,15.5165,0.012225
4108,0.9449,7.8037,4.2891,2.3448,15.3824,0.009646
4109,0.9165,8.1256,4.2837,2.3547,15.6805,0.00436
4110,0.9199,7.8167,4.2995,2.4282,15.4644,0.004713
4111,0.9744,7.8847,4.3063,2.3166,15.482,0.005384
4112,0.9946,7.8342,4.2825,2.3137,15.4249,0.006697
4113,0.9677,7.816,4.2986,2.3099,15.3922,0.004808
4114,0.9453,7.8942,4.2888,2.3383,15.4666,0.005738
4115,0.9661,7.8624,4.289,2.3407,15.4583,0.008122
4116,0.9497,7.7395,4.3207,2.3267,15.3366,0.008084
4117,0.9161,7.9575,4.3105,2.3471,15.5312,0.005762
4118,0.947,7.7699,4.3048,2.299,15.3206,0.006845
4119,0.9839,7.8008,4.282,2.3283,15.3951,0.007419
4120,0.9976,7.8198,4.2719,2.313,15.4023,0.010803
4121,0.9095,7.8877,4.2697,2.324,15.3909,0.008702
4122,0.951,7.8465,4.2985,2.3294,15.4254,0.012093
4123,0.9607,7.8319,4.274,2.3273,15.3939,0.013191
4124,0.963,7.7751,4.2678,2.3408,15.3467,0.017162
4125,0.9042,7.8118,4.2716,2.2991,15.2867,0.017196
4126,0.9653,7.7948,4.2833,2.3167,15.3602,0.014565
4127,1.0005,7.8552,4.2656,2.3049,15.4261,0.014078
4128,0.9515,7.7947,4.2991,2.3144,15.3597,0.014623
4129,0.9164,7.8502,4.3013,2.3308,15.3986,0.00928
4130,0.9618,7.7858,4.2623,2.3426,15.3525,0.013114
4131,0.9617,7.7806,4.2654,2.3257,15.3333,0.010274
4132,0.9509,7.7308,4.4604,2.5954,15.7374,0.00815
4133,1.1006,8.019,4.3038,2.3306,15.7541,0.009989
4134,0.9268,7.7897,4.2832,2.3041,15.3037,0.011908
4135,0.9685,7.7701,4.2786,2.3034,15.3206,0.010676
4136,0.9426,8.1353,4.328,2.3103,15.7161,0.009901
4137,0.9198,7.8864,4.2933,2.3262,15.4256,0.048969
4138,0.9324,7.7861,4.265,2.3243,15.3077,0.036787
4139,0.933,7.7959,4.2964,2.3281,15.3534,0.030546
4140,0.9472,7.7842,4.2596,2.3438,15.3348,0.006173
4141,0.9054,7.889,4.3031,2.3134,15.4109,0.006294
4142,0.9553,7.7623,4.2639,2.3252,15.3067,0.010423
4143,1.0042,7.8416,4.3412,2.318,15.505,0.01083
4144,0.9525,7.8698,4.2915,2.3382,15.4521,0.061269
4145,0.9145,7.8575,4.3266,2.3451,15.4437,0.05796
4146,0.919,7.8128,4.3275,2.3551,15.4144,0.079327
4147,0.965,7.869,4.296,2.3411,15.4711,0.999579
4148,0.9483,7.7606,4.2914,2.3102,15.3105,0.99999
4149,0.885,7.8819,4.3307,2.2947,15.3924,0.999989
4150,0.9568,7.7768,4.3107,2.2996,15.3439,0.999989
4151,0.9548,7.9337,4.3116,2.3185,15.5187,0.999969
4152,0.9397,7.8531,4.2794,2.339,15.4112,0.999648
4153,0.9111,7.8322,4.3168,2.3334,15.3935,0.99834
4154,0.9667,7.8342,4.279,2.3312,15.4111,0.953923
4155,0.9612,7.8326,4.2775,2.339,15.4102,0.400572
4156,0.924,7.7431,4.2542,2.3099,15.2312,0.092759
4157,0.9443,7.8812,4.3175,2.3145,15.4575,0.174905
4158,0.9632,7.771,4.3318,2.309,15.3751,0.190589
4159,0.9525,7.8369,4.2817,2.3289,15.4,0.050196
4160,0.9544,7.8245,4.2576,2.3313,15.3679,0.0446
4161,0.899,7.7939,4.332,2.3463,15.3713,0.04793
4162,0.9282,8.1045,4.3282,2.3426,15.7036,0.029628
4163,0.9596,7.8299,4.2897,2.3131,15.3923,0.027653
4164,0.9318,7.7173,4.2857,2.3114,15.2463,0.018932
4165,0.9469,7.8214,4.309,2.3124,15.3897,0.013298
4166,0.9439,7.8581,4.3242,2.3365,15.4628,0.029389
4167,0.9705,7.8363,4.2662,2.3416,15.4146,0.032115
4168,0.9531,7.7828,4.2744,2.3227,15.3331,0.027895
4169,0.8936,7.8692,4.3005,2.3503,15.4136,0.031745
4170,0.945,7.8417,4.3128,2.3487,15.4481,0.024154
4171,1.0769,8.0201,4.2942,2.3087,15.6999,0.025151
4172,0.9549,7.7987,4.2916,2.3114,15.3566,0.092937
4173,0.9494,7.8177,4.3054,2.3225,15.395,0.08677
4174,0.9425,7.8191,4.2744,2.3441,15.3801,0.035408
4175,0.961,7.8471,4.3363,2.3441,15.4886,0.14372
4176,0.95,7.8764,4.2794,2.3205,15.4262,0.069488
4177,0.9158,7.8531,4.3088,2.3587,15.4364,0.049928
4178,0.959,7.8964,4.294,2.3556,15.5051,0.045638
4179,0.9604,7.8255,4.2963,2.3141,15.3963,0.04746
4180,0.9803,7.7635,4.3212,2.315,15.3799,0.028954
4181,0.9251,7.822,4.3279,2.3169,15.3919,0.002585
4182,0.9585,7.7691,4.2934,2.3235,15.3445,0.047782
4183,0.9624,7.8342,4.2881,2.3406,15.4253,0.032758
4184,0.9374,7.7209,4.2738,2.3282,15.2603,0.026537
4185,0.8906,7.8609,4.2863,2.3352,15.373,0.025619
4186,0.9465,7.7963,4.2942,2.3029,15.3399,0.034493
4187,0.9614,7.7726,4.3025,2.3085,15.345,0.036435
4188,0.9778,7.7264,4.294,2.2971,15.2953,0.033952
4189,0.9178,8.1485,4.2817,2.3365,15.6846,0.028541
4190,0.9156,7.8273,4.2962,2.3168,15.3559,0.036165
4191,0.9392,7.8115,4.2763,2.3324,15.3594,0.031409
4192,0.9504,7.7873,4.3135,2.3404,15.3915,0.03087
4193,0.9108,7.7761,4.2929,2.3094,15.2893,0.02836
4194,0.9555,7.7938,4.2963,2.3192,15.3648,0.07839
4195,0.9798,7.7886,4.3169,2.3077,15.393,0.08593
4196,0.9562,7.8468,4.2948,2.3357,15.4334,0.099959
4197,0.9078,7.8432,4.2901,2.3386,15.3797,0.068619
4198,0.935,7.784,4.2763,2.3458,15.341,0.104653
4199,0.9422,7.7435,4.3326,2.351,15.3694,0.114632
4200,0.9529,7.7109,4.2809,2.3029,15.2476,0.117702
4201,0.9288,7.8092,4.3006,2.3077,15.3464,0.111552
4202,0.9445,7.7639,4.3206,2.307,15.3359,0.118606
4203,0.9292,7.8222,4.3331,2.3496,15.4341,0.1055
4204,0.9527,7.8292,4.2955,2.327,15.4045,0.095365
4205,0.9136,7.9063,4.3009,2.3355,15.4562,0.097857
4206,0.9162,7.8116,4.2956,2.3373,15.3607,0.096665
4207,0.932,7.8957,4.2986,2.3079,15.4342,0.079852
4208,0.9807,7.7838,4.2773,2.3164,15.3582,0.087775
4209,0.9349,7.8614,4.3027,2.3039,15.4029,0.090913
4210,0.9454,7.8144,4.285,2.3383,15.3831,0.110237
4211,0.93,7.879,4.331,2.3284,15.4684,0.021442
4212,0.955,7.7838,4.2726,2.3211,15.3326,0.02092
4213,0.9086,7.8113,4.2728,2.3453,15.338,0.018965
4214,0.9125,7.8629,4.294,2.3367,15.4061,0.046099
4215,0.9862,8.0982,4.3095,2.3242,15.7181,0.030451
4216,0.9509,7.7993,4.3202,2.3065,15.377,0.037929
4217,0.9365,7.8446,4.3527,2.3253,15.4591,0.038293
4218,0.9517,7.8893,4.309,2.3289,15.479,0.055141
4219,0.9759,7.824,4.2517,2.3324,15.384,0.076142
4220,0.95,7.7716,4.2732,2.3305,15.3252,0.063541
4221,0.9094,7.865,4.2742,2.3268,15.3754,0.013699
4222,0.9459,7.7793,4.3497,2.3232,15.3981,0.020366
4223,0.9937,7.8359,4.2845,2.3119,15.426,0.023653
4224,0.9824,7.8237,4.3308,2.3245,15.4614,0.008752
4225,0.8901,7.8543,4.3436,2.3184,15.4064,0.007873
4226,0.9522,7.8671,4.2763,2.3303,15.4259,0.025934
4227,0.9765,7.8165,4.2899,2.3518,15.4348,0.027698
4228,0.9367,7.7456,4.273,2.3449,15.3002,0.011185
4229,0.9129,7.9083,4.2855,2.3359,15.4426,0.009218
4230,0.9363,7.7597,4.2855,2.3038,15.2852,0.01097
4231,0.9845,7.8414,4.296,2.3135,15.4354,0.010855
4232,0.9568,7.7516,4.28,2.3396,15.3281,0.010586
4233,0.9033,7.869,4.2886,2.3322,15.3931,0.011042
4234,0.9249,7.8137,4.314,2.327,15.3796,0.011243
4235,0.9579,7.8898,4.3291,2.2935,15.4703,0.011678
4236,0.9591,7.7976,4.2775,2.3404,15.3747,0.010626
4237,0.9193,7.9081,4.263,2.3024,15.3928,0.008782
4238,0.9501,7.7747,4.3025,2.3143,15.3416,0.011725
4239,0.951,7.8259,4.2734,2.3095,15.3598,0.013546
4240,0.9585,7.7684,4.2499,2.3129,15.2897,0.014169
4241,0.9198,7.876,4.2969,2.3436,15.4363,0.012526
4242,0.9402,8.0988,4.299,2.3312,15.6693,0.013662
4243,0.9549,7.8901,4.3351,2.3372,15.5172,0.01323
4244,0.9605,7.7655,4.2589,2.3091,15.2939,0.013818
4245,0.9906,7.7464,4.3121,2.3148,15.3638,0.011579
4246,0.9373,10.7381,4.2957,2.3472,18.3183,0.003555
4247,0.9,7.8057,4.3022,2.3533,15.3613,0.027482
4248,0.9455,7.8019,4.3188,2.3622,15.4284,0.028404
4249,0.9692,7.7979,4.3414,2.334,15.4425,0.030121
4250,0.9385,7.8183,4.3298,2.3169,15.4035,0.027753
4251,0.9443,7.817,4.3021,2.3238,15.3872,0.019215
4252,0.9585,7.8481,4.3085,2.312,15.4271,0.017356
4253,0.9442,7.8091,4.3046,2.3218,15.3798,0.018078
4254,0.9223,7.7554,4.2856,2.321,15.2845,0.070622
4255,0.9011,7.9016,4.3462,2.3325,15.4815,0.017146
4256,0.9317,7.782,4.307,2.3343,15.3551,0.03875
4257,0.9387,7.8537,4.3152,2.307,15.4146,0.025391
4258,0.9857,7.7539,4.2833,2.3058,15.3286,0.024313
4259,0.9094,7.8934,4.3053,2.3105,15.4185,0.014454
4260,0.9439,7.7622,4.3119,2.3415,15.3595,0.02145
4261,0.932,7.8408,4.2898,2.3303,15.3929,0.016833
4262,0.9616,7.9482,4.4241,2.2985,15.6325,0.018846
4263,0.9277,7.8894,4.309,2.356,15.4822,0.024882
4264,0.9417,7.7581,4.3039,2.3048,15.3084,0.023799
4265,0.9349,7.7691,4.2942,2.2999,15.298,0.021501
4266,0.98,7.7697,4.3212,2.3152,15.3861,0.023021
4267,0.921,7.8676,4.2898,2.339,15.4174,0.017863
4268,0.959,8.1439,4.2793,2.3311,15.7133,0.020563
4269,0.9547,7.8251,4.2983,2.3261,15.4042,0.022724
4270,0.9382,7.776,4.3183,2.3353,15.3679,0.017628
4271,0.9102,7.8136,4.3042,2.3428,15.3709,0.012225
4272,0.9556,7.8543,4.303,2.3222,15.4351,0.016752
4273,0.9825,7.8939,4.3034,2.3023,15.482,0.016557
4274,0.9469,7.793,4.305,2.3125,15.3573,0.015956
4275,0.9092,7.8389,4.2658,2.3392,15.3531,0.019884
4276,0.967,7.7932,4.3074,2.3228,15.3904,0.019516
4277,0.9498,7.8458,4.3008,2.3342,15.4306,0.018286
4278,0.919,7.7771,4.3258,2.337,15.3589,0.01809
4279,0.9116,7.74,4.3196,2.3024,15.2737,0.015741
4280,0.9638,7.8239,4.2881,2.3002,15.376,0.013203
4281,0.949,7.8419,4.303,2.3071,15.4009,0.01417
4282,0.9555,7.7765,4.255,2.3328,15.3198,0.048833
4283,0.9265,7.8262,4.323,2.3152,15.391,0.040997
4284,0.9385,7.7777,4.2699,2.3213,15.3074,0.035958
4285,0.9418,7.7839,4.2844,2.3303,15.3403,0.048278
4286,0.9555,7.8638,4.2908,2.3043,15.4145,0.045789
4287,0.9257,7.833,4.2911,2.3074,15.3572,0.043252
4288,0.9693,7.8308,4.3122,2.3049,15.4171,0.039102
4289,0.9375,7.8453,4.3421,2.3326,15.4575,0.041748
4290,0.9546,7.8126,4.296,2.3323,15.3956,0.054009
4291,0.9162,7.863,4.3195,2.3351,15.4338,0.505704
4292,0.9366,7.8281,4.2899,2.3429,15.3974,0.999968
4293,0.9246,7.7683,4.2754,2.3206,15.2888,0.999996
4294,0.976,7.803,4.3153,2.3133,15.4076,0.999996
4295,0.95,8.2044,4.3177,2.315,15.787,0.999991
4296,0.9533,7.7015,4.304,2.3085,15.2673,0.999883
4297,0.9282,7.7936,4.3116,2.3252,15.3587,0.999823
4298,0.9479,7.7957,4.2826,2.3298,15.3559,0.998814
4299,0.9141,7.8246,4.2924,2.339,15.3701,0.983853
4300,0.9503,7.9521,4.3132,2.3539,15.5695,0.898732
4301,0.9586,7.8755,4.3103,2.3206,15.465,0.457203
4302,0.9412,7.8136,4.3062,2.3107,15.3716,0.407679
4303,0.9135,8.1609,4.3199,2.3028,15.6971,0.332172
4304,1.0006,7.8745,4.3097,2.3128,15.4976,0.207735
4305,0.9556,7.9341,4.2803,2.334,15.504,0.150067
4306,0.9286,7.8251,4.2807,2.3234,15.3579,0.13907
4307,0.9256,7.7788,4.301,2.3419,15.3473,0.091781
4308,0.9582,7.7595,4.2899,2.3387,15.3463,0.060057
4309,0.9453,7.8092,4.3087,2.3034,15.3666,0.039092
4310,0.948,7.7453,4.3204,2.3031,15.3168,0.041388
4311,0.9412,7.8616,4.2946,2.3078,15.4052,0.048226
4312,0.973,7.8654,4.2805,2.32,15.4389,0.04349
4313,0.9499,7.8804,4.278,2.3206,15.4288,0.036856
4314,0.9269,7.7825,4.3127,2.3297,15.3518,0.038751
4315,0.9113,7.8077,4.2788,2.3424,15.3403,0.00981
4316,0.96,7.9052,4.2907,2.3282,15.4841,0.006648
4317,0.9498,7.8317,4.2844,2.3066,15.3726,0.00839
4318,0.9577,7.7434,4.3047,2.3072,15.313,0.008527
4319,0.9131,7.8683,4.2842,2.3195,15.3851,0.010792
4320,0.9638,7.8119,4.2828,2.3385,15.3971,0.011228
4321,0.9558,8.3747,4.3095,2.321,15.9609,0.011288
4322,0.9308,7.8615,4.3008,2.3368,15.4299,0.008817
4323,0.9052,7.829,4.2886,2.3499,15.3728,0.008095
4324,0.959,7.7933,4.2808,2.35,15.3832,0.009453
4325,0.9617,7.8341,4.3154,2.3071,15.4182,0.010693
4326,0.9656,7.8454,4.3313,2.3169,15.4592,0.007368
4327,1.024,7.8134,4.3597,2.3233,15.5203,0.015801
4328,0.9514,7.8151,4.2791,2.3339,15.3795,0.018454
4329,0.9614,7.8025,4.313,2.3485,15.4254,0.014732
4330,0.9251,7.8477,4.272,2.3348,15.3796,0.011954
4331,0.8922,7.787,4.3106,2.3335,15.3234,0.007694
4332,0.9682,7.8045,4.2946,2.312,15.3792,0.013337
4333,0.9816,7.9384,4.2736,2.3151,15.5087,0.016318
4334,0.9604,7.8447,4.3025,2.321,15.4286,0.005911
4335,0.8941,7.8735,4.2887,2.3322,15.3885,0.01863
4336,0.9541,7.773,4.2883,2.3376,15.353,0.006464
4337,0.9665,7.8441,4.2782,2.3313,15.4201,0.007375
4338,0.9603,7.754,4.2973,2.3528,15.3645,0.009133
4339,0.9012,7.8504,4.3028,2.3441,15.3984,0.009205
4340,0.9642,7.75,4.2987,2.2922,15.3051,0.009679
4341,0.9842,7.8382,4.3068,2.3142,15.4434,0.010568
4342,0.9548,7.8163,4.2912,2.3188,15.3811,0.010984
4343,0.902,7.9117,4.3267,2.3444,15.4848,0.008767
4344,0.9545,7.8638,4.2801,2.3357,15.4341,0.009291
4345,0.9333,7.8605,4.2709,2.3425,15.4073,0.010251
4346,0.9552,7.7688,4.324,2.344,15.3921,0.005663
4347,0.9093,7.7796,4.337,2.311,15.337,0.004426
4348,0.9651,8.0705,4.3277,2.3077,15.671,0.007497
4349,0.9892,7.8188,4.2818,2.3038,15.3936,0.009197
4350,0.9373,7.7772,4.3164,2.3271,15.358,0.007711
4351,0.8939,7.8824,4.3063,2.3325,15.4152,0.008596
4352,0.9388,7.7686,4.2704,2.3418,15.3196,0.007928
4353,0.9565,7.8385,4.3018,2.3478,15.4445,0.006313
4354,0.923,7.7403,4.3261,2.3187,15.3081,0.007904
4355,0.8916,7.9026,4.3382,2.3285,15.4609,0.005672
4356,1.0114,7.7646,4.2869,2.3015,15.3645,0.005249
4357,0.9608,7.8244,4.303,2.3095,15.3976,0.009093
4358,0.9242,7.7702,4.3149,2.3383,15.3476,0.006792
4359,0.8885,7.8219,4.2703,2.3497,15.3304,0.019402
4360,0.9685,7.7966,4.2732,2.3546,15.3928,0.003332
4361,0.954,7.8308,4.3325,2.3575,15.4747,0.00313
4362,0.9347,7.7333,4.3303,2.3092,15.3074,0.014583
4363,0.9493,8.566,4.3533,2.3282,16.1968,0.011465
4364,0.9751,7.8849,4.371,2.3264,15.5575,0.003767
4365,1.0,7.8395,4.3132,2.3068,15.4595,0.012165
4366,0.9522,7.8085,4.315,2.3082,15.3839,0.006092
4367,0.9062,7.8279,4.283,2.3328,15.35,0.00485
4368,0.9462,7.8483,4.2911,2.3425,15.4281,0.024155
4369,0.9644,7.8048,4.2817,2.3448,15.3957,0.025437
4370,0.9356,7.7209,4.2911,2.343,15.2906,0.017058
4371,0.935,7.8926,4.3386,2.3107,15.4769,0.075755
4372,0.9944,7.7832,4.2713,2.3168,15.3657,0.108642
4373,0.9512,7.8407,4.3042,2.3076,15.4037,0.071654
4374,0.956,8.2335,4.2612,2.3325,15.7831,0.075783
4375,0.9069,7.8817,4.2815,2.3275,15.3976,0.048505
4376,0.9447,7.7955,4.3712,2.3246,15.436,0.036026
4377,0.966,7.8238,4.2721,2.3414,15.4033,0.031187
4378,0.9557,7.8288,4.2641,2.3485,15.3971,0.030116
4379,0.9092,7.8557,4.296,2.3035,15.3644,0.019197
4380,0.9614,7.7387,4.3035,2.3116,15.3152,0.01264
4381,0.9584,7.9824,4.2761,2.3056,15.5225,0.012732
4382,0.957,7.792,4.2844,2.3368,15.3702,0.011804
4383,0.8852,7.8731,4.2891,2.3553,15.4027,0.011006
4384,0.9593,7.7397,4.3327,2.3288,15.3606,0.012675
4385,0.9426,7.8032,4.292,2.3415,15.3792,0.013121
4386,0.9305,7.7882,4.3102,2.3045,15.3334,0.01867
4387,0.9437,7.8892,4.2987,2.3189,15.4505,0.040731
4388,1.0028,7.8062,4.319,2.3056,15.4336,0.048744
4389,0.9413,7.8027,4.2786,2.3134,15.3359,0.023286
4390,0.9365,7.7584,4.2867,2.3255,15.3071,0.013932
4391,0.9232,8.3889,4.2827,2.3425,15.9373,0.062452
4392,1.0604,8.3572,4.3735,2.334,16.1251,0.015643
4393,0.9674,7.8977,4.2997,2.3713,15.536,0.017809
4394,0.9314,7.7064,4.2759,2.3545,15.2682,0.018057
4395,0.9091,7.8935,4.2942,2.305,15.4019,0.006376
4396,0.9587,7.8716,4.2813,2.3095,15.4211,0.003931
4397,0.9755,7.8205,4.2752,2.3005,15.3718,0.002987
4398,0.9571,7.7852,4.3105,2.3266,15.3794,0.002603
4399,0.9006,7.8212,4.2806,2.3342,15.3365,0.001721
4400,0.9393,8.0832,4.3411,2.3429,15.7065,0.001436
4401,0.9298,7.7573,4.3351,2.3581,15.3804,0.001621
4402,0.9655,7.774,4.294,2.3475,15.381,0.001546
4403,0.9139,7.8739,4.3156,2.2953,15.3988,0.001659
4404,0.966,7.7978,4.3505,2.3151,15.4295,0.001305
4405,0.9651,7.8141,6.2657,2.3467,17.3916,0.001263
4406,0.94,7.7783,4.2736,2.3378,15.3296,0.001306
4407,0.9131,7.818,4.3125,2.2998,15.3434,0.000694
4408,0.9532,7.8164,4.3232,2.3085,15.4013,0.001062
4409,0.9298,7.861,4.3436,2.3058,15.4402,0.001538
4410,0.9587,7.7493,4.2797,2.3248,15.3126,0.001378
4411,0.9101,7.988,4.3259,2.358,15.582,0.085454
4412,0.9716,7.933,4.2925,2.3355,15.5327,0.10518
4413,0.9655,7.8438,4.2928,2.3347,15.4369,0.120677
4414,0.9428,7.7565,4.3192,2.2973,15.3159,0.102811
4415,0.9281,7.8392,4.2917,2.3161,15.3751,0.101971
4416,1.0032,7.7999,4.3222,2.3114,15.4368,0.07233
4417,0.9321,7.8057,4.3441,2.3715,15.4533,0.063697
4418,0.952,7.8418,4.2886,2.335,15.4173,0.054312
4419,0.8817,7.8351,4.2526,2.3576,15.3271,0.03828
4420,0.9683,7.8312,4.2998,2.3432,15.4425,0.019233
4421,0.9588,7.9191,4.2989,2.3449,15.5216,0.019993
4422,0.9553,7.7889,4.3033,2.3158,15.3632,0.017597
4423,0.9109,7.8479,4.3648,2.3087,15.4322,0.018527
4424,1.0075,7.8746,4.3482,2.3038,15.5341,0.032603
4425,0.9556,7.8743,4.2581,2.3511,15.439,0.030586
4426,0.9503,7.7876,4.2882,2.326,15.3521,0.033678
4427,0.9033,8.1499,4.3555,2.3539,15.7626,0.031461
4428,0.9435,7.8018,4.2912,2.3349,15.3714,0.043137
4429,0.963,7.988,4.3051,2.3528,15.6091,0.047612
4430,0.9624,7.8218,4.29,2.3141,15.3884,0.07679
4431,0.9059,7.9361,4.3227,2.3111,15.4758,0.081407
4432,0.9682,7.7645,4.2814,2.3022,15.3163,0.079298
4433,0.9565,7.9566,4.3201,2.3033,15.5365,0.071869
4434,0.9577,7.7805,4.28,2.3405,15.3586,0.013433
4435,0.908,7.8115,4.3176,2.3457,15.3828,0.015872
4436,0.9413,7.7727,4.2815,2.3315,15.327,0.016406
4437,0.9576,7.8333,4.2859,2.3374,15.4142,0.014293
4438,0.9626,7.7768,4.3132,2.3095,15.3621,0.964849
4439,0.9177,7.804,4.3172,2.3267,15.3656,0.999991
4440,0.9367,7.8147,4.3249,2.3145,15.391,0.999992
4441,0.9545,7.8015,4.2935,2.3373,15.3868,0.999987
4442,0.9533,7.786,4.3308,2.3211,15.3913,0.999926
4443,0.8884,7.8326,4.2857,2.3432,15.3499,0.999786
4444,0.9468,7.8036,4.3249,2.337,15.4123,0.998103
4445,0.9554,7.8141,4.3142,2.307,15.3907,0.994253
4446,0.9852,7.7654,4.3168,2.3218,15.3892,0.942089
4447,0.9419,7.8029,4.3224,2.3062,15.3735,0.872336
4448,0.9837,7.7949,4.2717,2.3237,15.374,0.869538
4449,0.9571,7.8256,4.2983,2.334,15.4149,0.826776
4450,0.94,7.7447,4.3068,2.3413,15.3327,0.76062
4451,0.9099,7.8988,4.3445,2.3468,15.5001,0.69501
4452,0.9292,7.8474,4.3299,2.3202,15.4267,0.610891
4453,0.9856,8.1219,4.2577,2.3096,15.6748,0.489504
4454,0.9834,7.8224,4.3351,2.3165,15.4574,0.314471
4455,0.973,7.779,4.319,2.3091,15.3801,0.229745
4456,0.9537,7.8212,4.2729,2.3188,15.3667,0.294123
4457,0.9417,7.904,4.2672,2.311,15.4238,0.260841
4458,0.9292,7.7284,4.2751,2.3529,15.2856,0.172992
4459,0.9095,7.944,4.3531,2.3521,15.5586,0.081536
4460,0.9497,7.9542,4.344,2.31,15.5579,0.207178
4461,0.9444,7.8104,4.2832,2.3228,15.3607,0.135017
4462,0.9765,7.7176,4.321,2.2935,15.3086,0.204028
4463,0.8838,7.9416,4.3059,2.3315,15.4629,0.214186
4464,0.9417,7.7821,4.2861,2.3163,15.3261,0.134946
4465,0.9504,7.9055,4.258,2.3412,15.4551,0.900381
4466,0.9502,7.7649,4.2983,2.3601,15.3736,0.851507
4467,0.8991,7.8285,4.3054,2.3458,15.3788,0.705732
4468,0.9385,7.8774,4.3047,2.3169,15.4374,0.700796
4469,0.9869,7.8395,4.315,2.3209,15.4624,0.585631
4470,0.9783,7.8109,4.2889,2.3093,15.3874,0.374503
4471,0.9014,7.8539,4.3275,2.3432,15.426,0.181666
4472,0.9252,7.7513,4.316,2.3347,15.3273,0.132313
4473,0.9576,7.8963,4.3019,2.3451,15.501,0.131976
4474,0.9459,7.7921,4.2952,2.3485,15.3817,0.116958
4475,0.8876,7.869,4.3575,2.3045,15.4187,0.092527
4476,0.9834,7.7658,4.3126,2.3011,15.3629,0.154769
4477,0.9932,7.8181,4.275,2.3253,15.4117,0.222477
4478,0.9571,7.7766,4.296,2.3276,15.3573,0.36529
4479,0.8878,7.8422,4.2917,2.3304,15.3522,0.406947
4480,0.9359,8.106,4.2823,2.327,15.6512,0.362325
4481,0.9549,7.843,4.2953,2.3345,15.4276,0.345573
4482,0.955,7.8281,4.2899,2.3377,15.4108,0.315244
4483,0.8898,7.8246,4.3272,2.302,15.3438,0.269197
4484,0.9991,7.7849,4.3297,2.3135,15.4271,0.149227
4485,0.9821,7.8159,4.3055,2.3137,15.4172,0.166651
4486,0.958,7.7863,4.2847,2.3306,15.3596,0.062789
4487,0.8895,7.8267,4.2974,2.3251,15.3387,0.005707
4488,0.942,7.734,4.2939,2.3347,15.3045,0.009343
4489,0.9435,7.8067,4.2986,2.3461,15.3948,0.005909
4490,0.9533,7.7762,4.3048,2.3177,15.352,0.004815
4491,0.9127,7.7429,4.2796,2.3073,15.2424,0.00404
4492,0.9445,7.8083,4.2868,2.3259,15.3656,0.005771
4493,0.9476,7.8256,4.297,2.5188,15.589,0.034476
4494,0.9682,7.7613,4.2843,2.3201,15.3339,0.024959
4495,0.928,7.7236,4.2902,2.3323,15.2741,0.023879
4496,0.943,7.8081,4.3149,2.3411,15.4072,0.018958
4497,0.917,7.8853,4.3259,2.3149,15.4432,0.007146
4498,0.9758,8.0676,4.293,2.3067,15.643,0.006742
4499,0.9551,7.8616,4.3242,2.3201,15.461,0.006445
4500,0.921,7.8377,4.2702,2.3245,15.3534,0.006807
4501,0.9317,7.8087,4.3092,2.3352,15.385,0.013209
4502,0.9525,7.7785,4.3023,2.3366,15.3699,0.002228
4503,0.9194,7.8632,4.3067,2.3579,15.4472,0.00822
4504,0.946,7.762,4.329,2.3389,15.3759,0.015899
4505,0.902,7.8668,4.3175,2.31,15.3962,0.017315
4506,0.9592,8.1572,4.3414,2.3047,15.7625,0.014836
4507,0.9996,7.8017,4.2798,2.3081,15.3893,0.019864
4508,0.9458,7.7506,4.2819,2.367,15.3453,0.046729
4509,0.8842,7.8879,4.3045,2.3242,15.4008,0.048776
4510,0.9391,7.7933,4.3005,2.3446,15.3775,0.06311
4511,0.9533,7.899,4.2971,2.3491,15.4986,0.061673
4512,0.9502,7.798,4.2847,2.3286,15.3615,0.107298
4513,0.8849,8.309,4.2824,2.3087,15.7849,0.029483
4514,0.9608,7.7888,4.3108,2.3072,15.3676,0.079515
4515,1.0078,7.8864,4.2985,2.2965,15.4892,0.070372
4516,0.9576,7.8245,4.2693,2.3163,15.3677,0.084142
4517,0.9413,7.891,4.2854,2.3441,15.4618,0.079366
4518,0.9549,7.9153,4.304,2.3414,15.5156,0.07851
4519,0.9664,7.7689,4.2877,2.3643,15.3873,0.066137
4520,0.9481,7.8022,4.3647,2.3389,15.4539,0.076719
4521,0.8975,7.9012,4.4011,2.3553,15.5551,0.066278
4522,1.1603,8.0326,4.341,2.306,15.8399,0.091898
4523,0.9872,7.8127,4.3191,2.3025,15.4214,0.081204
4524,0.9917,7.7979,4.3023,2.32,15.4119,0.075297
4525,0.9161,7.902,4.3094,2.3386,15.466,0.028573
4526,0.9523,7.8677,4.2881,2.3327,15.4408,0.07253
4527,0.9505,7.9023,4.2922,2.3308,15.4758,0.069191
4528,0.9236,7.7578,4.2624,2.3272,15.2709,0.041127
4529,0.9052,7.8087,4.3293,2.3536,15.3968,0.049038
4530,0.9675,7.8185,4.3067,2.291,15.3836,0.053217
4531,0.9592,7.8073,4.2966,2.3054,15.3685,0.04238
4532,0.9475,7.8165,4.3625,2.3057,15.4322,0.053317
4533,0.9019,8.2385,4.3263,2.3241,15.7909,0.032655
4534,0.9512,7.787,4.3281,2.3383,15.4046,0.026728
4535,0.9774,7.8435,4.2716,2.3427,15.4352,0.021022
4536,0.9504,7.8783,4.288,2.338,15.4548,0.025156
4537,0.9208,7.8783,4.2995,2.3485,15.4471,0.042525
4538,0.9414,7.8249,4.3332,2.3096,15.4091,0.086281
4539,0.9504,7.7897,4.3517,2.3122,15.4041,0.236008
4540,0.9815,7.8594,4.2978,2.3014,15.4401,0.213758
4541,0.9088,7.797,4.312,2.359,15.3768,0.285365
4542,0.9372,7.818,4.3246,2.3325,15.4123,0.186827
4543,0.9235,7.8532,4.2646,2.3484,15.3898,0.100904
4544,0.9557,7.8238,6.358,2.3112,17.4488,0.181957
4545,0.8848,7.8967,4.3186,2.3181,15.4182,0.182268
4546,0.9268,7.7973,4.3319,2.331,15.3869,0.040654
4547,0.9455,7.8338,4.3168,2.3589,15.4551,0.025375
4548,0.9392,7.7435,4.3941,2.3461,15.4229,0.116045
4549,0.9138,7.8516,4.3615,2.3059,15.4328,0.016753
4550,0.9779,7.8712,4.3365,2.3146,15.5001,0.03806
4551,0.9769,7.774,4.3414,2.3157,15.408,0.150972
4552,0.9253,7.7783,4.383,2.2982,15.3849,0.130333
4553,0.935,7.8325,4.2987,2.336,15.4022,0.048586
4554,0.9306,7.8253,4.3453,2.359,15.4603,0.052895
4555,0.9653,7.7592,4.307,2.3364,15.3679,0.039567
4556,0.9412,7.82,4.291,2.3413,15.3935,0.045811
4557,0.8863,7.9223,4.3027,2.3161,15.4274,0.020284
4558,0.9459,8.0881,4.3279,2.3096,15.6715,0.035192
4559,0.9936,8.2203,4.3419,2.3125,15.8683,0.033178
4560,1.0022,7.755,4.3518,2.2995,15.4085,0.029978
4561,0.8976,7.9169,4.3057,2.3238,15.444,0.031239
4562,0.9368,7.7787,4.3251,2.3287,15.3694,0.054816
4563,0.9666,7.8217,4.318,2.3227,15.4291,0.046667
4564,0.9514,7.7814,4.3867,2.3349,15.4544,0.055281
4565,0.9054,7.8375,4.2907,2.3373,15.371,0.061287
4566,0.9577,7.8695,4.3213,2.3044,15.453,0.056093
4567,0.9934,7.8155,4.3139,2.3145,15.4373,0.06011
4568,0.9905,7.7828,4.3545,2.3098,15.4377,0.999152
4569,0.9066,7.8989,4.3325,2.3358,15.4739,0.999999
4570,0.929,7.8536,4.3043,2.3221,15.409,0.999994
4571,0.9587,7.8001,4.2929,2.3381,15.3899,0.999958
4572,0.9728,7.7218,4.3224,2.347,15.3641,0.999884
4573,0.9124,7.8783,4.2913,2.3229,15.4049,0.999509
4574,0.9568,7.7681,4.3527,2.3133,15.391,0.993749
4575,0.9691,7.8753,4.3138,2.3076,15.4658,0.694148
4576,0.9502,7.7758,4.3126,2.3152,15.3538,0.682434
4577,0.9111,7.8595,4.2955,2.3252,15.3913,0.664512
4578,0.9469,7.7935,4.2926,2.3413,15.3743,0.56704
4579,0.9232,7.7852,4.2856,2.3318,15.3258,0.215798
4580,0.9391,7.7784,4.3392,3.4545,16.5113,0.185639
4581,0.9239,7.8449,4.2995,2.3295,15.3979,0.315394
4582,0.9448,7.8883,4.3154,2.3365,15.485,0.350553
4583,0.9346,7.9045,4.3337,2.3134,15.4861,0.403257
4584,0.9755,7.7554,4.292,2.2996,15.3224,0.298797
4585,0.9078,7.873,4.3525,2.296,15.4293,0.072527
4586,0.9597,8.1333,4.2731,2.3211,15.6871,0.046243
4587,0.9264,7.7134,4.2854,2.3431,15.2683,0.111666
4588,0.9508,7.8071,4.3541,2.3388,15.4508,0.109879
4589,0.9144,7.8382,4.3676,2.3419,15.4621,0.10043
4590,0.9535,7.861,4.3246,2.347,15.4861,0.105868
4591,0.973,7.8522,4.3618,2.2973,15.4843,0.110382
4592,0.9637,7.7489,4.3147,2.2991,15.3264,0.045698
4593,0.9243,7.8276,4.2932,2.2993,15.3444,0.046537
4594,0.9519,7.9823,4.3043,2.3418,15.5803,0.047527
4595,0.9641,7.7377,4.3461,2.3252,15.3731,0.052914
4596,0.935,7.7529,4.2827,2.3255,15.296,0.05114
4597,0.8885,7.8597,4.3588,2.3644,15.4714,0.05189
4598,0.9614,7.8461,4.3211,2.317,15.4456,0.173159
4599,0.9715,7.8464,4.3751,2.3068,15.4999,0.178017
4600,0.9616,7.7639,4.2931,2.3133,15.3318,0.528214
4601,0.8896,7.8031,4.3971,2.3244,15.4142,0.659594
4602,0.9494,7.8597,4.3134,2.3258,15.4483,0.262094
4603,0.9623,7.8125,4.3104,2.3441,15.4293,0.228616
4604,0.9556,7.7885,4.322,2.3467,15.4129,0.254777
4605,0.9117,7.8146,4.3717,2.3366,15.4346,0.344905
4606,0.9579,7.7852,4.3109,2.3143,15.3683,0.267569
4607,0.983,7.8645,4.3266,2.3101,15.4843,0.287169
4608,0.9721,7.7147,4.3344,2.3175,15.3386,0.258893
4609,0.9152,7.8577,4.3056,2.3266,15.4051,0.174884
4610,0.9329,7.8047,4.3221,2.3411,15.4009,0.221719
4611,0.9186,7.8307,4.2895,2.3325,15.3714,0.593161
4612,0.9255,8.0964,4.2835,2.3466,15.6519,0.226955
4613,0.9168,7.8005,4.2897,2.3766,15.3836,0.056364
4614,0.9427,7.848,4.3366,2.3052,15.4325,0.036179
4615,0.9644,7.8439,4.3143,2.3137,15.4362,0.016836
4616,0.9508,7.787,4.3055,2.3051,15.3484,0.009988
4617,0.9156,7.8463,4.3066,2.3286,15.3971,0.025372
4618,0.9267,7.9235,4.2755,2.3237,15.4493,0.014485
4619,0.9324,7.8946,4.273,2.3311,15.4312,0.014336
4620,0.9347,7.8256,4.2874,2.3256,15.3733,0.039369
4621,0.9118,7.8658,4.3353,2.3274,15.4404,0.043141
4622,0.9639,7.7697,4.366,2.4217,15.5214,0.053635
4623,0.9762,7.8543,4.3099,2.3296,15.47,0.043883
4624,0.9271,7.813,4.3106,2.3102,15.361,0.045425
4625,0.9032,7.9125,4.2981,2.325,15.4389,0.048191
4626,0.9448,7.8363,4.3181,2.3372,15.4364,0.042863
4627,0.9234,7.8474,4.2875,2.3416,15.3999,0.039803
4628,0.9392,7.8332,4.2868,2.335,15.3941,0.027345
4629,0.9009,7.8168,4.3097,2.3035,15.3309,0.031484
4630,0.9484,7.8181,4.2896,2.3106,15.3667,0.01924
4631,0.9449,7.7976,4.3055,2.3158,15.3638,0.012311
4632,0.9287,7.8449,4.3268,2.3422,15.4426,0.013367
4633,0.9032,7.9404,4.3435,2.3433,15.5303,0.005334
4634,0.9547,7.7618,4.3877,2.3377,15.4419,0.004738
4635,0.9492,7.84,4.3014,2.3539,15.4446,0.007619
4636,0.9447,7.7892,4.424,2.3312,15.4891,0.005857
4637,0.9203,8.4594,4.319,2.3394,16.038,0.00497
4638,0.9259,7.7794,4.3915,2.32,15.4168,0.013528
4639,0.9664,8.0405,6.3048,2.3382,17.6498,0.014616
4640,0.9298,7.7394,4.4077,3.534,16.6109,0.018232
4641,0.8946,7.8645,4.3194,2.3369,15.4154,0.023044
4642,0.9236,7.8731,4.3272,2.3355,15.4595,0.018175
4643,0.9281,7.8922,4.353,2.3536,15.5269,0.017368
4644,0.9465,7.8117,4.3468,2.3394,15.4443,0.014729
4645,0.9072,7.813,4.4293,2.3068,15.4564,0.008718
4646,0.9588,7.8233,4.4508,2.3138,15.5468,0.009874
4647,1.0099,7.8842,4.4251,2.2923,15.6114,0.013656
4648,0.9545,7.7975,4.3885,2.3148,15.4553,0.015915
4649,0.8941,7.8409,4.395,2.3218,15.4518,0.015437
4650,0.9306,7.805,4.3875,2.631,15.754,0.02529
4651,1.0266,8.2069,4.4135,2.3453,15.9923,0.023174
4652,0.9322,7.8642,4.4017,2.3479,15.546,0.024325
4653,0.9279,7.8511,4.4195,2.335,15.5334,0.02169
4654,0.9466,7.8919,4.3475,2.3701,15.556,0.013115
4655,0.9497,7.8255,4.3446,2.3368,15.4567,0.013257
4656,0.9382,7.8198,4.4806,2.3243,15.5628,0.013956
4657,1.0546,7.835,4.359,2.3238,15.5723,0.00969
4658,0.9787,7.7914,4.329,2.3183,15.4173,0.140435
4659,0.9537,7.8597,4.3715,2.3227,15.5075,0.041305
4660,0.9368,7.8972,4.3789,2.3438,15.5567,0.076873
4661,0.9132,7.8823,4.3475,2.3415,15.4845,0.013146
4662,0.962,7.8243,4.357,2.3459,15.4892,0.018335
4663,0.9497,7.8314,4.3227,2.3481,15.4519,0.106497
4664,0.941,7.7948,4.2958,2.3065,15.3381,0.040029
4665,0.9469,8.6697,4.3725,2.3591,16.3483,0.109722
4666,0.9564,7.8307,4.3983,2.307,15.4924,0.078582
4667,0.9817,7.8352,4.364,2.3101,15.491,0.069788
4668,0.9462,7.8198,4.3868,2.292,15.4449,0.097133
4669,0.9041,7.8591,4.432,2.3288,15.5239,0.093915
4670,0.9633,7.807,4.3417,2.3213,15.4333,0.082605
4671,0.955,7.7235,4.3378,2.3429,15.3593,0.026552
4672,0.937,7.8346,4.3959,2.3468,15.5144,0.020066
4673,0.9185,7.8597,4.3831,2.345,15.5064,0.017303
4674,0.9477,7.8213,4.3418,2.3341,15.4449,0.033294
4675,0.9674,7.8375,4.3484,2.3293,15.4826,0.032792
4676,0.9545,7.7957,4.3483,2.3067,15.4051,0.030887
4677,0.9531,7.8434,4.3862,2.3251,15.5078,0.067851
4678,0.9507,7.8448,4.3604,2.3368,15.4927,0.056758
4679,0.953,7.9087,4.393,2.3264,15.5811,0.056408
4680,0.9216,7.7697,4.3253,2.3247,15.3413,0.035745
4681,0.9095,7.7876,4.4041,2.348,15.4491,0.025847
4682,0.9556,7.8193,4.3958,2.3301,15.5008,0.024101
4683,0.9499,7.8285,4.3217,2.3143,15.4143,0.028323
4684,0.9594,7.771,4.3265,2.3056,15.3624,0.03011
4685,0.9402,7.9213,4.3206,2.302,15.4841,0.022931
4686,0.9581,7.8039,4.3148,2.3856,15.4624,0.024032
4687,0.9369,7.7891,4.3142,2.352,15.3922,0.022279
4688,0.9321,7.7115,4.309,2.3258,15.2785,0.02377
4689,0.906,7.9337,4.3654,2.3479,15.553,0.026045
4690,0.9575,7.8133,4.3342,2.3548,15.4598,0.019206
4691,0.9514,7.7579,4.326,2.3042,15.3396,0.020358
4692,0.9594,8.2595,4.385,2.3196,15.9234,0.022183
4693,0.9542,7.8644,4.3271,2.3209,15.4666,0.010124
4694,0.9752,7.8486,4.3611,2.3198,15.5047,0.008767
4695,0.9303,7.83,4.3793,2.3254,15.465,0.048505
4696,0.921,7.8177,4.3315,2.3335,15.4036,0.031506
4697,0.9179,7.8433,4.3161,2.343,15.4204,0.041349
4698,0.9552,7.8075,4.3328,2.3415,15.4369,0.058965
4699,0.9298,7.8033,4.3332,2.313,15.3794,0.069632
4700,0.9468,7.7503,4.3715,2.3079,15.3765,0.062396
4701,0.9244,7.8944,4.321,2.3056,15.4454,0.054558
4702,0.9365,7.8632,4.3343,2.2962,15.4303,0.097945
4703,0.9592,7.8207,4.2947,2.3247,15.3993,0.014039
4704,0.9637,7.7798,4.3122,2.3333,15.389,0.017131
4705,0.8904,7.8316,4.3294,2.3364,15.3879,0.022334
4706,0.9309,7.911,4.3213,2.3422,15.5054,0.014666
4707,0.9577,7.8688,4.3238,2.3214,15.4717,0.020255
4708,0.9732,7.8034,4.3132,2.3011,15.391,0.023232
4709,0.9121,7.8441,4.2772,2.319,15.3524,0.026163
4710,0.9368,7.8085,4.2914,2.328,15.3647,0.025577
4711,0.9609,7.8694,4.2655,2.3415,15.4373,0.024904
4712,0.9486,7.8025,4.2798,2.3314,15.3623,0.020847
4713,0.893,7.8053,4.3063,2.3346,15.3391,0.01234
4714,0.9301,7.7951,4.3205,2.3044,15.3501,0.011496
4715,0.9915,7.8173,4.3565,2.3234,15.4888,0.010443
4716,0.9549,7.7789,4.3511,2.3091,15.394,0.010568
4717,0.9099,7.8361,4.3197,2.332,15.3976,0.010065
4718,0.969,8.1485,4.3152,2.3435,15.7762,0.012831
4719,0.936,7.8287,4.3137,2.335,15.4135,0.01222
4720,0.9359,7.7364,4.2893,2.3485,15.3101,0.0142
4721,0.9194,7.9094,4.3809,2.3392,15.5489,0.013814
4722,0.934,7.8842,4.4033,2.3533,15.5748,0.038566
4723,0.9694,7.8775,4.3271,2.3174,15.4913,0.003951
4724,0.987,7.7757,4.3855,2.3134,15.4616,0.004015
4725,0.9482,7.9209,4.3011,2.3105,15.4807,0.004098
4726,0.9542,7.8092,4.2845,2.3313,15.3792,0.001368
4727,0.9531,7.8293,4.315,2.3238,15.4211,0.001136
4728,0.9832,7.9156,4.3521,2.3297,15.5806,0.001196
4729,0.9108,7.8931,4.3919,2.3545,15.5503,0.001542
4730,0.9312,7.819,4.3196,2.3385,15.4083,0.002005
4731,0.9714,7.9023,4.3257,2.309,15.5083,0.002182
4732,0.9537,7.8252,4.3168,2.2939,15.3897,0.002358
4733,0.9127,7.8622,4.3897,2.3232,15.4878,0.084274
4734,0.9579,7.9381,4.3413,2.2963,15.5337,0.997569
4735,0.9702,7.9007,4.3385,2.3346,15.5441,0.999995
4736,0.9288,7.7568,4.2785,2.3378,15.3019,0.999996
4737,0.8957,7.7836,4.3222,2.328,15.3295,0.999952
4738,0.9597,7.8503,4.3352,2.3404,15.4857,0.999665
4739,0.9656,7.9125,4.4168,2.3588,15.6536,0.742513
4740,0.9612,7.7736,4.3652,2.2865,15.3865,0.182006
4741,0.9586,7.8504,4.3345,2.3062,15.4497,0.216929
4742,0.9593,7.8412,4.3558,2.3177,15.4741,0.054319
4743,0.9583,7.8041,4.2923,2.3373,15.392,0.033398
4744,0.928,8.145,4.331,2.3253,15.7293,0.035112
4745,0.919,7.7894,4.3398,2.3305,15.3788,0.036116
4746,0.9265,7.7299,4.3913,2.3482,15.3959,0.052481
4747,0.87,7.7907,4.3827,2.3451,15.3885,0.062307
4748,0.9322,7.8523,4.3324,2.3001,15.4171,0.072239
4749,1.0002,7.8805,4.3602,2.3231,15.5641,0.078754
4750,0.96,7.7742,4.3254,2.3003,15.36,0.079069
4751,0.8865,7.939,4.3668,2.3465,15.5388,0.128437
4752,0.9537,7.7579,4.3538,2.3321,15.3976,0.181768
4753,0.9423,7.8685,4.3526,2.3309,15.4942,0.049467
4754,0.9273,7.8201,4.3732,2.3368,15.4574,0.131634
4755,0.9016,7.799,4.4209,2.3535,15.475,0.110425
4756,0.9607,7.84,4.4013,2.3213,15.5233,0.107714
4757,0.9762,7.8142,4.3642,2.3183,15.4729,0.085746
4758,0.959,7.809,4.3567,2.3016,15.4262,0.267248
4759,0.901,7.9272,4.414,2.3154,15.5576,0.293822
4760,0.95,7.8532,4.4038,2.3314,15.5383,0.328994
4761,0.9493,7.8151,4.4294,2.3386,15.5323,0.315873
4762,0.9615,7.8176,4.3919,2.3261,15.4971,0.10577
4763,0.9163,7.8775,4.415,2.3292,15.5381,0.110892
4764,0.9184,7.7563,4.3783,2.3369,15.39,0.314963
4765,0.9267,7.8119,4.5024,2.3162,15.5572,0.11247
4766,0.9933,7.7143,4.3976,2.2995,15.4046,0.135219
4767,0.9405,7.9018,4.4129,2.3188,15.5739,0.160834
4768,0.9247,7.8235,4.4567,2.2983,15.5031,0.013375
4769,0.9356,7.852,4.3812,2.3282,15.4969,0.01902
4770,0.9534,7.8495,4.3856,2.3274,15.5159,0.020798
4771,0.908,8.1439,4.4376,2.3303,15.8198,0.024254
4772,0.9202,7.8585,4.4278,2.339,15.5453,0.017963
4773,0.9415,7.8722,4.3991,2.3442,15.5569,0.015464
4774,0.9492,7.8765,4.4077,2.3458,15.5791,0.017265
4775,0.9202,7.8372,4.3776,2.298,15.4331,0.009458
4776,0.9595,7.7759,4.4245,2.3046,15.4645,0.038416
4777,0.9514,7.847,4.4752,2.2857,15.5593,0.066546
4778,0.9516,7.8153,4.4012,2.3071,15.4752,0.05554
4779,0.9088,7.9029,4.406,2.3181,15.5358,0.038003
4780,1.0712,8.4828,4.4664,2.3024,16.3228,0.079737
4781,0.9479,7.8373,4.384,2.366,15.5352,0.099441
4782,0.9321,7.7121,4.3782,2.3318,15.3542,0.069442
4783,0.8818,7.8258,4.4102,2.3446,15.4625,0.076301
4784,0.9465,7.7706,4.3685,2.3461,15.4317,0.152797
4785,0.9672,7.7893,4.4067,2.3211,15.4843,0.125681
4786,0.9593,7.8256,4.3881,2.2974,15.4704,0.039874
4787,0.9147,7.7755,4.4064,2.308,15.4047,0.035743
4788,0.9461,7.8259,4.4309,2.3112,15.5142,0.052821
4789,0.9305,7.8855,4.3783,2.3111,15.5054,0.023606
4790,0.9547,7.8051,4.3927,2.3243,15.4768,0.029015
4791,0.929,7.756,4.4714,2.3424,15.4988,0.020513
4792,0.9397,7.8356,6.4672,2.305,17.5475,0.015823
4793,0.9419,7.8833,4.3835,2.3155,15.5242,0.011544
4794,0.9613,7.7895,4.3905,2.3308,15.472,0.011212
4795,0.8906,7.8246,4.4027,2.3331,15.451,0.012782
4796,0.9488,7.7947,4.3865,2.3783,15.5082,0.014975
4797,0.9169,8.0287,4.3958,2.3529,15.6943,0.013451
4798,0.9448,7.7474,4.4351,2.3253,15.4526,0.013192
4799,0.9278,7.8656,4.421,2.3079,15.5223,0.015211
4800,0.9516,7.7929,4.3738,2.318,15.4364,0.012677
4801,0.9839,7.7876,4.4074,2.3165,15.4953,0.005973
4802,0.9535,7.8054,4.3252,2.3223,15.4064,0.006074
4803,0.9133,7.8465,4.3599,2.336,15.4557,0.006333
4804,0.9311,7.7435,4.3911,2.3208,15.3865,0.00468
4805,0.9684,7.7652,4.3276,2.3534,15.4147,0.005225
4806,0.9446,7.7916,4.3276,2.3425,15.4064,0.001846
4807,0.9094,7.957,4.3308,2.3092,15.5064,0.001841
4808,0.9588,7.763,4.2981,2.3123,15.3322,0.001892
4809,0.952,7.8172,4.3622,2.2979,15.4293,0.001322
4810,0.9805,7.854,4.2915,2.3355,15.4615,0.002059
4811,0.9041,7.8463,4.3656,2.3289,15.4449,0.001557
4812,0.9333,7.7948,4.306,2.3331,15.3673,0.001743
4813,0.9432,7.8065,4.3405,2.3541,15.4444,0.001904
4814,0.9572,7.7743,4.3269,2.2964,15.3548,0.001931
4815,0.9301,7.8982,4.4562,2.3063,15.5907,0.001829
4816,0.9825,7.7707,4.3219,2.2933,15.3684,0.001528
4817,0.9588,7.8138,4.2996,2.3039,15.376,0.002136
4818,0.937,7.7912,4.3167,2.3214,15.3664,0.002066
4819,0.9062,7.8608,4.3107,2.3516,15.4293,0.0018
4820,0.9523,7.7793,4.3206,2.3297,15.3819,0.002158
4821,0.9531,7.8383,4.3439,2.3434,15.4787,0.004718
4822,0.9619,7.8219,4.3443,2.3075,15.4356,0.009858
4823,0.9596,7.8382,4.3293,2.3116,15.4387,0.012726
4824,0.9618,8.0224,4.4268,2.3118,15.7229,0.010859
4825,0.9312,7.8187,6.3431,2.3462,17.4393,0.00544
4826,0.9534,7.7823,4.4267,2.3341,15.4966,0.005193
4827,0.9093,7.8888,4.3478,2.3101,15.456,0.006333
4828,0.9542,7.8331,4.4166,2.3054,15.5093,0.004985
4829,0.9734,7.7951,4.3255,2.3109,15.4049,0.003809
4830,0.9487,7.7746,4.3146,2.3193,15.3571,0.007493
4831,0.9147,8.181,4.3465,2.3205,15.7628,0.005652
4832,0.952,7.8557,4.3542,2.3341,15.496,0.009919
4833,0.9557,7.7649,4.3403,2.3553,15.4162,0.010926
4834,0.9506,7.7716,4.3036,2.3406,15.3665,0.011395
4835,0.9061,8.4044,4.3111,2.3364,15.958,0.016385
4836,0.9385,7.7905,4.4463,2.2931,15.4684,0.013242
4837,0.9705,7.8532,4.2994,2.3129,15.436,0.045261
4838,1.0342,7.8325,4.3978,2.3024,15.5669,0.088406
4839,0.8919,7.8299,4.3247,2.3174,15.3639,0.159775
4840,0.9518,7.8073,4.3361,2.3146,15.4098,0.081464
4841,0.9393,7.7915,4.3457,2.3357,15.4122,0.023417
4842,0.9564,7.8789,4.4185,2.3618,15.6155,0.023444
4843,0.9122,7.8963,4.3517,2.3537,15.5139,0.101264
4844,0.9545,7.8313,4.3274,2.3088,15.4221,0.176159
4845,0.9789,7.8274,4.3308,2.3114,15.4486,0.192284
4846,0.9653,7.7327,4.4144,2.3039,15.4163,0.181171
4847,0.9136,7.823,4.356,2.3275,15.42,0.056335
4848,0.9466,7.8325,4.3097,2.3161,15.4049,0.037166
4849,0.9538,7.8059,4.3352,2.3477,15.4426,0.026618
4850,0.9284,8.0884,4.3011,2.3342,15.6521,0.027324
4851,0.9127,7.8623,4.3737,2.343,15.4917,0.00202
4852,0.9212,7.8464,4.3412,2.3397,15.4485,0.002983
4853,0.9286,7.8019,4.3171,2.3181,15.3657,0.022971
4854,0.9927,7.8293,4.3791,2.3164,15.5175,0.01956
4855,0.9477,7.8656,4.3539,2.3144,15.4816,0.003443
4856,0.9552,7.8526,4.3233,2.3363,15.4674,0.004163
4857,0.9686,7.8712,4.3153,2.3398,15.4949,0.006696
4858,0.9321,7.8136,4.2944,2.329,15.3691,0.007437
4859,0.9126,7.7916,4.3519,2.3567,15.4128,0.006149
4860,0.9715,7.7725,4.3307,2.3466,15.4212,0.006833
4861,0.9545,7.7767,4.3341,2.3057,15.3709,0.007491
4862,0.9515,7.8878,4.4637,2.3355,15.6384,0.008312
4863,0.979,7.8287,4.3432,2.303,15.4539,0.003996
4864,0.9538,7.847,4.3496,2.3186,15.4691,0.009568
4865,0.9537,7.7734,4.3364,2.3318,15.3952,0.015625
4866,0.9361,7.7378,4.3377,2.3389,15.3505,0.009142
4867,0.9261,7.8337,4.4242,2.348,15.532,0.009
4868,0.9428,7.8775,4.3518,2.3426,15.5148,0.007821
4869,0.958,7.8034,4.3005,2.315,15.3769,0.007551
4870,0.9755,7.8226,4.3631,2.3281,15.4893,0.00622
4871,0.975,7.851,4.3211,2.3009,15.448,0.005606
4872,0.9533,7.8672,4.3498,2.3441,15.5143,0.036648
4873,0.9578,7.8641,4.3168,2.3415,15.4803,0.137897
4874,0.9389,7.8805,4.3282,2.3343,15.482,0.018295
4875,0.9033,7.8397,4.3392,2.3488,15.4309,0.018105
4876,0.961,7.8776,4.3465,2.3399,15.525,0.009826
4877,0.9561,8.1603,4.4165,2.3627,15.8956,0.008563
4878,0.9475,7.7745,4.3201,2.3017,15.3437,0.008425
4879,0.9349,7.8837,4.4555,2.3375,15.6116,0.00898
4880,0.9894,7.885,4.3372,2.3182,15.5297,0.017579
4881,0.9822,7.8207,4.381,2.3163,15.5001,0.008765
4882,0.9281,7.8155,4.2835,2.3293,15.3564,0.009198
4883,0.8989,7.8092,4.373,2.3474,15.4284,0.010707
4884,0.9501,7.8894,4.4123,2.3326,15.5844,0.01409
4885,0.97,7.8362,4.3918,2.3481,15.546,0.011324
4886,0.9482,7.8011,4.3598,2.3404,15.4496,0.011065
4887,0.9368,7.9012,4.4071,2.3269,15.572,0.01252
4888,0.9458,7.8195,4.3614,2.3115,15.4382,0.015141
4889,0.9907,7.7846,4.3424,2.3075,15.4253,0.015154
4890,0.9269,7.7952,4.332,2.3335,15.3875,0.001089
4891,0.908,7.8482,4.3541,2.3345,15.4448,0.000845
4892,0.9219,7.7759,4.362,2.3401,15.3999,0.001901
4893,0.9363,7.801,4.3261,2.343,15.4064,0.000896
4894,0.9812,7.7865,4.3571,2.3425,15.4674,0.001634
4895,0.9124,7.8767,4.3435,2.3144,15.4469,0.001637
4896,0.9771,7.8488,4.4104,2.3119,15.5481,0.001207
4897,0.9788,7.802,4.3709,2.3207,15.4724,0.001608
4898,0.9591,7.8407,4.4174,2.3057,15.5229,0.002082
4899,0.9052,7.8348,4.3997,2.34,15.4797,0.003183
4900,0.9206,7.8146,4.3125,2.339,15.3867,0.002744
4901,0.9291,7.8834,4.3677,2.3452,15.5254,0.002597
4902,0.9495,7.758,4.386,2.3493,15.4428,0.002998
4903,0.9159,8.1889,4.3897,2.385,15.8795,0.003171
4904,0.9568,7.8153,4.3115,2.3102,15.3938,0.003108
4905,0.9767,7.8297,4.3341,2.3128,15.4533,0.004455
4906,0.9952,7.7386,4.405,2.3084,15.4472,0.00427
4907,0.9137,7.891,4.3435,2.313,15.4612,0.00339
4908,0.9434,7.8976,4.4147,2.5844,15.8401,0.004122
4909,1.0511,8.1352,4.3274,2.328,15.8418,0.006582
4910,0.957,7.8369,4.3435,2.3421,15.4795,0.008861
4911,0.8813,7.8516,4.3517,2.3339,15.4185,0.025231
4912,0.9505,7.8216,4.3958,2.326,15.494,0.011588
4913,0.9337,7.8855,4.3467,2.3618,15.5277,0.007562
4914,0.9391,7.7813,4.3188,2.3,15.3393,0.02109
4915,0.9133,7.7926,4.4032,2.3304,15.4395,0.008351
4916,0.9722,7.8822,4.3235,2.3008,15.4786,0.007142
4917,0.9317,7.9415,4.2952,2.3219,15.4903,0.008954
4918,0.8794,7.7985,4.2996,2.3242,15.3017,0.022424
4919,0.91,7.8904,4.3044,2.3371,15.4419,0.310771
4920,0.9303,7.8401,4.2898,2.3501,15.4103,0.876304
4921,0.88,7.8039,4.3418,2.3296,15.3553,0.737557
4922,0.951,7.8538,4.379,2.3082,15.4921,0.206316
4923,0.9496,7.8223,4.3981,2.2941,15.4642,0.006352
4924,0.9363,7.7497,4.5343,2.286,15.5064,0.013522
4925,0.972,7.9112,4.423,2.302,15.6082,0.085177
4926,0.9131,7.8382,4.3586,2.3267,15.4367,0.214195
4927,0.8955,8.708,4.4888,2.3343,16.4267,0.230476
4928,0.9394,7.8587,4.351,2.332,15.4812,0.216298
4929,0.9417,7.9285,4.3925,2.3388,15.6016,0.512143
4930,0.9411,8.1726,4.3445,2.3513,15.8096,0.626274
4931,0.914,7.9273,4.5064,2.3421,15.6898,0.491954
4932,0.9457,7.9316,4.4136,2.3455,15.6364,0.795298
4933,0.9334,7.9441,4.4205,2.3569,15.6548,0.70192
4934,0.94,7.9498,4.4018,2.3508,15.6424,0.784009
4935,0.8881,7.8988,4.431,2.2955,15.5133,0.702973
4936,0.9745,7.8382,4.4737,2.298,15.5846,0.524979
4937,0.963,7.7965,4.5225,2.3113,15.5933,0.599624
4938,1.0022,7.7725,4.4343,2.3007,15.5097,0.753744
4939,0.8871,7.9521,4.4269,2.3199,15.586,0.691437
4940,0.9378,7.9445,4.4181,2.3194,15.6197,0.652975
4941,0.9307,7.8806,4.5477,2.3289,15.6879,0.577306
4942,0.9287,7.8666,4.4112,2.3279,15.5344,0.595413
4943,0.9057,7.89,4.5311,2.4161,15.7428,0.818542
4944,1.0274,7.8491,4.441,2.3405,15.658,0.748854
4945,0.9446,7.8558,4.4878,2.3513,15.6396,0.819378
4946,0.9642,7.8736,4.4041,2.3515,15.5934,0.871104
4947,0.8939,7.9233,4.3924,2.3108,15.5203,0.825218
4948,0.9926,7.8641,4.5449,2.3063,15.7078,0.80675
4949,0.9794,7.8902,4.414,2.3058,15.5893,0.649728
4950,0.9925,7.8257,4.4074,2.3078,15.5333,0.615428
4951,0.8964,8.5761,4.5155,2.3325,16.3205,0.532605
4952,0.9595,7.8565,4.497,2.3191,15.6322,0.741929
4953,0.9474,7.886,4.4405,2.3097,15.5836,0.574949
4954,0.9387,7.8734,4.3732,2.3458,15.5311,0.536143
4955,0.9066,7.9012,4.4042,2.3346,15.5466,0.469752
4956,0.9473,8.2447,4.3977,2.3387,15.9283,0.488026
4957,0.9255,7.7714,4.3714,2.3584,15.4266,0.952315
4958,0.9549,7.7735,4.4705,2.3388,15.5377,0.999989
4959,0.8988,7.8968,4.435,2.3484,15.579,0.999999
4960,0.9487,7.9389,4.4315,2.3241,15.6432,1.0
4961,0.9351,7.7814,4.5155,2.3119,15.5439,0.999998
4962,0.982,7.7963,4.433,2.3168,15.5281,0.99988
4963,0.9135,7.828,4.5264,2.3136,15.5815,0.999409
4964,0.952,7.8586,4.4126,2.3075,15.5308,0.990406
4965,0.9239,7.9142,4.3702,2.329,15.5373,0.974648
4966,0.9618,7.7767,4.3732,2.3184,15.4302,0.960759
4967,0.8898,7.8535,4.3946,2.3359,15.4738,0.932476
4968,0.9506,7.857,4.4298,2.3367,15.5742,0.889579
4969,0.9436,7.8888,4.3614,2.3497,15.5436,0.853134
4970,0.9562,7.8005,4.3975,2.3025,15.4566,0.858456
4971,0.912,8.3494,4.4111,2.3043,15.9767,0.889499
4972,0.9769,7.8049,4.4976,2.2986,15.5779,0.887421
4973,0.9788,7.9417,4.4976,3.5665,16.9846,0.868157
4974,0.963,7.7885,4.4278,2.367,15.5463,0.869386
4975,0.909,7.91,4.3855,2.3309,15.5353,0.848351
4976,0.9958,7.8438,4.5108,2.3089,15.6594,0.846432
4977,0.9838,7.8256,4.3875,2.3146,15.5115,0.849808
4978,0.9349,7.9268,4.4214,2.3197,15.6028,0.832572
4979,0.9205,7.9601,4.429,2.324,15.6336,0.802729
4980,0.9553,7.8227,4.3683,2.3311,15.4775,0.798976
4981,0.9344,7.7817,4.3977,2.3344,15.4482,0.885084
4982,0.9647,7.8723,4.4174,2.3418,15.5961,0.999988
4983,0.9122,8.1912,4.4664,2.3446,15.9144,1.0
4984,0.9557,7.857,4.4445,2.3431,15.6003,1.0
4985,0.9519,7.833,4.3555,2.3633,15.5037,1.0
4986,0.9343,7.8254,4.3851,2.3031,15.4479,1.0
4987,0.9426,7.7839,4.5142,2.3324,15.5731,0.999997
4988,0.9853,7.8717,4.4293,2.3115,15.5977,0.999974
4989,0.937,7.8445,4.4292,2.3299,15.5406,0.999781
4990,0.9853,7.8192,4.4067,2.3586,15.5698,0.987646
4991,0.8843,7.8698,4.3827,2.3333,15.4701,0.970316
4992,0.951,7.8738,4.4075,2.3414,15.5737,0.945266
4993,0.9503,7.8604,4.4261,2.3447,15.5814,0.90176
4994,0.9395,7.7876,4.3838,2.3403,15.4511,0.850664
4995,0.958,7.8408,4.5042,3.3528,16.6558,0.757821
4996,0.9251,7.8047,4.3858,2.3623,15.4778,0.814418
4997,0.9138,7.7782,4.3675,2.3754,15.4349,0.832558
4998,0.9191,7.8392,4.4376,2.3095,15.5053,0.833189
4999,0.9906,7.9883,4.39,2.3052,15.674,0.984657
5000,1.0263,7.7887,4.3943,2.3076,15.5169,0.999988
5001,0.9682,8.5607,4.4494,2.3125,16.2907,1.0
5002,0.991,7.8322,4.3797,2.313,15.516,1.0
5003,0.9462,7.8275,4.4221,2.3312,15.5269,0.999975
5004,0.9447,7.9266,4.5568,2.3189,15.747,0.999789
5005,0.9144,7.8361,4.416,2.3336,15.5001,0.98317
5006,0.9483,7.8352,4.4073,2.3182,15.5091,0.985179
5007,0.9666,7.812,4.4493,2.2935,15.5213,0.903507
5008,0.9415,7.803,4.4564,2.3499,15.5507,0.903027
5009,0.9168,8.3184,4.4318,2.3577,16.0247,0.904358
5010,0.92,7.8183,4.4502,2.3488,15.5373,0.883721
5011,0.9502,7.8365,4.3878,2.3195,15.494,0.893196
5012,0.9811,7.8483,4.5316,2.3102,15.6712,0.88306
5013,0.9271,7.8512,4.4433,2.3143,15.5359,0.878559
5014,0.9627,7.8851,4.413,2.3069,15.5678,0.905
5015,0.962,7.84,4.4492,2.3047,15.5559,0.945521
5016,0.9145,7.7954,4.5161,2.3135,15.5395,0.836625
5017,0.9272,7.9498,4.3802,2.3381,15.5953,0.72709
5018,0.9579,7.8168,4.4062,2.3405,15.5215,0.892445
5019,0.9483,7.9323,4.3505,2.329,15.5602,0.575896
5020,0.9289,7.8247,4.493,2.3473,15.5939,0.483762
5021,0.9068,7.8755,4.4073,2.341,15.5306,0.493434
5022,0.9475,7.9082,4.3953,2.3102,15.5612,0.428811
5023,0.978,7.8731,4.4923,2.3275,15.671,0.405009
5024,0.9869,7.9093,4.4004,2.3081,15.6047,0.322082
5025,0.9594,7.9853,4.4051,2.3201,15.67,0.480614
5026,0.9267,7.8172,4.4478,2.309,15.5006,0.512177
5027,0.9702,7.9341,4.369,2.3258,15.599,0.464637
5028,0.9542,7.7518,4.3852,2.3364,15.4277,0.451697
5029,0.9134,7.8878,4.4321,2.344,15.5773,0.462294
5030,0.9291,7.8327,4.4241,2.3473,15.5332,0.485553
5031,0.954,7.8161,4.4053,2.348,15.5235,0.475637
5032,0.9317,7.8085,4.527,2.3019,15.5692,0.483579
5033,0.9491,7.8382,4.4092,2.3241,15.5207,0.477231
5034,0.9598,7.8054,4.4264,2.3035,15.4951,0.52797
5035,0.9863,7.8565,4.5064,2.3066,15.6559,0.551268
5036,0.9459,8.0653,4.4062,2.3037,15.7211,0.520763
5037,1.0246,8.7516,4.3895,2.3076,16.4733,0.867944
5038,0.9915,7.8795,4.4369,2.3014,15.6093,0.826798
5039,0.9545,7.8741,4.3602,2.314,15.5028,0.8131
5040,0.9433,7.9041,4.5373,2.335,15.7198,0.81381
5041,0.8762,7.9602,4.5024,2.3242,15.663,0.702608
5042,0.9237,7.8251,4.4331,2.3472,15.5291,0.685513
5043,0.953,7.9083,4.3977,2.3686,15.6275,0.795711
5044,0.9022,7.761,4.3975,2.3498,15.4104,0.986942
5045,0.9551,7.8905,4.5045,2.3529,15.7031,0.999961
5046,0.9317,7.8586,4.4622,2.3043,15.5568,0.999971
5047,0.9171,7.8025,4.447,2.3064,15.473,0.9999
5048,0.9769,7.8748,4.3954,2.3154,15.5626,0.999669
5049,0.9763,7.8535,4.4571,2.32,15.6069,0.995757
5050,0.9401,7.8491,4.3993,2.3308,15.5193,0.983094
5051,0.9119,7.8432,4.4184,2.3419,15.5155,0.788795
5052,0.9282,7.7964,4.417,2.3344,15.476,0.469356
5053,0.9551,7.934,4.4041,2.353,15.6463,0.329718
5054,0.9122,7.7447,4.3599,2.3524,15.3693,0.38102
5055,0.8764,7.81,4.3924,2.3112,15.39,0.126789
5056,0.943,7.8831,4.4596,2.3185,15.6042,0.183715
5057,0.9787,7.8504,4.3731,2.3195,15.5216,0.043114
5058,0.9506,7.7375,4.467,2.2997,15.4549,0.038691
5059,0.8934,7.8579,4.5534,2.2866,15.5913,0.028888
5060,0.9345,7.8884,4.4092,2.3334,15.5655,0.0268
5061,0.9578,7.908,4.4105,2.3235,15.5999,0.025081
5062,0.9436,8.1363,4.4204,2.3333,15.8336,0.024462
5063,0.9109,7.8819,4.4291,2.3647,15.5866,0.04347
5064,0.941,7.787,4.4374,2.3383,15.5036,0.036625
5065,0.9574,7.8217,4.3729,2.3549,15.5069,0.01242
5066,0.9281,7.8029,4.3917,2.3111,15.4339,0.008173
5067,0.9495,7.81,4.5317,2.3176,15.6088,0.006346
5068,0.9821,7.8331,4.4198,2.3157,15.5507,0.011623
5069,0.9482,7.8166,4.4525,2.3043,15.5217,0.012669
5070,0.9564,7.8087,4.3912,2.3372,15.4936,0.013451
5071,0.8878,7.913,4.4828,2.2979,15.5815,0.01417
5072,0.9523,7.893,4.51,2.3412,15.6965,0.019558
5073,0.9475,7.7715,4.4432,2.3362,15.4983,0.05901
5074,0.942,7.8,4.4114,2.3504,15.5038,0.073888
5075,0.8999,7.8372,4.3985,2.349,15.4846,0.050149
5076,0.9319,7.7734,4.3583,2.305,15.3687,0.068306
5077,0.977,7.7647,4.4894,2.3178,15.549,0.067582
5078,0.9833,7.7405,4.4277,2.3066,15.4581,0.066153
5079,0.8838,7.9301,4.4727,2.312,15.5986,0.013544
5080,0.9769,8.0435,4.4456,2.3075,15.7735,0.013873
5081,0.9439,7.803,4.3546,2.329,15.4305,0.01148
5082,0.9425,7.815,4.4188,2.332,15.5083,0.009189
5083,0.8974,7.8156,4.3674,2.3372,15.4176,0.006115
5084,0.9489,7.756,4.4578,2.3293,15.4919,0.006968
5085,0.9546,7.7503,4.4715,2.309,15.4854,0.009696
5086,0.9794,7.8115,4.3775,2.2957,15.4641,0.03681
5087,0.9345,7.7893,4.4591,2.3039,15.4867,0.032127
5088,0.9265,7.875,4.4183,2.3014,15.5211,0.039029
5089,0.9614,8.2036,4.3814,2.3109,15.8573,0.046768
5090,0.961,7.813,4.3887,2.3245,15.4873,0.048459
5091,0.9012,7.8969,4.517,2.3124,15.6274,0.029383
5092,0.9368,7.9073,4.457,2.3323,15.6334,0.054271
5093,0.9575,7.9206,4.427,2.3623,15.6673,0.04969
5094,0.9524,7.8309,4.3763,2.3303,15.4898,0.043244
5095,0.8859,7.8307,4.4805,2.35,15.5471,0.050694
5096,0.9566,7.7885,4.4164,2.3088,15.4703,0.068739
5097,0.9491,7.8255,4.5161,2.3181,15.6088,0.017963
5098,0.9816,7.7417,4.4342,2.2988,15.4562,0.012702
5099,0.9071,7.8047,4.5298,2.3104,15.552,0.010817
5100,0.9558,7.9111,4.4405,2.327,15.6344,0.015632
5101,0.9283,7.7972,4.5087,2.3344,15.5686,0.016704
5102,0.9495,7.8003,4.4662,2.3334,15.5495,0.012635
5103,0.8862,7.8073,4.4607,2.3494,15.5035,0.007578
5104,0.9655,7.8457,4.461,2.3402,15.6123,0.006477
5105,0.9299,7.8564,4.402,2.3414,15.5297,0.006556
5106,0.957,7.8039,4.4313,2.3064,15.4986,0.011005
5107,0.914,7.8258,4.4342,2.3017,15.4757,0.005901
5108,0.9944,7.8482,4.4538,2.3041,15.6005,0.004198
5109,0.9664,7.8276,4.4197,2.3205,15.5342,0.005229
5110,0.9347,7.8362,4.412,2.3217,15.5046,0.004363
5111,0.908,7.8462,4.4309,2.3333,15.5184,0.016554
5112,0.9349,7.8987,4.4408,2.3352,15.6095,0.005436
5113,0.9317,7.8175,4.3679,2.3422,15.4592,0.010202
5114,0.945,7.8027,4.4134,2.338,15.4992,0.006515
5115,0.8868,8.1929,4.4366,2.3509,15.8673,0.003822
5116,0.9553,7.8427,4.4117,2.3011,15.5109,0.004796
5117,0.9462,7.9301,4.4301,2.3105,15.6168,0.005826
5118,0.9953,7.8386,4.5088,2.2961,15.6387,0.004821
5119,0.93,7.7922,4.55,2.2972,15.5694,0.004308
5120,0.9486,7.8531,4.4008,2.3056,15.5081,0.006596
5121,0.9354,7.9157,4.4284,2.3438,15.6233,0.006036
5122,0.9467,7.7577,4.3811,2.3262,15.4117,0.002916
5123,0.8994,7.843,4.4151,2.3318,15.4892,0.003573
5124,0.9496,7.8839,4.4134,2.3491,15.596,0.003632
5125,0.9231,7.9106,4.4707,2.3492,15.6536,0.002386
5126,0.9527,7.8535,4.4455,2.3641,15.6158,0.003256
5127,0.9004,7.8574,4.3567,2.3148,15.4293,0.002591
5128,0.9905,7.8058,4.5016,2.325,15.6229,0.0043
5129,0.9799,7.7616,4.3767,2.305,15.4231,0.0044
5130,0.8498,7.6674,4.401,2.3232,15.2414,0.004751
5131,0.8243,7.6851,4.408,2.3265,15.2439,0.003202
5132,0.8246,7.7283,4.4379,2.3463,15.3371,0.004543
5133,0.8086,7.8137,4.405,2.3429,15.3701,0.004083
5134,0.8172,7.636,4.4137,2.3102,15.1771,0.006168
5135,5.7526,7.9793,4.4099,2.3443,20.4861,0.22826
5136,0.8903,7.94,4.3008,2.3447,15.4758,0.001042
5137,0.8861,7.9759,4.3558,2.3426,15.5603,0.002875
5138,0.9226,7.8624,4.4101,2.3478,15.5429,0.004443
5139,0.9091,7.9028,4.4111,2.3539,15.5769,0.001346
5140,0.8869,7.7924,4.5228,2.3211,15.5233,0.000911
5141,0.9338,7.9145,4.364,2.3215,15.5338,0.000447
5142,0.9617,8.2042,4.4193,2.3095,15.8947,0.0001
5143,0.9126,7.8789,4.3652,2.317,15.4738,1.1e-05
5144,0.9188,7.9026,4.4506,2.3324,15.6044,1.1e-05
5145,0.9012,7.9239,4.3886,2.3246,15.5384,0.002183
5146,0.8906,8.7381,4.5272,2.3058,16.4616,0.984885
5147,0.9024,8.1029,4.5015,2.3029,15.8097,0.999802
5148,0.9259,7.9516,4.4394,2.3215,15.6384,0.999964
5149,0.9021,7.9032,4.3191,2.3294,15.4538,0.999513
5150,0.8941,7.7724,4.2426,2.3379,15.2469,0.982826
5151,0.9054,7.8405,4.344,2.3578,15.4477,0.893796
5152,0.887,7.8933,4.3103,2.3346,15.4252,0.939044
5153,0.9005,7.8516,4.3282,2.32,15.4004,0.972101
5154,0.9108,7.8113,4.3361,2.3133,15.3715,0.605649
5155,0.9058,7.9672,4.4553,2.3278,15.6561,0.390691
5156,0.8854,7.9419,4.1191,2.3154,15.2619,0.891896
5157,0.922,7.8644,4.067,2.3245,15.1779,0.489721
5158,0.8951,8.6144,4.0163,2.3353,15.8612,0.386787
5159,0.9174,7.9644,3.9986,2.3435,15.2239,0.752731
5160,0.9235,7.9463,4.231,2.3122,15.4129,0.913938
5161,0.9325,7.9691,3.9129,2.3139,15.1284,0.969994
5162,0.877,8.0423,4.2344,2.3017,15.4554,0.964985
5171,0.9804,11.9795,4.0445,2.3455,19.3498,0.00192
5172,0.9275,7.908,4.0146,2.3381,15.1883,3e-06
5173,0.8901,7.974,4.1131,2.315,15.2923,0.002246
5174,0.9374,8.0217,4.2324,2.31,15.5016,0.738601
5175,0.9397,7.9199,4.3855,2.3134,15.5585,0.999811
5176,0.9121,7.9007,4.3902,2.3177,15.5207,0.999924
5177,0.8958,7.9157,4.3238,2.3349,15.4702,0.093397
5178,0.9127,7.8728,4.292,2.3405,15.4181,0.01148
5179,0.9256,7.8632,4.311,2.3431,15.443,0.056165
5180,0.9064,7.7916,4.2638,2.3582,15.32,0.053574
5181,0.9072,7.7937,4.2543,2.317,15.2723,0.013168
5182,0.9285,7.7864,4.4732,2.3001,15.4882,0.009939
5183,0.946,7.9443,4.5208,2.3096,15.7207,0.142115
5184,0.9073,7.9071,4.4922,2.2997,15.6063,0.125673
5185,0.8954,7.921,4.2541,2.3404,15.4109,0.225362
5186,0.9108,7.8421,4.2957,2.3278,15.3764,0.379782
5187,0.9452,7.9988,4.4284,2.3219,15.6942,0.261458
5188,0.9042,7.833,4.4692,2.3256,15.532,0.199843
5189,0.8847,7.9399,4.4562,2.349,15.6298,0.175336
5190,0.9456,7.9615,4.4389,2.3519,15.6978,0.251137
5191,0.9267,8.0003,4.4632,2.3456,15.7358,0.012847
5192,0.9219,7.9617,4.4446,2.3134,15.6416,0.005109
5193,0.9548,8.0598,4.47,2.3505,15.835,0.909882
5194,1.0032,7.9276,4.3102,2.307,15.548,0.969888
5196,0.9386,12.168,4.2664,2.3038,19.6767,0.186866
5197,0.9698,8.0472,4.4196,2.2931,15.7296,0.423265
5198,0.9663,7.8855,4.1966,2.3144,15.3628,0.992451
5199,0.9073,7.9778,4.2061,2.3069,15.3981,0.972228
5200,0.9254,7.9916,4.2953,2.3316,15.5439,0.992818
5201,0.8977,8.0474,4.1931,2.3317,15.4699,0.999389
5202,0.9354,8.0394,4.2264,2.3331,15.5344,0.989599
5204,0.9564,11.8261,4.2589,2.3564,19.3978,0.123565
5205,0.9036,7.7877,4.4119,2.3486,15.4518,0.994605
5206,0.936,7.8569,4.335,2.3397,15.4675,0.999817
5207,0.9492,7.9675,4.3929,2.3095,15.6191,0.999999
5208,0.9365,7.9022,4.4094,2.3025,15.5506,0.999492
5209,0.9828,7.9251,4.3916,2.3096,15.6091,0.676362
5210,1.0037,7.8276,4.4356,2.3068,15.5736,0.46378
5211,0.9651,7.8775,4.372,2.3389,15.5535,0.82369
5212,0.9149,7.8791,4.4396,2.3259,15.5594,0.744955
5213,0.9581,7.8861,4.4467,2.3283,15.6192,0.809461
5214,0.9632,7.8834,4.415,2.3474,15.609,0.806173
5215,0.9742,7.799,4.4184,2.3456,15.5372,0.762132
5216,0.9134,7.7604,4.4539,2.3442,15.4719,0.795462
5217,0.9339,7.8975,4.446,2.3198,15.5972,0.667976
5218,0.9686,7.8391,4.4488,2.306,15.5626,0.668616
5219,1.001,7.8599,4.4077,2.3162,15.5847,0.654222
5220,0.9414,7.7713,4.4295,2.2957,15.4379,0.480819
5221,0.9352,7.9987,4.4189,2.3067,15.6596,0.42849
5222,0.9499,8.2678,4.4387,2.3175,15.9739,0.408988
5223,0.9523,7.8689,4.3973,2.3349,15.5534,0.466788
5224,0.9194,7.8512,4.4358,2.3436,15.55,0.211348
5225,0.9387,7.9012,4.4028,2.3304,15.5731,0.253239
5226,0.9453,7.8811,4.4421,2.328,15.5965,0.311349
5227,0.9274,7.8769,4.5947,2.3159,15.7149,0.339971
5228,0.9365,7.8089,4.3963,2.3371,15.4789,0.294141
5229,0.8808,7.7805,4.4488,2.3157,15.4257,0.119618
5230,0.954,7.8788,4.5231,2.303,15.6589,0.121188
5231,0.9342,7.8967,4.4409,2.3064,15.5782,0.062987
5232,0.9505,7.8204,4.4635,2.3092,15.5436,0.023007
5233,0.8862,7.8048,4.4431,2.3357,15.4697,0.001942
5234,0.9479,7.8367,4.3995,2.3389,15.523,0.001997
5235,0.9865,7.8329,4.4277,2.327,15.5741,0.003599
5236,0.9522,7.8156,4.4622,2.3653,15.5953,0.004003
5237,0.9125,7.8644,4.4448,2.3296,15.5514,0.00045
5238,0.9222,7.7616,4.5004,2.3475,15.5317,0.000296
5239,0.9697,7.7666,4.4418,2.2986,15.4766,0.000519
5240,0.9708,7.8108,4.4285,2.3058,15.516,0.000451
5241,0.9465,7.8248,4.3932,2.2994,15.4638,0.000477
5242,0.9288,7.8412,4.4972,2.3103,15.5775,0.000528
5243,0.9661,7.8094,4.4692,2.3452,15.5899,0.00016
5244,0.9609,7.944,4.3864,2.3425,15.6338,0.000206
5245,0.915,7.8926,4.4317,2.3385,15.5777,0.000226
5246,0.9304,7.8504,4.4476,2.3236,15.552,0.000505
5247,0.9581,7.8315,4.4037,2.3597,15.553,0.000549
5248,0.9532,7.8767,4.414,2.3405,15.5843,0.001213
5249,0.9081,8.1617,4.4408,2.3634,15.874,0.001508
5250,0.9379,7.8365,4.5146,2.3112,15.6002,0.942167
5251,0.9862,7.838,4.4169,2.3248,15.5658,0.999944
5252,0.9923,7.8581,4.3962,2.2971,15.5437,0.999988
5253,0.9761,7.8396,4.4183,2.2977,15.5317,0.999994
5254,0.9206,7.8724,4.3831,2.3156,15.4916,0.999874
5255,0.9568,7.852,4.3755,2.345,15.5292,0.998998
5256,0.9566,7.7467,4.3826,2.3196,15.4055,0.989888
5257,0.9279,7.8551,4.4097,2.3691,15.5618,0.946626
5258,0.931,7.8775,4.4012,2.3385,15.5482,0.853669
5259,0.9699,7.8569,4.3943,2.3438,15.5648,0.495019
5260,0.9598,7.8412,4.5001,2.3114,15.6126,0.456545
5261,0.9436,7.7707,6.528,2.3261,17.5683,0.404759
5262,0.9252,7.8102,4.3575,2.3288,15.4217,0.446333
5263,0.9673,7.7925,4.4976,2.3445,15.6019,0.430327
5264,0.9535,7.8227,4.3994,2.3419,15.5175,0.420938
5265,0.9194,7.8502,4.4487,2.2863,15.5046,0.414805
5266,0.9948,7.8517,4.3976,2.3045,15.5486,0.29915
5267,1.0013,7.876,4.4475,2.3033,15.6279,0.405777
5268,0.9889,7.751,4.4257,2.327,15.4926,0.290361
5269,0.9124,7.9077,4.3769,2.5198,15.7168,0.469355
5270,0.977,7.7855,4.3964,2.3288,15.4877,0.473071
5271,0.9648,7.9801,4.3952,2.34,15.6802,0.54706
5272,0.9495,7.8272,4.3922,2.3238,15.4927,0.652177
5273,0.8867,7.8942,4.5469,2.3488,15.6766,0.692159
5274,0.9375,7.9185,4.3806,2.331,15.5676,0.755133
5275,0.9657,8.0719,4.3841,2.3538,15.7755,0.791174
5276,0.9343,7.7585,4.3564,2.3067,15.3559,0.768801
5277,0.9132,7.8482,4.4423,2.3061,15.5098,0.747783
5278,0.9856,7.886,4.4602,2.31,15.6418,0.76024
5279,0.9865,7.8085,4.4141,2.3106,15.5197,0.227616
5280,0.9272,7.8212,4.4302,2.3353,15.5138,0.440284
5281,0.8929,7.7832,4.4051,2.333,15.4143,0.444406
5282,0.9511,7.8986,4.4183,2.3247,15.5928,0.582639
5283,0.9541,7.8896,4.4539,2.3555,15.6532,0.591415
5284,0.9408,7.8126,4.3612,2.3471,15.4617,0.453292
5285,0.8995,7.8141,4.4577,2.336,15.5073,0.255766
5286,0.972,7.7614,4.5107,2.3163,15.5604,0.309039
5287,1.0004,7.8828,4.3948,2.3223,15.6003,0.400602
5288,0.9814,7.893,4.3831,2.2908,15.5481,0.265343
5289,0.9219,7.941,4.4193,2.315,15.5972,0.186463
5290,0.9785,7.838,4.4125,2.3181,15.5471,0.171826
5291,0.9655,7.8017,4.409,2.3307,15.5069,0.177262
5292,0.963,7.8004,4.5013,2.3281,15.5928,0.159181
5293,0.9032,7.8215,4.521,2.358,15.6038,0.216804
5294,0.9579,7.8357,4.4467,2.3383,15.5786,0.151815
5295,0.9716,7.8197,4.5561,2.5617,15.9091,0.154599
5296,1.1245,7.9623,4.4419,2.3538,15.8825,0.076856
5297,0.8976,7.8942,4.4625,2.3445,15.5988,0.204571
5298,0.9584,7.8479,4.5251,2.339,15.6703,0.182242
5299,0.943,7.8951,4.401,2.3243,15.5634,0.217806
5300,1.0053,7.8459,4.472,2.2888,15.612,0.201528
5301,0.9572,8.3736,4.4023,2.3177,16.0509,0.158794
5302,0.9946,8.1271,4.4447,2.3018,15.8682,0.233647
5303,0.9685,7.9585,4.5229,2.3092,15.7591,0.221978
5304,0.9907,7.835,4.4545,2.3091,15.5893,0.125973
5305,0.9232,7.9077,4.467,2.3299,15.6277,0.202509
5306,0.9652,7.8741,4.3889,2.3378,15.566,0.146658
5307,0.9618,7.7863,4.3649,2.3372,15.4502,0.154185
5308,0.9357,7.8833,4.3813,2.3444,15.5447,0.054462
5309,0.9261,7.8053,4.4316,2.3609,15.5239,0.078303
5310,0.9562,7.7978,4.4144,2.3324,15.5008,0.07446
5311,0.941,7.8411,4.3959,2.3035,15.4814,0.069823
5312,0.9865,7.7833,4.5068,2.3136,15.5902,0.057975
5313,0.9659,7.8696,4.4517,2.3127,15.5999,0.034259
5314,1.0045,7.8291,4.4305,2.2976,15.5617,0.032909
5315,0.9473,7.9341,4.3874,2.3084,15.5773,0.031663
5316,0.9491,7.7767,4.521,2.3303,15.577,0.037238
5317,0.9247,7.8709,4.4068,2.3323,15.5346,0.05093
5318,0.9576,7.8577,4.4137,2.3107,15.5397,0.048317
5319,0.9736,7.7986,4.4244,2.3519,15.5485,0.045022
5320,0.953,7.7486,4.5028,2.3369,15.5413,0.04929
5321,0.9168,7.8588,4.435,2.3413,15.5519,0.045767
5322,0.9545,7.8234,4.4326,2.3111,15.5217,0.060407
5323,0.9819,7.8477,4.3954,2.3079,15.5329,0.050017
5324,0.9923,7.7956,4.4463,2.3145,15.5487,0.054548
5325,0.9234,8.0329,4.4042,2.3115,15.6721,0.036704
5326,0.9662,7.8212,4.44,2.3283,15.5558,0.042169
5327,0.9488,7.8345,4.4182,2.3266,15.5281,0.040104
5328,0.97,8.2666,4.4381,2.3269,16.0016,0.032878
5329,0.9096,7.899,4.45,2.3349,15.5936,0.019146
5330,0.9606,7.8229,4.4178,2.341,15.5423,0.011285
5331,0.9378,7.8996,4.4449,2.3435,15.6258,0.014001
5332,0.9554,7.8981,4.4559,2.3299,15.6392,0.013793
5333,0.9052,7.8892,4.4245,2.3013,15.5201,0.007633
5334,0.9653,7.8678,4.4102,2.301,15.5443,0.009439
5335,0.994,7.9138,4.5117,2.3153,15.7348,0.008796
5336,0.9927,7.8066,4.436,2.3073,15.5426,0.011104
5337,0.9121,7.8918,4.4185,2.3148,15.5373,0.008077
5338,0.9507,7.8937,4.4626,2.3225,15.6295,0.015746
5339,0.9292,7.8331,4.45,2.3313,15.5437,0.021652
5340,0.9662,7.8675,4.4437,2.3309,15.6083,0.017517
5341,0.9257,7.8817,4.415,2.3307,15.5532,0.007778
5342,0.9587,7.761,4.4426,2.3484,15.5107,0.00749
5343,0.97,7.7931,4.5214,2.3594,15.6438,0.003897
5344,0.9332,7.7836,4.4342,2.3078,15.4588,0.005532
5345,0.921,7.9207,4.4345,2.299,15.5753,0.005312
5346,0.9529,7.7779,4.4378,2.3048,15.4734,0.004018
5347,0.9632,7.8157,4.4898,2.3023,15.571,0.005291
5348,0.9319,7.7974,4.4373,2.3213,15.4879,0.004401
5349,0.9026,7.8476,4.4276,2.3283,15.5061,0.004173
5350,0.9299,7.7482,4.4452,2.3297,15.453,0.004638
5351,0.9469,7.7347,4.4094,2.3335,15.4245,0.004708
5352,0.9413,7.7907,4.443,2.3441,15.5191,0.004603
5353,0.9032,7.8655,4.4226,2.304,15.4952,0.002958
5354,0.9653,7.8194,4.436,2.3076,15.5283,0.002869
5355,0.9722,8.1397,4.4298,2.3047,15.8464,0.003424
5356,0.9663,7.8272,4.4535,2.3151,15.5621,0.003641
5357,0.8854,7.8861,4.4346,2.3105,15.5166,0.003376
5358,0.9247,7.775,4.3785,2.3234,15.4016,0.026798
5359,0.9417,7.7909,4.4081,2.3423,15.4829,0.01724
5360,0.9455,7.8175,4.4325,2.3225,15.518,0.014451
5361,0.8972,7.8421,4.4388,2.3355,15.5135,0.012917
5362,0.9262,7.7985,4.4122,2.3383,15.4752,0.019682
5363,0.9387,7.8162,4.4037,2.3055,15.4641,0.025667
5364,0.9691,7.874,4.4574,2.3224,15.6229,0.023791
5365,0.9302,7.8689,4.4197,2.3054,15.5243,0.018614
5366,0.9482,7.8654,4.4356,2.3156,15.5648,0.016813
5367,0.9341,7.845,4.4869,2.3273,15.5933,0.017011
5368,0.9447,7.8376,4.5857,2.3381,15.706,0.013954
5369,0.8975,7.8394,4.4309,2.3355,15.5033,0.014283
5370,0.93,7.8516,4.4361,2.3323,15.5501,0.017903
5371,0.9452,7.7906,4.3832,2.328,15.447,0.019275
5372,0.9213,7.811,4.4045,2.3425,15.4793,0.023155
5373,0.8959,7.8896,4.4391,2.3058,15.5305,0.02149
5374,0.9651,7.7969,4.4562,2.3035,15.5217,0.023873
5375,0.9792,7.8105,4.434,2.3003,15.524,0.033567
5376,0.9286,7.8335,4.4379,2.3115,15.5114,0.028612
5377,0.9109,7.7554,4.4121,2.3182,15.3965,0.025989
5378,0.9445,7.8757,4.4751,2.3328,15.6281,0.023853
5379,0.9387,7.7828,4.4417,2.333,15.4962,0.020289
5380,0.9246,7.8339,4.4651,2.3471,15.5708,0.055526
5381,0.8652,8.1392,4.3932,2.3414,15.739,0.048489
5382,0.9107,7.8157,4.4146,2.3337,15.4746,0.048841
5383,0.9504,7.8344,4.4107,2.3069,15.5024,0.047823
5384,0.9516,7.7772,4.4661,2.3058,15.5006,0.05049
5385,0.9253,7.8714,4.4436,2.2907,15.5311,0.012513
5386,0.9276,7.8058,4.4369,2.2996,15.4699,0.00652
5387,0.943,7.813,4.445,2.328,15.529,0.011357
5388,0.9338,7.7249,4.4333,2.3522,15.4442,0.006782
5389,0.8836,7.7767,4.4463,2.3413,15.448,0.004566
5390,0.9232,7.7996,4.464,2.3358,15.5227,0.0061
5391,0.9441,7.8305,4.4786,3.2649,16.5182,0.006565
5392,0.9426,7.7805,4.4358,2.3416,15.5005,0.007472
5393,0.8963,7.9924,4.451,2.3376,15.6774,0.005064
5394,0.9498,7.8038,4.4477,2.3048,15.5062,0.006132
5395,0.9807,7.8565,4.4031,2.3259,15.5663,0.007212
5396,0.9631,7.7548,4.4312,2.3036,15.4527,0.006145
5397,0.9646,7.8414,4.4182,2.3127,15.5369,0.010968
5398,0.9565,7.8074,4.3982,2.3267,15.4887,0.00891
5399,0.9601,7.8052,4.3936,2.3153,15.4743,0.015589
5400,0.9385,7.7565,4.4351,2.3316,15.4618,0.010107
5401,0.8972,7.7812,4.4126,2.3456,15.4366,0.006263
5402,0.958,7.842,4.4035,2.3383,15.5418,0.013109
5403,0.9489,7.8308,4.4232,2.3068,15.5097,0.012203
5404,0.9404,7.8223,4.4268,2.3075,15.497,0.013339
5405,0.92,7.8809,4.4262,2.3058,15.5329,0.013512
5406,0.9929,7.8152,4.4415,2.3056,15.5553,0.012392
5407,0.974,7.9666,4.4407,2.3075,15.6889,0.012113
5408,0.9364,8.1737,4.4185,2.3189,15.8475,0.013643
5409,0.8929,7.8815,4.4218,2.3411,15.5372,0.011442
5410,0.957,7.7787,4.3981,2.3357,15.4696,0.013849
5411,0.9799,7.8409,4.4096,2.3459,15.5763,0.011691
5412,0.9295,7.8194,4.416,2.3564,15.5214,0.012774
5413,0.9193,7.9454,4.4341,2.3406,15.6394,0.014433
5414,0.9592,7.8407,4.4439,2.3106,15.5544,0.015055
5415,0.9656,7.8597,4.3716,2.3027,15.4996,0.011725
5416,0.9635,7.8341,4.449,2.3224,15.5691,0.013753
5417,0.9367,7.7998,4.5014,2.3136,15.5516,0.011101
5418,0.95,7.8615,4.4406,2.2976,15.5496,0.010261
5419,0.97,7.8818,4.4152,2.3301,15.5971,0.010945
5420,0.9552,7.8349,4.3878,2.3169,15.4948,0.010432
5421,0.9122,7.8831,4.3754,2.3345,15.5052,0.007005
5422,0.9662,7.7841,4.4079,2.3403,15.4985,0.013062
5423,0.9543,7.7598,4.4486,2.359,15.5216,0.009554
5424,0.962,8.3458,4.5048,2.3138,16.1264,0.009553
5425,0.9031,7.9292,4.4568,2.3714,15.6605,0.00959
5426,0.9669,7.7776,4.4649,2.3047,15.5141,0.009709
5427,0.9862,7.7932,4.3942,2.3001,15.4737,0.00871
5428,0.9914,7.8516,4.4695,2.3085,15.621,0.010493
5429,0.8909,8.3976,4.5079,2.2998,16.0962,0.903668
5430,1.0005,7.7872,4.4679,2.3064,15.562,0.999993
5431,0.9603,7.9785,4.4634,2.3108,15.7131,0.999994
5432,0.9833,7.7632,4.3699,2.328,15.4444,0.999946
5433,0.9194,7.8736,4.4451,2.3373,15.5754,0.9986
5434,0.9383,8.0987,4.3873,2.3239,15.7482,0.990338
5435,0.9565,7.8898,4.3955,2.3345,15.5763,0.600672
5436,0.9215,7.7232,4.4593,2.345,15.4489,0.493076
5437,0.8918,7.8311,4.4616,2.3494,15.5339,0.457396
5438,0.981,7.8371,4.4183,2.3015,15.5379,0.10751
5439,0.9961,7.8595,4.3699,2.3071,15.5325,0.038958
5440,0.9818,7.7423,4.4093,2.3079,15.4413,0.053647
5441,0.9069,7.8908,4.4015,2.3085,15.5078,0.075702
5442,0.952,7.8526,4.3773,2.3324,15.5144,0.101567
5443,0.9573,7.7877,4.3385,2.3311,15.4145,0.06405
5444,0.941,7.7042,4.3928,2.3466,15.3846,0.067376
5445,0.886,7.7673,4.4046,2.3453,15.4032,0.040805
5446,0.9626,7.9283,4.3862,2.3025,15.5796,0.071156
5447,0.9688,7.8719,4.3825,2.3092,15.5324,0.235099
5448,0.9655,7.8603,4.422,2.3028,15.5507,0.242243
5449,0.9362,7.8629,4.3742,2.3246,15.4979,0.23077
5450,0.9551,7.8767,4.4109,2.3133,15.5561,0.264677
5451,0.9726,7.8691,4.3901,2.3499,15.5817,0.23925
5452,0.9394,7.82,4.3878,2.3362,15.4835,0.248734
5453,0.8992,7.837,4.4358,2.3364,15.5084,0.151756
5454,0.9552,7.8331,4.4171,2.3467,15.5521,0.177046
5455,0.9616,7.8347,4.408,2.3359,15.5402,0.038556
5456,0.9462,7.7338,4.4047,2.3052,15.39,0.028635
5457,0.9431,7.869,4.4933,2.3053,15.6107,0.02902
5458,0.9944,7.7909,4.4129,2.31,15.5082,0.029066
5459,0.9586,7.8619,4.3796,2.315,15.515,0.034519
5460,0.9524,7.772,4.3849,2.3334,15.4427,0.036952
5461,0.905,8.2041,4.4462,2.3423,15.8975,0.034228
5462,0.9683,7.7951,4.4749,2.3252,15.5634,0.030601
5463,0.9403,7.8033,4.416,2.3351,15.4948,0.035677
5464,0.9642,7.8005,4.3948,2.3461,15.5056,0.032894
5465,0.9095,7.8252,4.5114,2.3393,15.5854,0.030652
5466,0.9565,7.8042,4.4333,2.3179,15.5118,0.022825
5467,0.9682,7.8062,4.4438,2.293,15.5113,0.021634
5468,0.991,7.8855,4.4639,2.3075,15.6478,0.022823
5469,0.9527,7.8522,4.5019,2.3069,15.6136,0.027553
5470,0.9575,7.8986,4.4211,2.2963,15.5735,0.031792
5471,0.946,7.7907,4.3695,2.3417,15.448,0.028477
5472,0.9593,7.8289,4.444,2.3392,15.5714,0.024487
5473,0.9106,7.7964,4.4361,2.3319,15.475,0.019523
5474,0.9743,7.8592,4.425,2.3572,15.6157,0.025095
5475,0.9387,7.8518,4.4292,2.3512,15.571,0.036423
5476,0.9803,7.7738,4.4162,2.3128,15.4831,0.033968
5477,0.9129,7.8787,4.426,2.3153,15.5329,0.033529
5478,0.9959,7.8542,4.3927,2.3085,15.5512,0.022258
5479,0.9808,7.8187,4.4204,2.317,15.5368,0.017422
5480,0.9672,7.9548,4.4057,2.3123,15.64,0.022135
5481,0.9253,7.877,4.4085,2.3352,15.546,0.028
5482,0.9578,7.8697,4.4057,2.3235,15.5567,0.029995
5483,0.9278,7.7573,4.3569,2.3498,15.3918,0.033192
5484,0.9523,7.7884,4.5207,2.3501,15.6115,0.023525
5485,0.9267,7.8405,4.4794,2.3597,15.6064,0.013377
5486,0.9692,7.8247,4.4453,2.344,15.5833,0.02339
5487,0.941,8.1801,4.4133,2.3406,15.875,0.024108
5488,0.9584,7.8035,4.433,2.3035,15.4983,0.031093
5489,0.9475,7.8825,4.4456,2.3117,15.5873,0.030796
5490,0.9974,7.8091,4.4579,2.3136,15.5781,0.033835
5491,0.9627,7.9529,4.4796,2.3021,15.6973,0.02409
5492,0.9545,7.777,4.439,2.3302,15.5006,0.024421
5493,0.9139,7.874,4.4507,2.3388,15.5774,0.023476
5494,0.9728,7.9359,4.459,2.3264,15.6941,0.019203
5495,0.9718,7.7756,4.4711,2.3197,15.5382,0.028811
5496,0.9563,7.8066,4.4028,2.3614,15.5271,0.0232
5497,0.9195,7.8241,4.4024,2.3477,15.4937,0.023421
5498,0.9585,7.859,4.4322,2.3141,15.5638,0.017615
5499,1.0032,7.7912,4.5049,2.3077,15.6069,0.018383
5500,0.9735,7.7624,4.4975,2.3117,15.5451,0.051504
5501,0.9788,7.8322,4.5121,2.3057,15.6287,0.047207
5502,0.9633,7.8602,4.4321,2.3176,15.5733,0.042786
5503,0.9517,7.8948,4.4325,2.3463,15.6253,0.036282
5504,0.941,7.75,4.4165,2.3867,15.4942,0.063099
5505,0.8991,7.8627,4.4215,2.33,15.5133,0.060608
5506,0.966,7.8578,4.4436,2.3581,15.6255,0.065493
5507,0.9603,7.8534,4.4257,2.3563,15.5957,0.059966
5508,0.9459,7.812,4.4556,2.3446,15.5581,0.078935
5509,0.9079,7.8682,4.4317,2.3258,15.5335,0.08689
5510,0.982,7.7773,4.4988,2.3142,15.5723,0.082721
5511,0.9917,7.8809,4.4113,2.2986,15.5825,0.085694
5512,1.002,7.8335,4.4042,2.3199,15.5596,0.071475
5513,0.9219,7.9782,4.4414,2.3141,15.6555,0.071283
5514,0.9575,8.2034,4.5242,2.2913,15.9765,0.093713
5515,0.9656,7.9352,4.4991,2.323,15.7229,0.085524
5516,0.95,7.9614,4.4156,2.3271,15.6541,0.067299
5517,0.9205,7.8638,4.4271,2.3253,15.5367,0.090415
5518,0.9352,7.8363,4.44,2.3374,15.5489,0.07985
5519,0.9537,7.8608,4.4475,2.4025,15.6645,0.978846
5520,0.9509,7.9641,4.4121,2.3454,15.6725,0.999997
5521,0.9189,7.888,4.4113,2.3394,15.5576,0.999983
5522,0.9323,7.9205,4.3352,2.2941,15.4821,0.999976
5523,0.9806,7.8912,4.4072,2.3059,15.5849,0.99968
5524,1.0015,7.7754,4.4464,2.307,15.5303,0.999775
5525,0.9168,7.8634,4.4352,2.3138,15.5292,0.99809
5526,0.9619,7.8326,4.4404,2.3267,15.5616,0.991687
5527,0.9452,7.8955,4.3874,2.3329,15.5611,0.922244
5528,0.9727,7.8366,4.4577,2.3184,15.5854,0.976658
5529,0.9137,7.8614,4.4024,2.3396,15.5171,0.981921
5530,0.9653,7.8172,4.437,2.343,15.5626,0.839311
5531,0.949,7.7958,4.3875,2.346,15.4784,0.911748
5532,0.9787,7.756,4.462,2.3072,15.504,0.875594
5533,0.9324,7.8209,4.4367,2.3143,15.5043,0.831949
5534,0.9988,7.8023,4.3969,2.3111,15.5091,0.75871
5535,0.9416,7.8274,4.4461,2.3164,15.5315,0.792673
5536,0.9637,7.8126,4.4517,2.3291,15.5572,0.796066
5537,0.928,7.811,4.4267,2.3288,15.4946,0.844443
5538,0.9502,7.8435,4.4428,2.3367,15.5731,0.86756
5539,0.9544,7.7862,4.3961,2.3382,15.4749,0.854682
5540,0.9538,8.1274,4.4088,2.3371,15.8271,0.817341
5541,0.9215,7.8955,4.4315,2.3459,15.5945,0.857287
5542,0.9535,7.9242,4.4393,2.3059,15.6229,0.829059
5543,0.9356,7.7729,4.4277,2.3084,15.4447,0.823119
5544,1.006,7.7972,4.513,2.3021,15.6183,0.869035
5545,0.9693,8.4824,4.4909,2.3014,16.2441,0.841694
5546,0.9542,7.8875,4.4478,2.2995,15.5891,0.835823
5547,0.9926,7.8626,4.3783,2.3021,15.5357,0.833984
5548,0.9516,7.8105,4.434,2.3333,15.5294,0.851603
5549,0.913,7.8963,4.4198,2.3483,15.5774,0.860559
5550,0.9577,7.8576,4.5155,2.318,15.6487,0.838863
5551,0.978,7.8485,4.4234,2.329,15.5788,0.75038
5552,0.9588,7.8061,4.4907,2.542,15.7976,0.821645
5553,1.1566,7.8725,4.4039,2.3338,15.7669,0.74606
5554,0.9429,7.9014,4.3944,2.3508,15.5895,0.682055
5555,0.965,7.8678,4.4217,2.342,15.5965,0.645216
5556,0.955,7.8247,4.4398,2.3027,15.5222,0.695679
5557,0.9434,7.8555,4.4492,2.3136,15.5618,0.583111
5558,0.9752,7.8307,4.4256,2.2975,15.5291,0.472544
5559,0.9925,7.809,4.4046,2.3216,15.5278,0.510805
5560,0.9805,7.8574,4.5175,2.3342,15.6895,0.512956
5561,0.9104,7.8069,4.4328,2.3338,15.4839,0.518555
5562,0.9432,7.7672,4.4314,2.3195,15.4613,0.573649
5563,0.966,7.8128,4.3965,2.3422,15.5175,0.570764
5564,0.9734,7.9092,4.4123,2.3444,15.6393,0.564178
5565,0.9268,7.9392,4.4134,2.3512,15.6306,0.62725
5566,0.9478,7.8598,4.4263,2.3097,15.5435,0.417297
5567,0.9751,8.1831,4.4275,2.3263,15.912,0.412956
5568,0.9905,7.84,4.4444,2.3168,15.5917,0.32311
5569,0.9546,7.8299,4.4265,2.3138,15.5248,0.120028
5570,0.9533,7.8143,4.4187,2.2965,15.4829,0.122375
5571,0.9788,7.8155,4.4149,2.333,15.5422,0.196991
5572,0.9726,7.8425,4.4351,2.328,15.5782,0.253169
5573,0.9227,7.824,4.4333,2.3194,15.4994,0.327184
5574,0.9387,7.7513,4.4386,2.3333,15.4619,0.319718
5575,0.9617,7.8721,4.4144,2.336,15.5842,0.257847
5576,0.9569,7.8288,4.5167,2.3483,15.6507,0.315263
5577,0.9157,8.0151,4.4363,2.3506,15.7178,0.379199
5578,0.9383,7.9344,4.418,2.3052,15.596,0.312665
5579,1.0012,7.84,4.4232,2.3187,15.583,0.293446
5580,0.98,7.8185,4.4755,2.3012,15.5752,0.273285
5581,0.9361,7.8669,4.4379,2.3128,15.5537,0.233286
5582,0.9493,7.7707,4.4229,2.32,15.4628,0.232379
5583,0.9669,7.8378,4.4045,2.3309,15.5401,0.260184
5584,0.9607,7.8123,4.4237,2.341,15.5377,0.188876
5585,0.9149,8.0134,4.4242,2.3283,15.6809,0.151588
5586,0.9373,7.8192,4.396,2.3464,15.4989,0.187324
5587,0.9728,7.8149,4.406,2.3402,15.5339,0.221443
5588,0.9697,7.8417,4.462,2.3038,15.5771,0.208218
5589,0.9385,7.8335,4.5059,2.3,15.5779,0.253163
5590,0.9906,7.7785,6.5132,2.3068,17.5891,0.224223
5591,0.9633,7.8958,4.4092,2.3679,15.6362,0.183474
5592,0.9655,7.793,4.4476,2.3522,15.5584,0.197235
5593,0.9158,8.2683,4.4442,2.3387,15.967,0.150771
5594,0.9565,7.8036,4.4325,2.2944,15.487,0.207054
5595,0.9314,7.9616,4.4082,2.3161,15.6173,0.331821
5596,0.9855,7.8033,4.4071,2.2968,15.4926,0.276491
5597,0.9728,7.9388,4.4294,2.3067,15.6477,0.205682
5598,0.9578,7.9191,4.4073,2.3207,15.6049,0.277228
5599,0.9415,7.8166,4.3598,2.3422,15.4601,0.275722
5600,0.9641,7.8462,4.3657,2.3326,15.5086,0.292926
5601,0.922,7.7932,4.4025,2.3435,15.4611,0.083518
5602,0.9602,7.8302,4.3951,2.3381,15.5236,0.081547
5603,0.973,7.8945,4.4183,2.3514,15.6371,0.052203
5604,0.9621,7.8255,4.4498,2.3311,15.5686,0.052802
5605,0.9121,7.8554,4.432,2.3085,15.508,0.055319
5606,0.9514,7.7667,4.4394,2.3097,15.4671,0.049847
5607,1.0099,7.8092,4.4622,2.3059,15.5872,0.049775
5608,0.9577,7.883,4.4658,2.3087,15.6152,0.03546
5609,0.9257,7.8936,4.4357,2.3338,15.5889,0.039903
5610,0.9244,7.7895,4.4227,2.3329,15.4695,0.16617
5611,0.9712,7.8635,4.4367,2.3975,15.6689,0.194671
5612,0.9618,7.8347,4.469,2.3318,15.5973,0.235494
5613,0.9132,7.816,4.5085,2.3804,15.6181,0.298444
5614,0.9497,7.7968,4.3471,2.3598,15.4533,0.273386
5615,0.956,7.7998,4.4007,2.3035,15.4601,0.241255
5616,0.9771,7.745,4.4463,2.3037,15.4721,0.235405
5617,0.9585,8.2399,4.4953,2.3226,16.0163,0.058014
5618,0.9893,7.8437,4.4007,2.3169,15.5506,0.078183
5619,0.9415,7.8064,4.3945,2.3179,15.4603,0.038863
5620,0.9617,8.1072,4.4711,2.3188,15.8588,0.03534
5621,0.9393,7.8767,4.376,2.3318,15.5238,0.02455
5622,0.9604,7.8118,4.3714,2.3373,15.4808,0.1366
5623,0.9639,7.7689,4.3682,2.3425,15.4435,0.164744
5624,0.9231,7.7954,4.393,2.3527,15.4641,0.134745
5625,0.9012,7.8061,4.3957,2.3116,15.4145,0.161941
5626,0.981,7.8792,4.3894,2.2873,15.5368,0.142667
5627,1.0012,7.8535,4.4865,2.3188,15.66,0.143238
5628,1.0577,7.775,4.4062,2.3057,15.5446,0.200503
5629,0.9652,7.7628,4.3768,2.3204,15.4251,0.124829
5630,0.9233,7.7897,4.4513,2.3355,15.4998,0.072084
5631,0.9104,7.8181,4.4458,2.3504,15.5247,0.101309
5632,0.9246,7.7481,4.4605,2.334,15.4672,0.09491
5633,0.9353,7.9175,4.4299,2.3446,15.6273,0.042085
5634,0.9768,7.782,4.5187,2.346,15.6235,0.040711
5635,0.9229,7.8556,4.3903,2.3087,15.4776,0.145276
5636,0.9685,7.7728,4.5205,2.3172,15.579,0.147852
5637,0.9685,7.8641,4.5117,2.3353,15.6797,0.1531
5638,1.0,7.7195,4.5387,2.3018,15.5601,0.131626
5639,0.9311,7.8529,4.4094,2.3082,15.5017,0.125799
5640,0.9651,7.9306,4.4745,2.3207,15.6909,0.705063
5641,0.9502,7.8104,4.3861,2.3395,15.4862,0.999953
5642,0.9582,7.7798,4.3963,2.3301,15.4644,0.999999
5643,0.9272,7.8465,4.3883,2.3393,15.5012,0.999993
5644,0.9568,7.7686,4.3686,2.3536,15.4477,0.999974
5645,0.9572,7.7605,4.3637,2.3083,15.3898,0.999915
5646,0.9884,8.2657,4.4893,2.3019,16.0453,0.996902
5647,0.9408,7.8402,4.3871,2.3188,15.4868,0.738925
5648,0.9845,7.8797,4.3571,2.3184,15.5397,0.414067
5649,0.9488,8.0056,4.4004,2.3125,15.6673,0.302406
5650,0.9564,7.7724,4.411,2.3555,15.4953,0.247563
5651,0.9164,7.8816,4.4508,2.3306,15.5794,0.207025
5652,0.961,7.8834,4.4616,2.342,15.648,0.188548
5653,0.9643,7.8362,4.5088,2.3847,15.6941,0.1404
5654,0.9671,7.8982,4.3914,2.3432,15.5999,0.110673
5655,0.9237,7.9087,4.4066,2.3355,15.5745,0.144108
5656,0.9356,7.8307,4.4398,2.3512,15.5573,0.148328
5657,0.9535,7.8354,4.4108,2.3067,15.5063,0.192506
5658,0.9938,7.7583,4.4196,2.303,15.4747,0.203929
5659,1.0016,7.8741,4.4033,2.3156,15.5946,0.189023
5660,0.9315,7.8578,4.4037,2.2978,15.4908,0.150086
5661,0.9408,7.8381,4.4043,2.3299,15.5131,0.151156
5662,0.9652,7.7758,4.4224,2.316,15.4795,0.12625
5663,0.908,7.8354,4.3913,2.3289,15.4636,0.196155
5664,0.9527,7.808,4.4446,2.3363,15.5417,0.170677
5665,0.9742,7.7774,4.3908,2.3431,15.4854,0.109625
5666,0.966,7.7299,4.4261,2.3154,15.4375,0.097141
5667,0.9405,7.8346,4.4467,2.3233,15.5451,0.047629
5668,0.9954,7.7641,4.4481,2.318,15.5256,0.138193
5669,0.9504,7.8733,4.3962,2.2997,15.5196,0.049492
5670,0.9047,7.8946,4.4307,2.3211,15.551,0.056185
5671,0.9444,7.8486,4.4235,2.3193,15.5358,0.015766
5672,0.9456,8.1644,4.4129,2.3397,15.8625,0.013086
5673,0.9453,7.9023,4.401,2.3305,15.5791,0.00934
5674,0.9245,7.7841,4.4487,2.3454,15.5027,0.010343
5675,0.9471,7.8467,4.4487,2.3604,15.6029,0.001852
5676,0.9338,7.7745,4.3974,2.3138,15.4194,0.000925
5677,0.9621,7.8654,4.4344,2.3203,15.5822,0.000856
5678,0.9447,7.8535,4.3875,2.3027,15.4885,5.4e-05
5679,0.9739,7.8773,4.366,2.3146,15.5318,0.000201
5680,0.9381,7.8902,4.3925,2.3203,15.5412,0.000133
5681,1.1989,8.3913,4.4338,2.2999,16.3239,0.000149
5682,0.9167,7.8023,4.4394,2.3242,15.4827,8e-05
5683,0.9161,7.8983,4.4551,2.3457,15.6152,0.000124
5684,0.9672,7.7603,4.3907,2.3435,15.4617,0.000807
5685,0.9446,7.8335,4.4163,2.3529,15.5473,0.001262
5686,0.8936,7.7705,4.4211,2.3565,15.4417,0.000469
5687,0.9219,7.8774,4.4442,2.3255,15.569,0.000322
5688,0.9673,7.7792,4.3565,2.2885,15.3915,0.000342
5689,0.959,7.8659,4.3885,2.3096,15.5229,0.000506
5690,0.925,8.6374,4.3944,2.2994,16.2562,0.000488
5691,0.9475,7.8852,4.3927,2.2937,15.5191,0.001589
5692,0.9562,7.844,4.3822,2.313,15.4954,0.000968
5693,0.9501,7.874,4.3939,2.3324,15.5504,0.000735
5694,0.8987,7.7632,4.3783,2.3323,15.3726,0.000423
5695,0.9188,7.8276,4.3937,2.3384,15.4786,0.001591
5696,0.9568,7.7892,4.3983,2.3442,15.4885,0.001807
5697,0.9587,7.7957,4.4098,2.353,15.5172,0.004984
5698,0.8846,7.7763,4.4442,2.3116,15.4167,0.001132
5699,0.9535,8.144,4.4134,2.3026,15.8136,0.019291
5700,0.9795,7.8892,4.4132,2.3236,15.6055,0.014649
5701,1.0001,7.8588,4.4104,2.3108,15.5801,0.022666
5702,0.8931,7.9249,4.4218,2.2992,15.539,0.012192
5703,0.9223,7.9637,4.4165,2.337,15.6394,0.011577
5704,0.9633,7.9227,4.3882,2.3516,15.6258,0.006372
5705,0.9417,7.8515,4.3846,2.3317,15.5096,0.006535
5706,0.9347,7.849,4.4568,2.3393,15.5799,0.011591
5707,0.9528,7.9776,4.4066,2.3453,15.6823,0.002726
5708,0.9324,7.9269,4.4223,2.3454,15.6271,0.003354
5709,0.9307,7.8682,4.3983,2.3423,15.5396,0.010677
5710,0.9135,7.7857,4.4473,2.3066,15.4532,0.012187
5711,0.9773,7.9102,4.419,2.3096,15.616,0.010895
5712,0.974,7.8153,4.4071,2.3031,15.4996,0.009366
5713,0.9425,7.9279,4.4125,2.3078,15.5907,0.011396
5714,0.9219,7.9122,4.4128,2.324,15.5708,0.008517
5715,0.9485,7.8275,4.3651,2.3404,15.4814,0.007325
5716,0.9422,7.8032,4.3697,2.3349,15.45,0.009662
5717,0.9275,7.8758,4.3694,2.3466,15.5193,0.0037
5718,0.9167,7.8593,4.4117,2.3474,15.5351,0.001847
5719,0.9379,7.8833,4.4147,2.3226,15.5585,0.00179
5720,0.9513,7.8765,4.3695,2.3036,15.501,0.004791
5721,0.9635,7.8391,4.4282,2.3175,15.5483,0.004206
5722,0.9155,7.8073,4.451,2.2952,15.469,0.002347
5723,0.9445,7.9075,4.4132,2.3318,15.5971,0.005318
5724,0.9359,7.759,4.4424,2.3358,15.4731,0.040882
5725,0.953,8.1356,4.3823,2.3282,15.7991,0.040606
5726,0.9066,7.812,4.5314,2.3775,15.6275,0.013201
5727,0.9207,7.9005,4.4033,2.3434,15.5678,0.001764
5728,0.9326,7.7527,4.4123,2.3629,15.4605,0.000452
5729,0.9279,7.9224,4.4302,2.3467,15.6273,0.000859
5730,0.893,7.817,4.4621,2.3447,15.5168,0.000322
5731,0.9538,7.8621,4.3523,2.3017,15.4699,0.000347
5732,0.9678,7.8842,4.4056,2.3,15.5575,0.00018
5733,0.9235,7.8932,4.3113,2.3393,15.4672,0.000878
5734,0.8961,7.8306,4.3531,2.3336,15.4134,0.001047
5735,0.9153,7.8379,4.3571,2.331,15.4413,0.002735
5736,0.9302,7.8295,4.3612,2.3437,15.4646,0.001213
5737,0.9278,7.8499,4.3345,2.3417,15.454,0.004691
5738,0.8911,7.77,4.3012,2.3047,15.267,0.000594
5739,0.9701,7.8921,4.2993,2.3068,15.4684,0.007072
5740,0.9549,7.7704,4.2997,2.3125,15.3375,0.006019
5741,0.9348,7.9715,4.3119,2.3388,15.5571,0.001175
5742,0.8875,7.7661,4.2961,2.3397,15.2894,0.0037
5743,0.919,7.8699,4.289,2.33,15.4079,0.001323
5744,0.9357,7.7784,4.3022,2.3312,15.3474,0.005415
5745,0.9245,7.8058,4.3096,2.3141,15.354,0.002733
5746,0.9432,7.7017,4.3463,2.3062,15.2975,0.00692
5747,0.9914,7.7915,4.3063,2.3073,15.3964,0.01421
5748,0.9535,7.8579,4.2792,2.3297,15.4203,0.003999
5749,0.9575,7.916,4.2779,2.3336,15.4849,0.02097
5750,0.8991,7.7687,4.286,2.3436,15.2974,0.002856
5751,0.9515,7.8489,4.2866,2.3412,15.4282,0.007524
5752,0.9641,8.2813,4.3252,2.3345,15.905,0.020092
5753,0.9655,7.8332,4.3476,2.3082,15.4545,0.019937
5754,0.9351,7.8097,4.3165,2.3105,15.3719,0.017404
5755,0.9899,7.916,4.3434,2.3178,15.5671,0.031843
5756,0.9364,7.8225,4.3112,2.3061,15.3762,0.052333
5757,0.9338,7.8783,4.3081,2.3427,15.4628,0.008735
5758,0.9365,7.8112,4.3203,2.3249,15.3929,0.015895
5759,0.9495,7.8401,4.2894,2.3449,15.4239,0.012523
5760,0.9316,7.775,4.3125,2.3602,15.3792,0.059329
5761,0.9432,7.8142,4.2969,2.3127,15.367,0.050533
5762,0.9432,7.8544,4.3247,2.3145,15.4368,0.05047
5763,0.9536,7.9286,4.2951,2.3058,15.483,0.055619
5764,0.9214,7.8465,4.2991,2.3374,15.4044,0.05244
5765,0.9274,7.8537,4.2798,2.33,15.3909,0.047316
5766,0.9226,7.8663,4.2871,2.3417,15.4177,0.035472
5767,0.9422,7.8637,4.2879,2.4099,15.5037,0.104539
5768,0.901,7.7651,4.2964,2.3179,15.2804,0.142314
5769,0.915,7.8639,4.2814,2.2922,15.3525,0.187501
5770,0.998,7.8403,4.2897,2.2985,15.4265,0.983314
5771,0.918,7.9428,4.2962,2.316,15.4731,0.998931
5772,0.8853,7.7818,4.28,2.3227,15.2698,0.999914
5773,0.927,7.9037,4.2974,2.3359,15.464,0.999945
5774,0.954,7.8566,4.2708,2.345,15.4264,0.999793
5775,0.8957,7.8551,4.3442,2.3612,15.4561,0.99828
5776,0.9312,7.7919,4.3047,2.303,15.3308,0.944705
5777,0.9797,7.8193,4.368,2.3592,15.5262,0.346269
5778,0.9921,8.0825,4.28,2.3202,15.6748,0.066528
5779,0.927,7.8149,4.328,2.3045,15.3744,0.060685
5780,0.9552,7.8263,4.2707,2.3312,15.3835,0.063141
5781,0.9652,7.825,4.2719,2.3376,15.3997,0.061534
5782,0.9299,7.786,4.288,2.35,15.3539,0.03701
5783,0.9055,8.0118,4.3291,2.3389,15.5854,0.022837
5784,0.9479,7.7785,4.3104,2.3106,15.3474,0.033658
5785,1.0047,7.8015,4.2809,2.3103,15.3975,0.029384
5786,0.9651,7.7586,4.3358,2.3036,15.3631,0.024095
5787,0.9106,7.8382,4.2671,2.3252,15.3411,0.028495
5788,0.9614,7.8052,4.2871,2.3328,15.3865,0.019686
5789,0.9732,7.8298,4.3016,2.3408,15.4454,0.008665
5790,0.9485,7.7043,4.2836,2.3309,15.2673,0.006798
5791,0.9188,7.8581,4.3491,2.3274,15.4534,0.012107
5792,0.9699,7.8006,4.3104,2.3081,15.389,0.013634
5793,0.9636,7.8855,4.2842,2.3079,15.4413,0.01016
5794,0.9698,7.8421,4.3326,2.3234,15.4679,0.0079
5795,0.9014,7.8594,4.2727,2.3238,15.3573,0.033124
5796,0.9285,7.8268,4.2847,2.3308,15.3708,0.026387
5797,0.9509,7.9062,4.3001,2.3404,15.4976,0.021514
5798,0.9519,7.7786,4.2718,2.3039,15.3063,0.036268
5799,0.8884,7.9221,4.3292,2.3122,15.452,0.038285
5800,0.9592,7.8131,4.3109,2.3066,15.3897,0.040137
5801,0.9538,7.8586,4.2965,2.3159,15.4248,0.035528
5802,0.9521,7.758,4.2793,2.3418,15.3311,0.041855
5803,0.9162,7.8442,4.2854,2.3283,15.374,0.035835
5804,0.9332,7.7578,4.3289,2.353,15.373,0.040926
5805,0.9415,8.1055,4.2822,2.3475,15.6766,0.044006
5806,0.968,7.7556,4.3053,2.3016,15.3305,0.037013
5807,0.9282,7.8203,4.3871,2.3088,15.4445,0.029896
5808,0.9702,7.7895,4.3129,2.3101,15.3827,0.023385
5809,0.945,7.8304,4.2692,2.3292,15.3738,0.015323
5810,0.9639,8.4745,4.3202,2.3215,16.08,0.014513
5811,0.8827,7.8101,4.3276,2.3504,15.3708,0.013575
5812,0.9445,7.8108,4.3149,2.3332,15.4034,0.014805
5813,0.9405,7.8612,4.3555,2.3533,15.5105,0.016324
5814,0.9636,7.785,4.3596,2.3592,15.4674,0.016705
5815,0.9014,7.9142,4.4087,2.3232,15.5475,0.005503
5816,0.9689,7.8223,4.3851,2.3102,15.4865,0.010073
5817,0.976,7.8724,4.3517,2.301,15.5012,0.014433
5818,0.9638,7.8206,4.3866,2.3067,15.4777,0.974351
5819,0.8956,7.8024,4.3241,2.3417,15.3637,0.999707
5820,0.9277,7.7855,4.3072,2.335,15.3554,0.999815
5821,0.9551,7.7737,4.2552,2.3315,15.3155,0.999965
5822,0.9544,7.8054,4.2832,2.3524,15.3954,0.999963
5823,0.8978,8.3331,4.3582,2.3417,15.9308,0.999975
5824,0.9297,7.8035,4.3091,2.3044,15.3466,0.999938
5825,0.9732,7.8159,4.2899,2.3149,15.3939,0.999929
5826,0.9325,7.7947,4.307,2.3253,15.3595,0.999314
5827,0.912,7.8398,4.3666,2.3286,15.447,0.996519
5828,0.961,7.7889,4.324,2.316,15.3899,0.974278
5829,0.9641,7.9003,4.2769,2.3465,15.4879,0.747736
5830,0.957,7.7713,4.331,2.3388,15.3981,0.300292
5831,0.9135,8.1019,4.3074,2.3333,15.6561,0.044753
5832,0.9514,7.8037,4.351,2.3127,15.4187,0.021427
5833,0.9793,7.7822,4.3061,2.2992,15.3668,0.021988
5834,0.9762,7.9601,4.3289,2.3089,15.5742,0.027585
5835,0.9105,7.8252,4.2722,2.3415,15.3494,0.016627
5836,0.9294,7.8034,4.2879,2.3359,15.3566,0.024969
5837,0.9597,7.8485,4.2927,2.3513,15.4522,0.016279
5838,0.948,7.8008,4.283,2.3379,15.3697,0.016922
5839,0.9136,8.014,4.2988,2.3119,15.5383,0.015006
5840,0.9769,7.9713,4.2868,2.3147,15.5497,0.012265
5841,0.9907,7.8746,4.2993,2.3127,15.4773,0.019414
5842,0.9665,7.9424,4.3112,2.301,15.5211,0.010407
5843,0.9426,7.8254,4.2807,2.3257,15.3744,0.005026
5844,0.9554,7.8002,4.3054,2.3255,15.3865,0.014078
5845,0.9648,7.9549,4.2849,2.3372,15.5417,0.004904
5846,0.9423,7.7831,4.2949,2.346,15.3664,0.008173
5847,0.9114,7.834,4.2956,2.318,15.3589,0.011547
5848,0.9657,7.7609,4.2478,2.3176,15.292,0.008201
5849,0.9976,7.8493,4.2816,2.3124,15.4409,0.005658
5850,0.9563,7.7412,4.2749,2.3394,15.3118,0.005228
5851,0.9233,7.7978,4.2691,2.342,15.3321,0.00398
5852,0.9597,7.8012,4.2794,2.3492,15.3895,0.004363
5853,0.9805,7.9011,4.3096,2.342,15.5331,0.005499
5854,0.9637,7.7982,4.2931,2.327,15.3819,0.004685
5855,0.8901,7.8937,4.2852,2.3054,15.3743,0.004183
5856,0.9893,7.8133,4.2961,2.2974,15.3962,0.004283
5857,0.9714,7.9059,4.302,2.305,15.4843,0.003978
5858,0.9522,8.0463,4.2848,2.3344,15.6176,0.004136
5859,0.898,7.8589,4.2693,2.3298,15.356,0.003408
5860,0.9588,7.7801,4.299,2.3464,15.3842,0.003699
5861,0.9896,7.8506,4.2877,2.3603,15.4883,0.003827
5862,0.9424,7.7072,4.3482,2.3202,15.3179,0.003926
5863,0.9457,7.7906,4.2798,2.3088,15.3248,0.002119
5864,0.9852,7.8256,4.3549,2.289,15.4548,0.003678
5865,0.9574,7.9301,4.2837,2.3127,15.4839,0.002266
5866,0.9353,7.8248,4.3088,2.3349,15.4038,0.00188
5867,0.91,7.8312,4.3625,2.3271,15.4307,0.001581
5868,0.9575,7.8372,4.3,2.3527,15.4474,0.001919
5869,0.9814,7.7855,4.2976,2.3362,15.4008,0.001781
5870,0.9479,7.8144,4.3126,2.2832,15.3581,0.001995
5871,0.9552,7.8176,4.3377,2.301,15.4115,0.002211
5872,0.9922,7.8014,4.3584,2.3104,15.4625,0.00167
5873,0.9679,7.8961,4.2828,2.3248,15.4716,0.001504
5874,0.9701,7.7539,4.3124,2.3257,15.3621,0.001644
5875,0.9208,7.8702,4.3221,2.341,15.4541,0.001651
5876,0.9646,7.8546,4.3238,2.3533,15.4963,0.002558
5877,0.9668,7.8322,4.2847,2.3119,15.3956,0.032685
5878,0.9347,7.7598,4.2739,2.2998,15.2681,0.039301
5879,1.003,7.7292,4.3385,2.2977,15.3683,0.003911
5880,0.9468,7.8209,4.316,2.3398,15.4235,0.031091
5881,0.9232,7.8087,4.3021,2.3273,15.3613,0.031421
5882,0.913,7.8301,4.3203,2.3398,15.4032,0.021071
5883,0.9691,7.8077,4.3339,2.361,15.4716,0.022684
5884,0.9605,8.0838,4.2876,2.3505,15.6823,0.020792
5885,0.9141,7.7967,4.3102,2.3196,15.3407,0.025552
5886,0.9916,7.8375,4.3465,2.3317,15.5072,0.023958
5887,0.9963,7.7549,4.3801,2.2982,15.4295,0.030134
5888,0.9611,7.7898,4.2689,2.3204,15.3402,0.025843
5889,0.9109,7.8981,4.2968,2.3111,15.4169,0.034249
5890,0.9621,7.9015,4.315,2.3305,15.5091,0.03204
5891,0.955,7.8292,4.2721,2.3325,15.3888,0.027936
5892,0.9548,7.8418,4.3227,2.3365,15.4559,0.029407
5893,0.9211,7.8974,4.2978,2.3204,15.4366,0.015646
5894,0.9863,7.8624,4.3436,2.3181,15.5104,0.030469
5895,0.9699,7.9079,4.3342,2.3295,15.5416,0.017814
5896,0.946,7.8839,4.3438,2.3206,15.4943,0.029378
5897,0.9312,7.8573,4.3068,2.3294,15.4248,0.0191
5898,0.9654,7.833,4.3005,2.3322,15.4311,0.026646
5899,0.9519,7.815,4.2832,2.3466,15.3967,0.024068
5900,0.9497,7.8325,4.2997,2.3556,15.4375,0.032039
5901,0.9222,7.8022,4.2934,2.31,15.3279,0.035709
5902,0.9688,7.8354,4.2687,2.3153,15.3881,0.059864
5903,1.0056,7.7915,4.4628,2.3174,15.5773,0.956768
5904,0.9577,7.8128,4.2879,2.3173,15.3758,0.999713
5905,0.8934,7.7681,4.2947,2.3323,15.2884,0.999947
5906,0.9615,7.826,4.2806,2.405,15.473,0.999959
5907,1.027,7.781,4.3499,2.3621,15.52,0.999806
5908,0.9356,7.8132,4.271,2.3197,15.3395,0.999038
5909,0.9036,7.8437,4.3475,2.3003,15.3951,0.943952
5910,0.9951,7.7814,4.3497,2.3194,15.4456,0.603804
5911,0.9497,8.2128,4.356,2.3105,15.8289,0.078824
5912,0.9575,7.8187,4.288,2.3321,15.3963,0.051996
5913,0.9147,7.9393,4.3192,2.3316,15.5049,0.044543
5914,0.9723,7.79,4.3051,2.3397,15.4071,0.039565
5915,0.9744,7.905,4.3054,2.3585,15.5433,0.033615
5916,0.9379,7.7044,4.2657,2.3455,15.2534,0.0334
5917,0.9023,7.8345,4.3007,2.329,15.3665,0.081065
5918,0.9837,7.7919,4.3065,2.3095,15.3917,0.032062
5919,0.9895,7.864,4.2922,2.317,15.4626,0.032346
5920,0.9466,7.7377,4.3226,2.3349,15.3417,0.031129
5921,0.8912,7.7737,4.3317,2.3423,15.339,0.020662
5922,0.9632,7.8366,4.2994,2.3785,15.4776,0.03662
5923,0.9424,7.8001,4.2938,2.3479,15.3842,0.011048
5924,0.928,7.762,4.3295,2.3207,15.3403,0.013202
5925,0.9205,8.4504,4.3393,2.3313,16.0415,0.010509
5926,0.9942,7.8437,4.3248,2.3205,15.4832,0.012713
5927,0.9753,7.7497,4.2976,2.3154,15.338,0.010833
5928,0.9551,7.7522,4.2798,2.3347,15.3219,0.014071
5929,0.9108,7.8668,4.2886,2.3182,15.3845,0.012622
5930,0.9657,7.8106,4.3034,2.3373,15.417,0.013821
5931,0.9372,7.7487,4.2813,2.3445,15.3117,0.010073
5932,0.9643,7.7705,4.3072,2.3139,15.356,0.012538
5933,0.9445,7.875,4.305,2.303,15.4274,0.008295
5934,0.9874,7.7514,4.3205,2.3084,15.3677,0.014364
5935,0.9677,7.7798,4.2731,2.3498,15.3704,0.017404
5936,0.9307,7.756,4.2875,2.3411,15.3154,0.02291
5937,0.9076,8.0791,4.2975,2.3427,15.6269,0.031649
5938,0.9754,7.8316,4.2913,2.3476,15.4459,0.005901
5939,0.9475,7.8154,4.7835,2.7556,16.3019,0.003624
5940,0.9822,7.8149,4.2895,2.3491,15.4357,0.00313
5941,0.8888,7.7955,4.2977,2.3344,15.3164,0.003498
5942,0.955,7.838,4.3454,2.2983,15.4366,0.001914
5943,0.9774,7.8112,4.3065,2.2924,15.3875,0.00307
5944,0.9645,7.8444,4.3158,2.3046,15.4293,0.006187
5945,0.8998,7.8772,4.3042,2.3267,15.4079,0.006667
5946,0.9568,7.8194,4.3121,2.3479,15.4363,0.016487
5947,0.9677,7.786,4.2886,2.3343,15.3767,0.0318
5948,0.9466,7.7555,4.3125,2.354,15.3686,0.045713
5949,0.8837,7.8307,4.329,2.2975,15.3409,0.060694
5950,0.9948,7.8377,4.3116,2.3168,15.4608,0.076422
5951,0.9859,7.8705,4.3129,2.316,15.4853,0.170779
5952,0.9306,7.7352,4.2834,2.3334,15.2825,0.296836
5953,0.8889,7.7941,4.2962,2.3288,15.308,0.08042
5954,0.9531,7.8208,4.3183,2.3425,15.4348,0.115159
5955,0.9497,7.8627,4.2905,2.3789,15.4818,0.208106
5956,0.9384,7.7735,4.2931,2.3127,15.3177,0.170089
5957,0.919,7.8311,4.2997,2.3238,15.3737,0.207462
5958,0.991,7.7517,4.3025,2.2929,15.338,0.221207
5959,0.9391,7.8237,4.2757,2.3207,15.3592,0.36925
5960,0.9802,7.8206,4.2896,2.322,15.4124,0.464496
5961,0.9168,7.8119,4.2781,2.3224,15.3292,0.506773
5962,0.9656,7.877,4.3083,2.3369,15.4879,0.494631
5963,0.9722,7.7736,4.3003,2.3214,15.3675,0.518767
5964,0.9439,8.2494,4.2918,2.319,15.8041,0.520606
5965,0.9184,7.818,4.3126,2.3324,15.3815,0.565732
5966,1.0039,7.7382,4.3178,2.306,15.366,0.48623
5967,0.9675,7.8609,4.2791,2.3382,15.4458,0.442394
5968,0.9675,7.8137,4.2663,2.3386,15.3861,0.440389
5969,0.89,7.8116,4.2925,2.3621,15.3562,0.383331
5970,0.9633,7.7642,4.3172,2.3209,15.3656,0.334363
5971,0.9421,7.8212,4.3741,2.2992,15.4366,0.489283
5972,0.9846,7.829,4.315,2.303,15.4316,0.475975
5973,0.9431,7.9009,4.2977,2.3138,15.4555,0.491461
5974,0.9567,7.7929,4.29,2.32,15.3596,0.244839
5975,0.9244,7.8284,4.3086,2.3144,15.3759,0.251822
5976,0.971,7.8725,4.2913,2.3403,15.4751,0.327288
5977,0.9327,7.815,4.3327,2.3406,15.4211,0.322276
5978,0.9594,7.7807,4.3109,2.3398,15.3909,0.307992
5979,0.9308,7.7584,4.3153,2.3118,15.3164,0.347621
5980,0.9906,7.777,4.3234,2.3058,15.3967,0.316268
5981,0.9191,7.8905,4.3447,2.3176,15.472,0.296033
5982,0.9415,7.7595,4.276,2.3285,15.3055,0.231012
5983,0.9336,7.854,4.3067,2.3389,15.4333,0.211771
5984,0.9632,7.8794,4.2973,2.3316,15.4715,0.308819
5985,0.9058,7.774,4.327,2.3348,15.3416,0.149691
5986,0.9702,7.8578,4.2872,2.3118,15.427,0.283546
5987,0.9799,7.774,4.3065,2.3108,15.3712,0.324236
5988,0.9765,7.7761,4.2902,2.3185,15.3613,0.274236
5989,0.8964,7.8672,4.3026,2.3296,15.3958,0.337689
5990,0.9687,8.0625,4.29,2.3243,15.6455,0.453896
5991,0.9662,7.8391,4.3185,2.332,15.4558,0.418992
5992,0.936,7.7741,4.2562,2.35,15.3163,0.348867
5993,0.8839,7.7556,4.3006,2.2934,15.2334,0.292651
5994,0.9707,7.7545,4.2862,2.3165,15.3279,0.321878
5995,0.9926,7.8291,4.2954,2.3008,15.4179,0.381969
5996,0.9405,7.8613,4.3092,2.3197,15.4308,0.376541
5997,0.8975,7.7733,4.2944,2.3173,15.2826,0.978113
5998,0.9684,7.7781,4.3044,2.3338,15.3847,0.999895
5999,0.969,7.749,4.3235,2.3609,15.4024,0.999975
6000,0.9296,7.7298,4.2693,2.3108,15.2396,0.999941
6001,0.9516,7.8319,4.2982,2.3244,15.4061,0.999938
6002,0.9847,7.732,4.253,2.307,15.2766,0.999955
6003,0.9345,7.7117,4.2582,2.3346,15.239,0.999775
6004,0.9663,7.8227,4.2985,2.3211,15.4086,0.999816
6005,0.9193,7.881,4.2995,2.3434,15.4431,0.999259
6006,0.9318,7.8105,4.2791,2.333,15.3545,0.978884
6007,0.9312,7.7968,4.3088,2.2969,15.3336,0.761577
6008,0.9825,7.7536,4.3024,2.3251,15.3636,0.884012
6009,0.9185,7.7835,4.3331,2.3061,15.3412,0.872312
6010,0.9571,7.9176,4.2919,2.3442,15.5109,0.607559
6011,0.9595,7.8272,4.303,2.3492,15.4389,0.593435
6012,0.9341,7.8898,4.2888,2.3524,15.4652,0.695069
6013,0.8944,7.7405,4.3145,2.3586,15.3081,0.675526
6014,0.9683,7.7378,4.331,2.3049,15.342,0.621734
6015,0.9639,7.8146,4.2862,2.2953,15.3599,0.513441
6016,0.9631,8.1616,4.3449,2.3287,15.7983,0.464261
6017,0.9377,7.8024,4.3139,2.3155,15.3695,0.512933
6018,0.9599,7.8241,4.3219,2.3263,15.4322,0.422276
6019,0.9332,7.775,4.2796,2.3305,15.3184,0.346836
6020,0.9483,7.814,4.3153,2.3462,15.4237,0.262033
6021,0.916,7.8002,4.3001,2.3471,15.3634,0.251459
6022,0.9602,7.8694,4.2837,2.3171,15.4304,0.223962
6023,0.9855,7.8635,4.3239,2.3002,15.4731,0.146643
6024,0.9951,7.7699,4.2981,2.307,15.3701,0.193638
6025,0.9118,7.8512,4.3096,2.3317,15.4043,0.048304
6026,0.9756,7.8389,4.3205,2.3303,15.4654,0.061892
6027,0.9637,7.8068,4.3057,2.3201,15.3962,0.073496
6028,0.9374,7.8553,4.3026,2.3554,15.4507,0.08494
6029,0.9133,7.7944,4.2937,2.3061,15.3076,0.041319
6030,0.9412,7.8385,4.2769,2.3012,15.3577,0.125879
6031,0.9922,7.8333,4.3004,2.3097,15.4356,0.188092
6032,0.9474,7.7926,4.3118,2.3002,15.352,0.200004
6033,0.9063,7.8335,4.2928,2.3214,15.354,0.15896
6034,0.9386,7.8204,4.2573,2.3234,15.3396,0.11943
6035,0.9552,7.8603,4.2919,2.3349,15.4423,0.105411
6036,0.9367,7.9547,4.2949,2.3286,15.5149,0.093634
6037,0.9265,7.8083,4.307,2.3112,15.353,0.096628
6038,0.9722,7.8346,4.4015,2.295,15.5033,0.495594
6039,1.0008,7.86,4.2959,2.3057,15.4624,0.182422
6040,0.9577,7.9087,4.316,2.2945,15.4768,0.146897
6041,0.9268,8.005,4.2813,2.3236,15.5367,0.126685
6042,0.9699,7.9021,4.3368,2.3306,15.5395,0.132678
6043,0.9548,8.1845,4.2987,2.3254,15.7635,0.124395
6044,0.9218,7.7562,4.3706,2.3183,15.367,0.090695
6045,0.9062,7.8352,4.29,2.3347,15.366,0.072468
6046,0.932,7.8498,4.3165,2.3161,15.4144,0.091307
6047,0.9684,7.9333,4.278,2.3179,15.4976,0.101318
6048,0.9714,7.7216,4.2994,2.3083,15.3008,0.11364
6049,0.8837,7.8872,4.269,2.3399,15.3797,0.135953
6050,0.9367,7.8734,4.2965,2.333,15.4395,0.143019
6051,0.9543,7.8594,4.279,2.3553,15.4479,0.113328
6052,0.9312,7.8309,4.3111,2.3544,15.4276,0.923717
6053,0.9016,7.8889,4.2925,2.311,15.3939,0.999754
6054,0.9906,7.8393,4.3043,2.3166,15.4507,0.999468
6055,0.9875,7.8224,4.285,2.3136,15.4085,0.999778
6056,0.9445,7.809,4.2842,2.3132,15.3508,0.991236
6057,0.9092,7.8648,4.3079,2.3389,15.4209,0.897799
6058,0.9491,7.7882,4.3031,2.3243,15.3647,0.434641
6059,0.9332,7.772,4.2764,2.3404,15.322,0.371136
6060,0.9369,7.7296,4.3174,2.3221,15.306,0.15702
6061,0.9212,7.8256,4.298,2.3088,15.3536,0.125623
6062,0.9778,7.7466,4.3347,2.3008,15.3599,0.14622
6063,0.9324,7.9024,4.2955,2.3331,15.4635,0.111422
6064,0.9395,7.7705,4.2897,2.3285,15.3282,0.098245
6065,0.8931,7.8487,4.282,2.3449,15.3686,0.098404
6066,0.9415,7.793,4.3064,2.3307,15.3716,0.102206
6067,0.9607,7.8369,4.3149,2.3179,15.4303,0.121467
6068,0.9944,7.883,4.3026,2.3102,15.4902,0.137534
6069,0.9492,8.4716,4.4317,2.2776,16.1301,0.136069
6070,0.99,7.8328,4.3503,2.3146,15.4878,0.113996
6071,1.0155,7.902,4.2981,2.3104,15.526,0.168613
6072,0.9367,7.876,4.3003,2.3322,15.4453,0.136466
6073,0.8941,7.8119,4.2913,2.3534,15.3507,0.118944
6074,0.9643,7.7665,4.2923,2.3284,15.3515,0.101825
6075,0.9709,7.9611,4.2906,2.3503,15.5729,0.105538
6076,0.9394,7.7611,4.2765,2.3525,15.3296,0.102674
6077,0.9165,7.8693,4.3105,2.3102,15.4064,0.118554
6078,0.9956,7.8332,4.2925,2.3105,15.4318,0.112364
6079,0.9458,7.8075,4.2884,2.3072,15.3489,0.114389
6080,0.9723,7.7523,4.2529,2.3308,15.3082,0.122242
6081,0.9033,7.8208,4.2945,2.3379,15.3565,0.110029
6082,0.9485,7.8013,4.3157,2.3516,15.4171,0.083256
6083,0.9354,7.7936,4.3063,2.324,15.3593,0.098289
6084,0.9504,7.8622,4.3209,2.3229,15.4565,0.089195
6085,0.9332,7.856,4.3301,2.313,15.4324,0.087262
6086,1.0042,7.7207,4.2842,2.313,15.3221,0.10407
6087,0.9508,7.9079,4.3027,2.3336,15.495,0.096216
6088,0.9514,7.801,4.3104,2.3186,15.3815,0.106112
6089,0.8964,7.794,4.2791,2.354,15.3235,0.258242
6090,0.9611,7.7609,4.2848,2.3393,15.3461,0.269997
6091,0.9622,7.8139,4.2992,2.3165,15.3917,0.077065
6092,0.958,7.784,4.329,2.3114,15.3824,0.084426
6093,0.9258,7.8282,4.3095,2.3038,15.3673,0.076272
6094,0.9589,7.7652,4.2869,2.3373,15.3483,0.092095
6095,0.9501,7.8047,4.2969,2.3448,15.3965,0.107514
6096,0.9322,8.1847,4.2865,2.3297,15.733,0.038709
6097,0.9039,7.7985,4.2751,2.3498,15.3274,0.024916
6098,0.9634,7.8084,4.344,2.3308,15.4466,0.046318
6099,0.9796,7.8136,4.2989,2.3048,15.3968,0.03467
6100,0.9576,7.84,4.3374,2.3812,15.5162,0.062631
6101,0.9573,7.7783,4.3405,2.317,15.3931,0.06205
6102,0.9725,7.8544,4.2875,2.3203,15.4347,0.059509
6103,0.9483,7.846,4.2875,2.3527,15.4345,0.055164
6104,0.9309,7.689,4.2539,2.3591,15.2329,0.06561
6105,0.8912,7.8843,4.2795,2.3462,15.4013,0.067586
6106,0.9609,7.8448,4.3007,2.3096,15.416,0.05823
6107,0.9934,7.8109,4.2915,2.3051,15.401,0.043942
6108,0.973,7.7348,4.2628,2.3238,15.2944,0.042773
6109,0.8855,7.8232,4.3075,2.344,15.3603,0.032685
6110,0.9627,7.7706,4.2817,2.341,15.3559,0.049604
6111,0.9597,7.8914,4.3111,2.3554,15.5176,0.05285
6112,0.9452,7.7442,4.3283,2.3549,15.3726,0.04678
6113,0.8901,7.8809,4.3395,2.3254,15.4358,0.036357
6114,0.9919,7.7584,4.2775,2.3164,15.3442,0.166642
6115,0.9994,7.7849,4.2684,2.31,15.3626,0.99781
6116,0.9371,7.7424,4.2871,2.3222,15.2888,0.999949
6117,0.8952,7.76,4.3034,2.3257,15.2842,0.99998
6118,0.973,7.7847,4.2784,2.3419,15.378,0.999972
6119,0.9561,7.8377,4.3326,2.3305,15.4569,0.999904
6120,0.9475,7.8274,4.286,2.3029,15.3638,0.999377
6121,0.9355,7.7934,4.3292,2.3032,15.3613,0.928269
6122,1.0076,8.1231,4.2888,2.3168,15.7362,0.765861
6123,0.9569,7.8658,4.3029,2.3205,15.4462,0.211918
6124,0.93,7.812,4.3009,2.3339,15.3768,0.192965
6125,0.913,7.7744,4.294,2.332,15.3133,0.123317
6126,0.9699,7.787,4.3031,2.341,15.4009,0.126905
6127,0.9347,7.8171,4.3339,2.3415,15.4272,0.113648
6128,0.959,7.7186,4.2903,2.315,15.2829,0.091781
6129,0.9948,7.7439,4.2655,2.3022,15.3064,0.085141
6130,0.9308,7.8279,4.2926,2.3388,15.3901,0.083864
6131,0.8861,7.7987,4.2789,2.3493,15.313,0.083637
6132,0.942,7.8204,4.3081,2.3364,15.4069,0.090308
6133,0.9758,7.8371,4.2918,2.3503,15.4551,0.107026
6134,0.9641,7.821,4.2828,2.3323,15.4002,0.101182
6135,0.8997,8.4597,4.2989,2.3599,16.0181,0.045091
6136,0.9521,7.8911,4.3045,2.3143,15.462,0.044604
6137,0.9764,7.9018,4.3206,2.297,15.4959,0.045079
6138,1.0012,7.8766,4.2713,2.3148,15.4639,0.045133
6139,0.9202,7.9426,4.2808,2.3241,15.4678,0.03589
6140,0.9428,7.7943,4.2868,2.3346,15.3585,0.05069
6141,0.9393,7.7961,4.264,2.3476,15.347,0.058527
6142,0.9605,7.756,4.3258,2.3363,15.3785,0.059738
6143,0.8957,7.9026,4.3425,2.3426,15.4835,0.071439
6144,0.9543,7.8455,4.2893,2.2952,15.3843,0.082831
6145,0.9934,7.8556,4.3106,2.3153,15.4749,0.055798
6146,0.9973,7.7597,4.3043,2.2943,15.3557,0.066924
6147,0.9097,7.8858,4.2736,2.3634,15.4325,0.054067
6148,0.9347,7.8167,4.3009,2.3346,15.3869,0.077208
6149,0.9361,8.1939,4.2826,2.3328,15.7453,0.065308
6150,0.9707,7.8292,4.2829,2.3353,15.4182,0.084908
6151,0.9073,7.8207,4.3467,2.3379,15.4126,0.062868
6152,0.9392,7.8375,4.2826,2.3022,15.3615,0.066949
6153,0.9618,7.8284,4.2951,2.298,15.3833,0.074158
6154,0.9631,7.8157,4.3955,2.3068,15.4811,0.05728
6155,0.8897,7.8299,4.2713,2.3615,15.3524,0.066447
6156,0.9601,7.8266,4.3072,2.3438,15.4377,0.077568
6157,0.9587,7.8847,4.2923,2.3631,15.4988,0.086916
6158,0.964,7.7915,4.3054,2.3309,15.3917,0.098652
6159,0.91,7.866,4.3213,2.3197,15.4169,0.096144
6160,0.9854,7.8872,4.2986,2.3329,15.5041,0.100598
6161,0.9952,7.8188,4.3136,2.3173,15.4448,0.122719
6162,0.9632,7.7768,4.3305,2.3052,15.3758,0.130109
6163,0.8903,7.8375,4.3082,2.3193,15.3554,0.091864
6164,0.9601,7.8617,4.2882,2.3205,15.4304,0.087868
6165,0.9756,7.9104,4.319,2.3446,15.5496,0.107982
6166,0.9635,7.7838,4.3016,2.3598,15.4087,0.093061
6167,0.906,7.7877,4.3573,2.3296,15.3806,0.077448
6168,0.9999,7.8159,4.2988,2.3005,15.4151,0.124953
6169,1.0168,7.8101,4.3095,2.3054,15.4417,0.119331
6170,0.9578,7.8038,4.2816,2.3388,15.382,0.11975
6171,0.892,7.9498,4.2724,2.3554,15.4697,0.110284
6172,0.9742,7.7852,4.3031,2.3392,15.4018,0.09457
6173,0.9655,7.7562,4.293,2.3473,15.3619,0.108363
6174,0.9654,7.7506,4.2946,2.3186,15.3292,0.310294
6175,0.9334,8.1112,4.3208,2.3263,15.6918,0.436778
6176,0.9627,7.8868,4.3072,2.2949,15.4516,0.423266
6177,0.9872,7.8258,4.2755,2.3085,15.397,0.308617
6178,0.9591,7.8126,4.2851,2.3319,15.3887,0.213773
6179,0.9191,7.8794,4.2878,2.3393,15.4256,0.132275
6180,0.9481,7.8004,4.3222,2.3596,15.4303,0.169621
6181,0.9577,7.831,4.2863,2.3498,15.4249,0.147234
6182,0.9623,7.7627,4.3251,2.3048,15.3549,0.151573
6183,0.9415,7.916,4.3099,2.3212,15.4886,0.076972
6184,0.979,7.7929,4.3348,2.3102,15.4168,0.279722
6185,0.9517,7.9052,4.3174,2.3233,15.4976,0.982712
6186,0.9569,7.7041,4.2852,2.3373,15.2836,0.999888
6187,0.9108,7.7816,4.3447,2.3329,15.3699,0.999956
6188,0.9333,7.8489,4.3028,2.354,15.4389,0.999934
6189,0.9373,7.8811,4.3273,2.3554,15.5011,0.999715
6190,0.9682,7.8141,4.3137,2.3219,15.4179,0.99984
6191,0.9401,7.8923,4.3013,2.3118,15.4454,0.999336
6192,0.98,7.8126,4.3007,2.312,15.4054,0.997807
6193,0.943,7.8233,4.3129,2.3323,15.4116,0.990468
6194,0.9396,7.7934,4.3155,2.333,15.3815,0.975246
6195,0.9105,7.8751,4.3512,2.3391,15.4759,0.92328
6196,0.9269,7.9307,4.4097,2.3478,15.6152,0.9287
6197,0.936,7.7635,4.4132,2.3449,15.4575,0.881372
6198,0.9373,7.8143,4.4152,2.3229,15.4898,0.850045
6199,0.9922,8.6026,4.418,2.3452,16.358,0.716678
6200,0.936,8.0116,4.4694,2.3412,15.7582,0.809627
6201,0.932,7.8597,4.4459,2.3053,15.5429,0.26151
6202,0.9864,8.1355,4.4306,2.3109,15.8633,0.419963
6203,0.9453,7.8512,4.4098,2.3137,15.52,0.226217
6204,0.9605,7.894,4.4405,2.3071,15.6022,0.174132
6205,0.9251,7.8991,4.4333,2.3145,15.572,0.133373
6206,0.9665,7.8335,4.4182,2.3402,15.5585,0.152469
6207,0.9022,7.9665,4.4305,2.3306,15.6298,0.2122
6208,0.9319,7.8508,4.3829,2.3213,15.4868,0.219685
6209,0.9261,7.8429,4.4062,2.3494,15.5246,0.166495
6210,0.963,7.8476,4.4343,2.3412,15.5861,0.147194
6211,0.9273,7.8495,4.394,2.3353,15.5062,0.144004
6212,0.9428,7.8153,4.4366,2.2979,15.4926,0.567813
6213,0.963,7.8609,4.4268,2.3178,15.5684,0.447031
6214,0.9812,7.7851,4.436,2.3018,15.504,0.496706
6215,0.9227,7.8701,4.4208,2.2963,15.5099,0.386016
6216,0.9327,7.9435,4.4232,2.3276,15.627,0.480692
6217,0.9291,7.7777,4.4567,2.3388,15.5024,0.548652
6218,0.9575,7.8217,4.4353,2.3408,15.5554,0.826462
6219,0.9064,7.9097,4.6054,2.3429,15.7644,0.799643
6220,0.9632,7.9487,4.4952,2.3428,15.7499,0.761728
6221,0.9453,7.8696,4.4897,2.3486,15.6532,0.61895
6222,0.9558,7.7772,4.4878,2.3264,15.5473,0.616722
6223,0.9116,7.833,4.424,2.3085,15.4771,0.51867
6224,0.9654,7.7796,4.4482,2.3144,15.5076,0.512908
6225,0.9717,7.8163,4.3975,2.3214,15.5069,0.490878
6226,0.9753,7.8249,4.4347,2.299,15.5339,0.174572
6227,0.9161,7.876,4.4902,2.3262,15.6086,0.452853
6228,0.9525,8.0718,4.4094,2.3376,15.7714,0.171023
6229,0.9456,7.8755,4.4429,2.2893,15.5534,0.53395
6230,0.979,7.9024,4.4086,2.3214,15.6114,0.23871
6231,0.9286,7.8776,4.4629,2.3508,15.6199,0.256212
6232,0.9329,7.7677,4.4447,2.3265,15.4717,0.23051
6233,0.9392,7.8497,4.4139,2.3063,15.5091,0.181958
6234,0.9623,7.8012,4.4496,2.313,15.5261,0.096959
6235,0.9426,8.3495,4.4283,2.2992,16.0196,0.181462
6236,0.9645,7.7688,4.4645,2.3207,15.5184,0.228792
6237,0.9882,7.8254,4.4619,2.3185,15.594,0.256299
6238,0.9725,7.759,4.4572,2.3044,15.4931,0.230317
6239,0.9211,7.88,4.4075,2.3415,15.5501,0.165906
6240,0.933,7.8555,4.4181,2.3294,15.536,0.164183
6241,0.9336,7.8658,4.4049,2.3276,15.5318,0.104804
6242,0.9669,7.7893,4.3897,2.3493,15.4952,0.163428
6243,0.9206,8.3041,4.4425,2.3409,16.0082,0.163915
6244,0.9308,7.7885,4.4995,2.3667,15.5855,0.144636
6245,0.9285,7.8853,4.4901,2.3475,15.6515,0.203349
6246,0.9669,7.7495,4.3942,2.3265,15.4372,0.187179
6247,0.9382,7.8415,4.5015,2.3014,15.5826,0.138024
6248,0.9635,7.8596,4.4122,2.3042,15.5395,0.150233
6249,0.9332,7.8089,4.4186,2.3103,15.471,0.143435
6250,0.954,7.8759,4.4517,2.337,15.6186,0.134378
6251,0.9374,7.8358,4.4463,2.3379,15.5574,0.455921
6252,0.9372,7.8002,4.4377,2.3322,15.5074,0.18607
6253,0.9461,7.8881,4.419,2.336,15.5892,0.171702
6254,0.9545,7.7669,4.4235,2.3474,15.4924,0.411671
6255,0.9146,8.1126,4.5105,2.3639,15.9016,0.341872
6256,0.9592,7.8507,4.4149,2.3409,15.5656,0.303634
6257,0.966,7.8052,4.4276,2.3119,15.5107,0.091291
6258,0.975,7.761,4.3932,2.3188,15.448,0.232316
6259,0.9495,7.8192,4.5365,2.2975,15.6027,0.2151
6260,0.94,7.8502,4.4294,2.3073,15.5269,0.262019
6261,0.9469,7.8338,4.4126,2.3405,15.5338,0.278811
6262,0.9667,7.8404,4.3854,2.3362,15.5286,0.247598
6263,0.91,8.5501,4.4013,2.3314,16.1927,0.221092
6264,0.9309,7.8047,4.447,2.3262,15.5088,0.270077
6265,0.9494,7.8755,4.4443,2.3319,15.6011,0.298231
6266,0.9552,7.7958,4.445,2.344,15.5401,0.301451
6267,0.9273,7.8621,4.5172,2.3428,15.6494,0.295081
6268,0.9564,7.8248,4.4418,2.3038,15.5267,0.260572
6269,0.9595,7.8379,4.435,2.3108,15.5432,0.257334
6270,0.9999,7.7945,4.509,2.3018,15.6051,0.316108
6271,0.9538,7.8463,4.4166,2.3236,15.5403,0.251947
6272,0.9358,7.843,4.3875,2.3251,15.4913,0.227395
6273,0.9412,7.8103,4.3956,2.3245,15.4716,0.281636
6274,0.9588,7.91,4.3926,2.3156,15.577,0.218442
6275,0.923,7.8598,4.499,2.3319,15.6137,0.127891
6276,0.9616,7.9323,4.4265,2.3363,15.6567,0.157323
6277,0.967,7.7779,4.4421,2.3331,15.5201,0.143143
6278,0.9655,7.7665,4.3793,2.2954,15.4067,0.18664
6279,0.9241,8.2785,4.5072,2.3214,16.0312,0.187857
6280,0.9768,7.8099,4.4093,2.2916,15.4875,0.209988
6281,0.9914,8.2938,4.4077,2.3069,15.9998,0.211882
6282,0.9903,7.8132,4.4354,2.3155,15.5545,0.242064
6283,0.9117,7.8064,4.5142,2.2985,15.5308,0.22512
6284,0.9736,7.8454,4.4422,2.3014,15.5626,0.248135
6285,0.9561,7.8158,4.4303,2.3714,15.5736,0.243008
6286,0.9784,7.7572,4.412,2.3298,15.4774,0.281668
6287,0.8904,7.8873,4.408,2.3443,15.5299,0.280399
6288,0.9458,7.8297,4.4283,2.3436,15.5474,0.272916
6289,0.9288,7.8117,4.439,2.3436,15.5231,0.31551
6290,0.9741,7.8107,4.5321,2.3598,15.6767,0.309145
6291,0.9267,7.8263,4.4327,2.3038,15.4896,0.260008
6292,0.9687,7.7308,4.5016,2.3146,15.5157,0.368107
6293,0.9699,7.7593,4.5061,2.2728,15.508,0.341051
6294,0.9713,7.8401,4.4401,2.3154,15.5669,0.344124
6295,0.8982,7.8334,4.4393,2.3381,15.509,0.282674
6296,0.9684,7.8013,4.5174,2.3304,15.6174,0.453193
6297,0.9386,7.7849,4.4299,2.3308,15.4842,0.470181
6298,0.9635,7.8162,4.4417,2.3275,15.5488,0.482849
6299,0.9193,7.8251,4.5096,2.3498,15.6038,0.448594
6300,0.9638,7.9057,4.3733,2.2972,15.5399,0.592018
6301,0.9356,7.929,4.4147,2.31,15.5894,0.602759
6302,0.9847,7.8878,4.4699,2.2895,15.632,0.621267
6303,0.9382,7.8518,4.496,2.2957,15.5817,0.596943
6304,0.9384,7.818,4.5192,2.309,15.5846,0.591363
6305,0.9717,7.8546,4.3641,2.3212,15.5115,0.544855
6306,0.9528,7.7883,4.4829,2.3235,15.5475,0.478192
6307,0.909,7.804,4.3581,2.3415,15.4127,0.345229
6308,0.9616,8.0238,4.3904,2.3278,15.7036,0.383489
6309,0.9776,7.7999,4.4643,2.3514,15.5932,0.374377
6310,0.9362,7.8114,4.3842,2.3266,15.4584,0.374632
6311,0.9326,7.8194,4.485,2.3138,15.5507,0.396333
6312,0.9793,7.8572,4.4616,2.3117,15.6098,0.42581
6313,0.9885,7.831,4.4296,2.3123,15.5614,0.404714
6314,1.0073,7.7679,4.4005,2.3077,15.4834,0.415435
6315,0.8958,7.8186,4.5383,2.3405,15.5932,0.500273
6316,0.9443,7.8169,4.4463,2.3281,15.5356,0.457488
6317,0.937,7.8854,4.4265,2.3329,15.5818,0.474435
6318,0.9688,7.7439,4.5341,2.3118,15.5586,0.468994
6319,0.8909,7.7895,4.4069,2.337,15.4243,0.423221
6320,0.9651,7.8817,4.4326,2.364,15.6434,0.425339
6321,0.9672,7.8657,4.4818,2.3084,15.6231,0.47552
6322,1.0054,7.8541,4.4022,2.3121,15.5738,0.457008
6323,0.9408,7.9063,4.3933,2.3218,15.5623,0.524745
6324,0.9656,7.7272,4.5051,2.3173,15.5151,0.468238
6325,0.9439,7.7959,4.5395,2.3148,15.5941,0.429261
6326,0.9665,7.8337,4.4251,2.3298,15.5551,0.428234
6327,0.9131,8.2586,4.5559,2.301,16.0285,0.436197
6328,0.9423,7.841,4.4466,2.3464,15.5763,0.510613
6329,0.9732,7.8275,4.4077,2.349,15.5574,0.687719
6330,0.955,7.8732,4.4439,2.3427,15.6149,0.914097
6331,0.887,7.8628,4.3797,2.3453,15.4748,0.999989
6332,0.9632,7.8258,4.4116,2.3398,15.5404,0.999996
6333,0.9702,7.8126,4.3842,2.2992,15.4662,0.999991
6334,0.9925,8.0463,4.3224,2.3056,15.6668,0.999994
6335,0.9624,7.8365,4.3949,2.3122,15.5061,0.999997
6336,0.9739,7.8472,4.4174,2.3242,15.5626,0.999995
6337,0.9662,7.8088,4.4259,2.3347,15.5356,0.999873
6338,0.9333,7.7862,4.548,2.3206,15.588,0.999457
6339,0.9114,7.918,4.4237,2.3372,15.5903,0.998621
6340,0.958,7.8667,4.4279,2.341,15.5936,0.988711
6341,0.9721,7.7826,4.3865,2.3415,15.4827,0.954025
6342,0.9486,7.7869,4.3945,2.3347,15.4647,0.954937
6343,0.9194,7.8422,4.4249,2.3189,15.5055,0.917086
6344,0.9955,7.7343,4.3918,2.3183,15.4399,0.807556
6345,0.9987,7.7552,4.3776,2.3185,15.4499,0.970019
6346,0.9411,7.7174,4.4118,2.3239,15.3942,0.947605
6347,0.9185,7.8572,4.4481,2.3324,15.5562,0.908931
6348,0.9667,7.9138,4.4573,2.3356,15.6734,0.91291
6349,0.9585,7.9501,4.4065,2.3497,15.6648,0.856164
6350,0.9644,7.7715,4.3757,2.3517,15.4633,0.840653
6351,0.9246,7.8712,4.3993,2.3655,15.5606,0.880424
6352,0.9644,7.8224,4.4325,2.316,15.5352,0.840643
6353,0.9914,7.7982,4.4657,2.319,15.5742,0.840191
6354,0.9923,7.765,4.4257,2.3068,15.4898,0.888485
6355,0.9371,7.8344,4.4485,2.305,15.525,0.880133
6356,0.964,7.8278,4.4118,2.3331,15.5366,0.890096
6357,0.9623,7.8031,4.4236,2.3264,15.5154,0.806812
6358,0.972,7.8062,4.4363,2.355,15.5694,0.757894
6359,0.9016,7.8299,4.4455,2.3487,15.5257,0.743915
6360,0.9646,7.8268,4.4344,2.3512,15.5769,0.828122
6361,0.9719,8.1588,4.4157,2.3508,15.8973,0.824418
6362,0.9647,7.9212,4.4155,2.345,15.6464,0.740097
6363,0.9026,7.8554,4.4006,2.31,15.4686,0.854232
6364,0.995,7.7543,4.412,2.3001,15.4613,0.777626
6365,1.0019,7.877,4.392,2.3115,15.5825,0.753018
6366,0.9881,7.7966,4.432,2.3099,15.5265,0.653431
6367,0.91,7.8893,4.3592,2.3475,15.5061,0.716104
6368,0.9676,7.8871,4.4657,2.3361,15.6564,0.521501
6369,0.9822,7.832,4.4127,2.3399,15.5668,0.554447
6370,0.944,7.7541,4.4136,2.3426,15.4544,0.450032
6371,0.9186,7.8585,4.418,2.3387,15.5338,0.395888
6372,0.9623,7.8405,4.4236,2.343,15.5694,0.391056
6373,0.9625,7.8816,4.3753,2.3136,15.5331,0.436817
6374,0.9688,7.8335,4.3733,2.3182,15.4938,0.449316
6375,0.9679,7.8814,4.4143,2.3205,15.5841,0.500911
6376,0.984,7.8836,4.4653,2.3035,15.6364,0.445624
6377,0.965,7.8347,4.5293,2.3018,15.6309,0.37713
6378,0.9476,7.826,4.4745,2.3084,15.5565,0.345756
6379,0.9811,7.7425,4.3819,2.3231,15.4286,0.426244
6380,0.9404,7.7652,4.4784,2.3329,15.5169,0.504182
6381,0.9059,7.888,4.3905,2.3521,15.5364,0.596396
6382,0.917,7.8035,4.3735,2.3401,15.4341,0.392498
6383,0.9912,7.8945,4.4053,2.311,15.602,0.425148
6384,1.0027,7.8233,4.4795,2.3298,15.6353,0.316647
6385,0.9691,7.8319,4.3908,2.3298,15.5216,0.263284
6386,0.9836,7.8504,4.4104,2.3227,15.567,0.262563
6387,0.9575,8.1638,4.409,2.3128,15.8431,0.278972
6388,0.9724,7.8516,4.388,2.3413,15.5533,0.261272
6389,0.9246,7.9013,4.4013,2.3319,15.5592,0.2237
6390,0.9308,7.885,4.366,2.3365,15.5181,0.228542
6391,0.9522,7.823,4.4055,2.3333,15.5141,0.260219
6392,0.9576,7.7798,4.5105,2.3417,15.5895,0.165521
6393,0.9063,7.8375,4.5613,2.3657,15.6708,0.136995
6394,0.9741,7.7785,4.434,2.3143,15.501,0.15842
6395,0.9878,7.8131,4.4848,2.3058,15.5916,0.14492
6396,0.9829,7.7602,4.4346,2.3143,15.4921,0.126439
6397,0.954,7.8358,4.4163,2.3213,15.5274,0.130864
6398,0.9417,7.8026,4.4324,2.3328,15.5096,0.16695
6399,0.9628,7.8516,4.4307,2.3368,15.582,0.191772
6400,0.9705,7.8169,4.4158,2.3393,15.5424,0.191194
6401,0.9219,7.83,4.4064,2.3452,15.5035,0.554933
6402,0.9366,7.8057,4.3979,2.3433,15.4835,0.590698
6403,0.9594,7.8989,4.4519,2.3584,15.6686,0.477917
6404,0.9642,7.8419,4.3974,2.3161,15.5197,0.43336
6405,0.9459,7.8483,4.3947,2.3024,15.4913,0.351124
6406,0.9675,7.8298,4.4421,2.3107,15.5502,0.336094
6407,0.9707,7.879,4.4134,2.3106,15.5737,0.413637
6408,0.9636,7.7637,4.3808,2.3322,15.4403,0.416988
6409,0.9296,7.8249,4.4005,2.3365,15.4915,0.305005
6410,0.9462,7.7243,4.4207,2.328,15.4191,0.323316
6411,0.9738,7.8848,4.4461,2.3405,15.6451,0.273458
6412,0.9651,7.7688,4.5296,2.3579,15.6215,0.283898
6413,0.9122,7.8307,4.5015,2.334,15.5783,0.453076
6414,0.9651,8.0837,4.4242,2.2927,15.7657,0.458303
6415,0.9835,7.98,4.3897,2.3112,15.6644,0.388983
6416,0.9722,7.8903,4.4604,2.2925,15.6153,0.348889
6417,1.0046,7.9418,4.4752,2.3053,15.7269,0.352588
6418,0.9885,7.8215,4.3965,2.3133,15.5197,0.257092
6419,0.9053,7.8546,4.3952,2.3352,15.4902,0.437492
6420,0.9461,7.8638,4.4143,2.3318,15.556,0.405871
6421,0.9004,7.8368,4.484,2.3137,15.5349,0.870006
6422,0.9196,7.9153,4.4296,2.3267,15.5913,0.817569
6423,0.9113,7.8657,4.3932,2.3506,15.5208,0.998148
6424,0.9323,7.8074,4.3445,2.3415,15.4256,0.999998
6425,0.9275,7.8165,4.4077,2.3628,15.5144,0.999997
6426,0.9543,8.0003,4.3785,2.2996,15.6327,0.999999
6427,0.9949,7.8627,4.3894,2.3195,15.5666,0.999999
6428,0.9993,7.827,4.4146,2.3162,15.557,0.999975
6429,0.9092,7.9255,4.3845,2.3334,15.5526,0.999839
6430,0.9423,7.8029,4.4515,2.3199,15.5166,0.999619
6431,0.9566,7.8549,4.348,2.332,15.4914,0.994511
6432,0.9603,7.7865,4.4599,2.3424,15.5491,0.941269
6433,0.9218,7.9136,4.4221,2.3444,15.6019,0.771269
6434,0.9655,7.8395,4.4071,2.334,15.5462,0.51297
6435,0.9355,7.8654,4.4336,2.3083,15.5428,0.488165
6436,0.9834,7.7821,4.4343,2.3023,15.5021,0.490841
6437,0.9475,7.8987,4.3917,2.3069,15.5449,0.487196
6438,0.9656,7.817,4.4674,2.3013,15.5513,0.428879
6439,0.954,7.8948,4.3585,2.3547,15.562,0.477785
6440,0.9733,8.0903,4.4542,2.3157,15.8335,0.431344
6441,0.8907,7.8523,4.4246,2.3197,15.4873,0.408937
6442,0.9708,7.9834,4.3982,2.3364,15.6888,0.43778
6443,0.9492,7.9062,4.3965,2.329,15.5809,0.478126
6444,0.9328,7.9011,4.4334,2.3615,15.6288,0.52121
6445,0.9233,7.8402,4.399,2.3526,15.5151,0.614918
6446,0.9747,7.7663,4.3666,2.3069,15.4146,0.519753
6447,0.9783,7.7823,4.4782,2.3124,15.5513,0.466597
6448,0.9683,7.8001,4.4285,2.3238,15.5208,0.48274
6449,0.8927,7.8741,4.4349,2.2977,15.4994,0.631144
6450,0.9642,7.9084,4.3683,2.32,15.5608,0.475746
6451,0.9274,7.865,4.4015,2.3235,15.5173,0.366133
6452,0.9459,7.7907,4.4087,2.3265,15.4718,0.346273
6453,0.8992,7.8377,4.421,2.345,15.5028,0.309756
6454,0.9721,7.9182,4.5062,2.3539,15.7505,0.279031
6455,0.9615,7.7942,4.437,2.5901,15.7829,0.298026
6456,1.0376,7.9796,4.4145,2.3354,15.7671,0.287491
6457,0.8993,7.9144,4.4459,2.2952,15.5548,0.285
6458,0.9995,7.703,4.4085,2.3139,15.4249,0.132198
6459,0.987,7.8075,4.4666,2.3068,15.5679,0.120257
6460,0.9297,7.818,4.4822,2.3299,15.5599,0.126554
6461,0.9208,7.9362,4.5112,2.3259,15.6942,0.074476
6462,0.9369,7.8248,4.3996,2.3341,15.4954,0.118707
6463,0.9555,7.8127,4.4642,2.3229,15.5552,0.101461
6464,0.9672,7.7664,4.4664,2.3232,15.5232,0.074677
6465,0.922,7.8713,4.4277,2.3278,15.5489,0.085371
6466,0.9322,7.7972,4.3982,2.3371,15.4647,0.108476
6467,0.959,8.1266,4.4134,2.3106,15.8096,0.11602
6468,0.9595,7.7819,4.4634,2.3188,15.5236,0.12841
6469,0.9385,7.8506,4.5104,2.3239,15.6234,0.1507
6470,1.013,7.7958,4.3846,2.2981,15.4915,0.173485
6471,0.962,7.8775,4.4046,2.3188,15.5628,0.20134
6472,0.9258,7.8866,4.3877,2.3183,15.5184,0.180544
6473,0.9001,7.8468,4.3992,2.3428,15.4888,0.150005
6474,0.9613,7.7984,4.392,2.3588,15.5105,0.158798
6475,0.969,7.8134,4.3586,2.3417,15.4827,0.118829
6476,0.9535,7.7489,4.4682,2.3502,15.5209,0.110736
6477,0.9077,7.8823,4.4143,2.3085,15.5128,0.08295
6478,0.9728,7.9233,4.525,2.3074,15.7284,0.091114
6479,0.9935,7.764,4.4808,2.3219,15.5602,0.104935
6480,0.9917,7.8514,4.4551,2.3145,15.6127,0.072435
6481,0.9102,7.8732,4.411,2.3152,15.5096,0.091253
6482,0.9466,7.8943,4.4347,2.3398,15.6154,0.114763
6483,0.9462,7.7397,4.414,2.3326,15.4324,0.147417
6484,0.9639,7.8175,4.5149,2.3326,15.6289,0.07736
6485,0.91,7.9232,4.4008,2.497,15.7311,0.062153
6486,0.978,7.849,4.3936,2.3531,15.5737,0.074872
6487,0.9377,7.8657,4.4068,2.3617,15.5719,0.098371
6488,0.9569,7.8033,4.4814,2.308,15.5496,0.197197
6489,0.9595,7.8976,4.5174,2.3122,15.6866,0.097452
6490,0.9977,7.8531,4.4197,2.3039,15.5744,0.087638
6491,0.9571,7.9228,4.3656,2.2989,15.5445,0.072882
6492,0.9663,7.8011,4.4159,2.311,15.4942,0.086605
6493,0.9204,8.2298,4.4217,2.2976,15.8695,0.066522
6494,0.9556,7.9025,4.3887,2.3246,15.5715,0.155396
6495,0.9385,7.7905,4.4391,2.3388,15.5069,0.099725
6496,0.9559,7.8297,4.4439,2.3391,15.5686,0.134777
6497,0.9167,7.8597,4.4462,2.3431,15.5657,0.116482
6498,0.9689,7.8555,4.4009,2.3866,15.6118,0.108977
6499,0.9765,7.7828,4.4417,3.4291,16.63,0.108538
6500,0.9538,7.7929,4.3864,2.346,15.4791,0.101243
6501,0.9385,7.92,4.5239,2.3653,15.7476,0.088659
6502,0.9575,7.9495,4.4099,2.3429,15.6598,0.063309
6503,0.9579,7.8125,4.413,2.3093,15.4927,0.063189
6504,0.9864,7.7772,4.565,2.2963,15.6249,0.072315
6505,0.9518,7.8895,4.4792,2.3207,15.6412,0.0787
6506,0.9965,7.847,4.3683,2.2997,15.5116,0.142873
6507,0.9638,7.8596,4.404,2.3255,15.553,0.089768
6508,0.9434,7.8056,4.3749,2.3347,15.4586,0.125511
6509,0.9092,7.859,4.4227,2.3473,15.5381,0.150216
6510,0.9605,7.7873,4.4688,2.3272,15.5439,0.098233
6511,0.9775,7.852,4.3443,2.353,15.5268,0.081454
6512,0.9506,7.7552,4.3469,2.3219,15.3745,0.080628
6513,0.8974,7.8733,4.4284,2.2964,15.4955,0.054465
6514,0.9744,7.8588,4.4115,2.3113,15.556,0.061567
6515,0.9889,7.7589,4.3827,2.3204,15.451,0.062111
6516,0.9308,7.7793,4.3883,2.3231,15.4216,0.062285
6517,0.9015,7.8121,4.3794,2.329,15.422,0.06632
6518,0.965,7.8491,4.4518,2.3195,15.5854,0.115886
6519,0.9521,7.8185,4.4089,2.3416,15.5211,0.383956
6520,0.954,8.0975,4.3808,2.3555,15.7878,0.418665
6521,0.9149,7.7931,4.4112,2.3504,15.4695,0.420554
6522,0.9609,7.7658,4.5045,2.3026,15.5339,0.411058
6523,0.9964,7.8003,4.4428,2.3073,15.5467,0.326903
6524,0.9752,7.8555,4.5342,2.3079,15.6728,0.109803
6525,0.956,7.836,4.461,2.3127,15.5657,0.105335
6526,0.925,7.8205,4.4114,2.3185,15.4754,0.387204
6527,0.9735,7.8094,4.3653,2.3271,15.4753,0.391236
6528,0.9489,7.7679,4.3947,2.3204,15.4319,0.324165
6529,0.9237,7.8381,4.3793,2.3303,15.4714,0.191664
6530,0.966,7.8072,4.4133,2.3417,15.5282,0.229254
6531,0.9542,7.8952,4.3997,2.3482,15.5972,0.27138
6532,0.9601,7.7527,4.4392,2.3036,15.4555,0.228625
6533,0.9442,7.8539,4.3977,2.327,15.5228,0.2947
6534,0.9632,7.765,4.4721,2.2986,15.4988,0.249967
6535,0.9579,7.8353,4.3569,2.3332,15.4833,0.198273
6536,0.9664,7.8307,4.4095,2.3269,15.5335,0.23108
6537,0.9145,7.8757,4.4218,2.3282,15.5403,0.165209
6538,0.953,7.778,4.4777,2.3387,15.5473,0.106782
6539,0.9707,7.7927,4.4037,2.3598,15.5269,0.160126
6540,0.9617,7.7862,4.4799,2.342,15.5699,0.160147
6541,0.9219,7.7959,4.4108,2.3058,15.4344,0.123688
6542,1.0236,7.9009,4.432,2.3006,15.6571,0.213315
6543,1.0086,7.8436,4.3786,2.3062,15.537,0.205958
6544,0.978,7.8193,4.3811,2.3142,15.4925,0.126375
6545,0.9276,7.8623,4.3813,2.3203,15.4915,0.087564
6546,0.9302,8.0855,4.4727,2.3375,15.826,0.069165
6547,0.9601,7.7426,4.4062,2.3275,15.4365,0.072712
6548,0.958,7.8302,4.383,2.3282,15.4994,0.062973
6549,0.929,7.8063,4.4546,2.2979,15.4877,0.048798
6550,0.9625,7.842,4.488,2.3395,15.632,0.072089
6551,0.944,7.814,4.3787,2.3175,15.4542,0.055061
6552,0.9846,7.9065,4.4891,2.3169,15.6971,0.057477
6553,0.9318,8.3986,4.4175,2.307,16.0548,0.095333
6554,0.9837,7.7979,4.4189,2.3097,15.5101,0.187289
6555,1.0033,7.8551,4.3808,2.3175,15.5567,0.090085
6556,0.9254,7.7297,4.4071,2.3244,15.3866,0.123085
6557,0.9,7.848,4.3734,2.339,15.4604,0.112307
6558,0.9765,7.7955,4.4568,2.3368,15.5656,0.151704
6559,0.972,7.8185,4.3828,2.3475,15.5209,0.148177
6560,0.9624,7.7975,4.5116,2.3545,15.626,0.215957
6561,0.9141,7.8366,4.5185,2.3523,15.6215,0.233367
6562,0.9512,7.8602,4.4992,2.3447,15.6552,0.21347
6563,0.9606,7.8025,4.4378,2.3073,15.5082,0.121073
6564,1.0112,7.7927,4.3933,2.307,15.5042,0.235209
6565,0.9515,7.8326,4.414,2.3217,15.5198,0.183265
6566,0.934,7.8367,4.4608,2.3035,15.535,0.154854
6567,0.9608,7.8372,4.4552,2.3274,15.5806,0.178325
6568,0.9453,7.824,4.3855,2.3296,15.4844,0.191927
6569,0.8931,7.8653,4.3846,2.338,15.4811,0.182236
6570,0.9789,7.7714,4.4192,2.3377,15.5073,0.149025
6571,0.9482,7.8172,4.4461,2.3377,15.5491,0.132181
6572,0.926,7.7855,4.4567,2.2917,15.4599,0.134793
6573,0.9173,8.2132,4.4871,2.3206,15.9382,0.13974
6574,1.0044,7.8456,4.443,2.3105,15.6035,0.115157
6575,0.9761,7.7874,4.381,2.3106,15.4551,0.125489
6576,0.9408,7.7927,4.437,2.3085,15.479,0.129272
6577,0.9066,7.9345,4.3903,2.3356,15.567,0.068496
6578,0.9571,7.8477,4.422,2.3449,15.5717,0.078583
6579,0.9662,7.815,4.377,2.3409,15.4991,0.055391
6580,0.9588,7.8325,4.414,2.3611,15.5663,0.086959
6581,0.9074,7.8523,4.4173,2.3583,15.5353,0.066208
6582,0.9681,7.8174,4.4065,2.3402,15.5322,0.118812
6583,0.9722,7.8545,4.3715,2.3118,15.51,0.137553
6584,0.9804,8.2822,4.6698,2.2846,16.217,0.137984
6585,0.9374,7.9302,4.3985,2.3125,15.5786,0.124754
6586,1.0092,7.8952,4.4492,2.3123,15.6658,0.117198
6587,1.0016,7.8025,4.4653,2.3451,15.6145,0.063339
6588,0.96,7.7829,4.4923,2.3146,15.5498,0.090968
6589,0.8974,7.7888,4.4712,2.3296,15.487,0.083249
6590,0.957,7.8552,4.4021,2.3368,15.551,0.120211
6591,0.954,7.8875,4.4103,2.3328,15.5846,0.106689
6592,0.9437,7.9026,4.3956,2.3248,15.5667,0.160589
6593,0.89,7.8873,4.4242,2.3512,15.5527,0.164235
6594,0.962,7.8387,4.3987,2.3328,15.5321,0.999961
6595,0.9909,7.8277,4.3288,2.2969,15.4443,0.999995
6596,0.9916,7.9285,4.3981,2.3008,15.6191,0.999996
6597,0.9367,7.8311,4.482,2.3044,15.5542,0.999998
6598,0.9521,7.8758,4.4286,2.3104,15.5669,0.999983
6599,0.9869,8.2696,4.414,2.3164,15.9869,0.999915
6600,0.9285,7.7544,4.3867,2.3333,15.4028,0.999149
6601,0.8989,7.7992,4.4488,2.3375,15.4845,0.998609
6602,0.9651,7.8109,4.423,2.3431,15.5422,0.991895
6603,0.963,7.8139,4.4048,2.3384,15.5202,0.953413
6604,0.9708,7.8155,4.4889,2.3478,15.6231,0.934552
6605,0.9259,7.9219,4.4415,2.3494,15.6387,0.921621
6606,0.9609,7.7881,4.5459,2.3149,15.6097,0.886866
6607,0.9849,7.8008,4.409,2.305,15.4996,0.81811
6608,0.9865,7.7816,4.5077,2.3003,15.5761,0.822198
6609,0.9118,7.9338,4.4389,2.3064,15.5908,0.857812
6610,0.9422,7.8212,4.4513,2.313,15.5278,0.847288
6611,0.9694,7.8345,4.4314,2.3143,15.5495,0.802451
6612,0.9536,7.8575,4.4414,2.3454,15.5979,0.818189
6613,0.9346,7.8298,4.4572,2.4903,15.7118,0.775192
6614,0.9768,7.7712,4.3986,2.3397,15.4862,0.757201
6615,0.9876,7.9115,4.4692,2.3563,15.7247,0.688956
6616,0.953,7.8303,4.39,2.3388,15.5121,0.7453
6617,0.9317,7.8365,4.3921,2.3144,15.4747,0.704967
6618,0.9966,7.8561,4.3852,2.3124,15.5503,0.705213
6619,0.9894,7.7257,4.3953,2.3178,15.4283,0.668432
6620,0.9541,7.8225,4.3819,2.3329,15.4913,0.682358
6621,0.9092,7.8162,4.3846,2.3261,15.4361,0.66639
6622,0.9638,7.7736,4.3802,2.3248,15.4424,0.666707
6623,0.9841,7.839,4.3762,2.3603,15.5596,0.440445
6624,0.9588,7.8746,4.3954,2.336,15.5648,0.599846
6625,0.9098,7.9081,4.4904,2.3544,15.6626,0.430497
6626,0.9741,8.1644,4.4279,2.3446,15.911,0.469658
6627,0.9658,7.8465,4.4938,2.3175,15.6237,0.402995
6628,0.9886,7.7802,4.404,2.3234,15.4962,0.314731
6629,0.9972,7.7817,4.3865,2.3003,15.4657,0.318225
6630,0.9141,7.7859,4.4647,2.3187,15.4834,0.410655
6631,0.8759,7.8317,4.4076,2.3348,15.45,0.349752
6632,0.9459,7.8585,4.4403,2.3273,15.5721,0.347498
6633,0.9462,7.8208,4.4615,2.3298,15.5583,0.365648
6634,0.9672,7.7914,4.436,2.3295,15.5242,0.345367
6635,0.9274,7.8279,4.453,2.3502,15.5584,0.114797
6636,0.9307,7.867,4.3966,2.3074,15.5018,0.189811
6637,0.973,7.96,4.491,2.3508,15.7748,0.158578
6638,0.9881,7.8586,4.3859,2.3096,15.5422,0.209443
6639,0.9434,7.8077,4.4567,2.3126,15.5204,0.184476
6640,0.964,7.9449,4.3906,2.2981,15.5975,0.244272
6641,0.9763,7.8635,4.3659,2.329,15.5347,0.389664
6642,0.9613,7.7991,4.4116,2.3269,15.4989,0.391521
6643,0.915,7.8315,4.4653,2.3272,15.539,0.380331
6644,0.9567,7.8573,4.4268,2.352,15.5928,0.402846
6645,0.9683,7.8433,4.4602,2.3405,15.6123,0.317744
6646,0.9571,7.7754,4.4025,2.3462,15.4813,0.28294
6647,0.922,7.8296,4.4717,2.3019,15.5252,0.270289
6648,1.0003,7.7117,4.4357,2.3155,15.4631,0.256564
6649,1.0097,7.7723,4.387,2.309,15.4781,0.244059
6650,0.9689,7.8492,4.4081,2.3113,15.5376,0.267541
6651,0.9084,7.8642,4.3897,2.3358,15.498,0.22264
6652,0.9674,8.0512,4.3997,2.3314,15.7496,0.232744
6653,0.9673,7.7703,4.3925,2.3288,15.4589,0.260413
6654,0.9618,7.7401,4.4767,2.3491,15.5277,0.273998
6655,0.9153,7.9659,4.4145,2.3409,15.6365,0.185154
6656,0.9569,7.8519,4.3961,2.3506,15.5554,0.139358
6657,0.9749,7.8709,4.4058,2.3027,15.5543,0.218138
6658,0.999,7.7562,4.3968,2.3173,15.4694,0.146198
6659,0.9742,7.924,4.3792,2.3195,15.5969,0.089773
6660,0.9525,7.8495,4.4394,2.3263,15.5676,0.09372
6661,0.951,7.8331,4.3779,2.3261,15.4881,0.139695
6662,0.9681,7.7953,4.4097,2.3316,15.5047,0.101407
6663,0.9137,7.8557,4.3865,2.3429,15.4987,0.084949
6664,0.9573,7.8376,4.3678,2.3416,15.5043,0.124924
6665,0.9664,7.7954,4.3641,2.3431,15.469,0.141302
6666,0.9714,7.8827,4.3705,2.3085,15.5331,0.14142
6667,0.9395,7.9694,4.3698,2.2973,15.5759,0.143712
6668,0.9926,7.8307,4.4057,2.3227,15.5518,0.151817
6669,1.0091,7.8488,4.4288,2.3194,15.606,0.225162
6670,0.9616,7.7842,4.4876,2.3285,15.5619,0.194126
6671,0.8952,7.831,4.5385,2.3395,15.6041,0.133685
6672,0.9591,7.8264,4.441,2.3297,15.5562,0.211467
6673,0.977,7.9017,4.3971,2.3356,15.6113,0.195667
6674,0.9588,7.7056,4.4077,2.3478,15.4199,0.187597
6675,0.9261,7.8027,4.4156,2.33,15.4743,0.121818
6676,0.9358,7.7147,4.3911,2.2935,15.3351,0.165784
6677,0.9878,7.771,4.4292,2.3519,15.5398,0.182069
6678,1.0114,8.1266,4.4794,2.3334,15.9508,0.144312
6679,0.9272,7.8151,4.4623,2.331,15.5357,0.245953
6680,0.9586,7.8325,4.4131,2.3054,15.5096,0.154891
6681,0.933,7.8348,4.3873,2.3235,15.4786,0.062309
6682,0.9689,7.7484,4.4469,2.3287,15.4929,0.061142
6683,0.892,7.8482,4.4327,2.329,15.5019,0.039136
6684,0.9499,7.8432,4.4488,2.3455,15.5873,0.052878
6685,0.9399,7.802,4.44,2.3421,15.5239,0.057554
6686,0.962,7.79,4.5246,2.3326,15.6093,0.052179
6687,0.8998,7.8092,4.4597,2.2983,15.4669,0.036189
6688,0.9892,7.7706,4.418,2.2989,15.4768,0.051181
6689,1.001,7.8165,4.4797,2.3003,15.5975,0.044369
6690,0.9638,7.8201,4.4512,2.3177,15.5527,0.064991
6691,0.8953,7.8895,4.4483,2.3237,15.5568,0.070294
6692,0.9603,7.814,4.3555,2.3413,15.4711,0.068531
6693,0.9606,7.8076,4.3586,2.3279,15.4547,0.0805
6694,0.9773,7.7405,4.4759,2.3492,15.5429,0.075451
6695,0.9022,7.8592,4.3836,2.3428,15.4878,0.083623
6696,0.9336,7.7606,4.5056,2.3118,15.5116,0.078217
6697,0.9771,7.9173,4.4278,2.3142,15.6364,0.081635
6698,0.9866,7.7546,4.5356,2.2915,15.5683,0.051102
6699,0.9188,7.8832,4.444,2.3004,15.5463,0.056627
6700,0.9521,7.9225,4.4657,2.3153,15.6556,0.095508
6701,0.9665,7.8036,4.4106,2.3376,15.5183,0.090118
6702,0.9479,7.802,4.5231,2.3301,15.6031,0.098373
6703,0.9276,7.7508,4.4711,2.3365,15.4859,0.087054
6704,0.9424,7.8022,4.5105,2.3551,15.6101,0.085694
6705,0.9457,8.146,4.4736,2.3515,15.9167,0.077679
6706,0.9455,7.7657,4.4167,2.3479,15.4757,0.371327
6707,0.8853,7.8153,4.4007,2.2922,15.3935,0.392075
6708,0.9774,7.9273,4.4299,2.308,15.6426,0.352121
6709,1.0034,7.912,4.417,2.3063,15.6388,0.29338
6710,0.9919,7.7603,4.54,2.2949,15.5872,0.314733
6711,0.8895,7.7641,4.4112,2.3257,15.3906,0.190264
6712,0.9762,7.7566,4.4511,2.562,15.7458,0.180891
6713,1.018,8.1502,4.4471,2.3231,15.9383,0.183612
6714,0.9693,7.9364,4.4498,2.339,15.6944,0.12469
6715,0.8946,7.8589,4.5065,2.3328,15.5927,0.159611
6716,0.9576,7.8223,4.4591,2.3243,15.5633,0.117319
6717,0.9633,7.8872,4.4494,2.3569,15.6569,0.131687
6718,0.9577,7.7846,4.512,2.3471,15.6014,0.168831
6719,0.913,7.7409,4.4555,2.3004,15.4097,0.102685
6720,0.9842,7.9216,4.5283,2.2987,15.7328,0.119323
6721,1.0061,7.824,4.5177,2.3186,15.6663,0.124707
6722,1.0147,7.7523,4.5087,2.3053,15.581,0.092464
6723,0.9233,7.8828,4.4444,2.2971,15.5475,0.11788
6724,0.9744,7.867,4.463,2.3406,15.6449,0.180095
6725,0.9536,7.847,4.4283,2.321,15.5498,0.148834
6726,0.9592,8.0857,4.4631,2.324,15.8321,0.148478
6727,0.9195,7.8815,4.4404,2.3456,15.587,0.193743
6728,0.9332,7.8472,4.4332,2.3314,15.5449,0.163147
6729,0.9706,7.8996,4.4646,2.3584,15.6933,0.17
6730,0.9744,7.7882,4.5074,2.3667,15.6367,0.184919
6731,0.9235,8.2325,4.4664,2.341,15.9634,0.165853
6732,0.9689,7.8984,4.4568,2.3262,15.6503,0.19321
6733,0.9678,7.822,4.432,2.3033,15.5251,0.19701
6734,0.9824,7.8736,4.4642,2.3023,15.6224,0.191241
6735,0.9409,7.8672,4.5052,2.3081,15.6215,0.2183
6736,1.0262,7.8998,4.4725,2.2976,15.6962,0.26132
6737,0.9716,7.8592,4.3729,2.3007,15.5044,0.990891
6738,0.9759,7.8154,4.4355,2.3339,15.5607,0.999999
6739,0.8933,7.7925,4.3885,2.3329,15.4071,0.999999
6740,0.9707,7.8007,4.3595,2.3215,15.4524,0.999999
6741,0.9758,7.7972,4.4195,2.3132,15.5058,0.999997
6742,0.9725,7.7874,4.4258,2.3391,15.5248,0.999847
6743,0.8981,7.8581,4.4708,2.314,15.541,0.999817
6744,0.9862,7.8282,4.4454,2.2983,15.558,0.99703
6745,1.0144,7.9071,4.4688,2.3098,15.7,0.96393
6746,1.0081,7.7862,4.3833,2.3039,15.4814,0.912006
6747,0.8989,7.7984,4.5056,2.3202,15.523,0.688715
6748,0.9659,7.8339,4.4039,2.3229,15.5266,0.758296
6749,0.9766,7.8242,4.3732,2.3391,15.5131,0.608242
6750,0.975,7.8481,4.3975,2.3502,15.5708,0.518057
6751,0.9029,7.8005,4.473,2.3443,15.5208,0.612651
6752,0.9654,7.8159,4.4129,2.3426,15.5367,0.376647
6753,0.9725,7.8372,4.3962,2.3099,15.5157,0.208504
6754,1.0008,7.7918,4.3859,2.3174,15.496,0.24658
6755,0.9193,7.8813,4.3933,2.3179,15.5118,0.207068
6756,0.9631,7.8365,4.3995,2.3063,15.5055,0.184083
6757,0.957,7.9178,4.3681,2.3267,15.5696,0.244742
6758,0.9637,8.0837,4.4565,2.36,15.8639,0.438662
6759,0.9072,7.8708,4.4383,2.3393,15.5556,0.13733
6760,0.9687,7.8181,4.4544,2.3457,15.5868,0.10998
6761,0.979,7.8588,4.4353,2.3559,15.629,0.121608
6762,0.9669,7.8197,4.4182,2.3499,15.5547,0.087109
6763,0.9146,7.8367,4.5177,2.3365,15.6055,0.092086
6764,0.9648,7.7824,4.4512,2.3169,15.5153,0.086899
6765,0.984,7.8347,4.4614,2.3154,15.5955,0.094655
6766,0.9799,7.83,4.4481,2.3125,15.5704,0.107365
6767,0.8913,7.9755,4.491,2.3028,15.6606,0.109095
6768,0.966,7.824,4.4011,2.3256,15.5168,0.118969
6769,0.9685,7.8326,4.4299,2.3476,15.5785,0.107616
6770,0.9737,7.7663,4.4082,2.3231,15.4713,0.139307
6771,0.8979,7.8074,4.4417,2.3413,15.4883,0.101389
6772,0.9536,7.8396,4.4276,2.3401,15.5609,0.099774
6773,0.9485,7.8622,4.432,2.3487,15.5914,0.098417
6774,0.9607,7.7308,4.4445,2.3135,15.4495,0.133745
6775,0.9221,7.8659,4.5264,2.3183,15.6326,0.079641
6776,1.004,7.7951,4.4335,2.2945,15.5271,0.11644
6777,1.0049,7.7911,4.4505,2.2933,15.5398,0.121606
6778,0.9699,7.7959,4.4326,2.3281,15.5265,0.141101
6779,0.8979,7.8809,4.5029,2.3326,15.6142,0.138626
6780,0.9636,7.7557,4.427,2.3356,15.4819,0.121283
6781,0.9748,7.8152,4.4399,2.3264,15.5564,0.173336
6782,0.9496,7.8457,4.4545,2.3506,15.6003,0.165214
6783,0.8957,7.7922,4.4247,2.3443,15.457,0.110921
6784,0.9616,8.2097,4.521,2.3347,16.0271,0.180509
6785,0.9483,7.7693,4.4245,2.3132,15.4552,0.196476
6786,0.9687,7.7449,4.456,2.3015,15.4711,0.236866
6787,0.9561,8.4385,4.5354,2.3257,16.2558,0.20037
6788,0.9889,7.7869,4.4584,2.3174,15.5515,0.201184
6789,1.0042,7.8368,4.5086,2.2966,15.6462,0.158973
6790,0.9445,7.8478,4.4518,2.3118,15.5559,0.183834
6791,0.9116,7.8653,4.4988,2.3322,15.608,0.203777
6792,0.967,7.8013,4.3887,2.3294,15.4864,0.260464
6793,0.9684,7.8384,4.4068,2.3349,15.5485,0.253085
6794,0.9586,7.755,4.4595,2.3374,15.5106,0.207828
6795,0.8972,7.8588,4.4912,2.365,15.6122,0.217141
6796,0.9592,7.8715,4.4053,2.3383,15.5744,0.250857
6797,0.9704,7.8387,4.3957,2.2978,15.5026,0.20885
6798,1.0237,7.8058,4.4476,2.3069,15.5841,0.180645
6799,0.919,7.9001,4.434,2.3114,15.5645,0.142985
6800,0.9875,7.8603,4.5136,2.3142,15.6757,0.178262
6801,0.9357,7.7959,4.4046,2.3146,15.4507,0.208401
6802,0.9246,7.7951,4.3617,2.318,15.3995,0.247549
6803,0.9287,7.9155,4.4777,2.3362,15.658,0.304538
6804,0.9422,7.8312,4.3952,2.3333,15.5019,0.299385
6805,0.9404,7.8083,4.4157,2.3103,15.4747,0.349039
6806,0.9494,7.7294,4.4123,2.3082,15.3994,0.335985
6807,0.9225,7.952,4.4143,2.307,15.5958,0.324296
6808,0.9678,7.7804,4.4099,2.3128,15.4709,0.555371
6809,0.9969,7.7915,4.4627,2.3017,15.5528,0.311017
6810,0.9683,7.7863,4.4758,2.312,15.5424,0.396681
6811,0.9144,8.2552,4.4184,2.3306,15.9186,0.383651
6812,0.9413,7.9102,4.4468,2.3336,15.6319,0.403506
6813,0.9453,7.8117,4.4218,2.3201,15.4989,0.213955
6814,0.943,7.7638,4.4615,2.3291,15.4974,0.223688
6815,0.9245,7.8379,4.4491,2.3386,15.55,0.26431
6816,0.938,7.7979,4.4068,2.3188,15.4615,0.207693
6817,0.9422,7.8251,4.4472,2.2974,15.5119,0.206882
6818,0.959,7.7434,4.4623,2.3084,15.4731,0.17702
6819,0.9414,7.8821,4.5084,2.2983,15.6301,0.145265
6820,0.9642,7.7512,4.4195,2.2966,15.4315,0.144897
6821,0.9246,7.8514,4.4616,2.3442,15.5817,0.250292
6822,0.9289,7.7925,4.416,2.3355,15.4729,0.221831
6823,0.9065,7.8036,4.4365,2.3211,15.4677,0.129512
6824,0.9484,7.7891,4.4283,2.337,15.5028,0.200989
6825,0.945,7.7925,4.4346,2.3365,15.5086,0.162459
6826,0.945,7.8125,4.4567,2.3017,15.5159,0.175831
6827,0.9502,7.9595,4.4642,2.2943,15.6681,0.152634
6828,0.9799,7.8219,4.446,2.3491,15.597,0.15133
6829,0.9744,7.8282,4.4944,2.299,15.5961,0.189262
6830,0.9364,7.8171,4.4359,2.303,15.4924,0.299939
6831,0.918,7.8818,4.4157,2.3356,15.551,0.22403
6832,0.9407,7.7659,4.4439,2.3294,15.4799,0.456844
6833,0.9341,7.7674,4.4117,2.3425,15.4556,0.421211
6834,0.9392,7.7757,4.4318,2.3565,15.5032,0.424386
6835,0.9134,7.7932,4.4129,2.3443,15.4637,0.355398
6836,0.9784,7.8313,4.4029,2.3009,15.5135,0.210327
6837,0.9897,8.1636,4.4261,2.3106,15.89,0.286224
6838,0.9887,7.788,4.4145,2.3019,15.4931,0.204354
6839,0.9518,7.8873,4.4267,2.3111,15.5769,0.585188
6840,0.9742,7.868,4.4505,2.2946,15.5872,0.469699
6841,0.9623,8.4081,4.6933,2.2955,16.3594,0.999985
6842,0.9469,7.9249,4.4299,2.3016,15.6033,0.999998
6843,0.8952,7.9476,4.3978,2.327,15.5676,0.999999
6844,0.9354,7.846,4.4601,2.3304,15.5719,0.999997
6845,0.9348,7.8361,4.4418,2.3435,15.5563,0.999997
6846,0.9493,7.7445,4.4196,2.341,15.4544,0.999932
6847,0.8911,7.8675,4.494,2.3711,15.6237,0.999799
6848,0.9368,7.8276,4.5405,2.3567,15.6616,0.996153
6849,0.9336,7.8103,4.456,2.3094,15.5093,0.951306
6850,0.965,7.7647,4.4563,2.3009,15.4869,0.837918
6851,0.9288,7.7907,4.4226,2.3083,15.4503,0.890172
6852,0.9403,7.8318,4.4392,2.3227,15.534,0.720504
6853,0.9426,7.8282,4.4109,2.3237,15.5055,0.6984
6854,0.9424,7.7382,4.4602,2.3429,15.4837,0.61413
6855,0.912,7.8537,4.4322,2.3298,15.5277,0.540041
6856,0.9433,7.7836,4.4541,2.3544,15.5354,0.4982
6857,0.9332,7.8477,4.5209,2.3457,15.6475,0.461206
6858,0.9372,7.8192,4.5065,2.3466,15.6095,0.47341
6859,0.9001,7.8324,4.4873,2.3057,15.5255,0.350751
6860,0.9586,7.7971,4.4654,2.301,15.5221,0.385007
6861,0.9873,7.8146,4.4319,2.304,15.5379,0.435078
6862,0.9503,7.8116,4.4173,2.2985,15.4777,0.459608
6863,0.894,7.8698,4.3996,2.337,15.5004,0.691131
6864,0.939,8.1852,4.4448,2.3323,15.9013,0.631735
6865,0.9379,7.7686,4.3951,2.3231,15.4247,0.658513
6866,0.9407,7.7992,4.4193,2.343,15.5022,0.694506
6867,0.8957,7.8538,4.4503,2.3531,15.5529,0.436107
6868,0.9317,7.8031,4.4232,2.3425,15.5006,0.696597
6869,0.9415,7.8956,4.4795,2.2597,15.5762,0.742325
6870,0.9874,7.8438,4.435,2.3061,15.5722,0.433777
6871,0.9394,7.8887,4.426,2.2994,15.5534,0.489297
6872,0.9627,7.7442,4.4627,2.3045,15.4741,0.542528
6873,0.9534,7.7983,4.4126,2.3401,15.5044,0.489134
6874,0.9575,7.8038,4.4436,2.3322,15.5371,0.642619
6875,0.8986,7.8276,4.4476,2.3405,15.5143,0.551435
6876,0.9588,7.8241,4.4023,2.335,15.5202,0.373927
6877,0.9325,7.8305,4.4362,2.3368,15.5361,0.3183
6878,0.9343,7.7815,4.4587,2.2974,15.472,0.317848
6879,0.9408,7.7406,4.4259,2.2941,15.4014,0.249858
6880,0.9578,7.8029,4.4016,2.2994,15.4617,0.239351
6881,0.8871,7.7967,4.4472,2.3004,15.4314,0.218334
6882,0.9451,7.7385,4.3978,2.3476,15.429,0.375474
6883,0.9509,7.8257,4.3975,2.3256,15.4997,0.389499
6884,0.9542,7.758,4.403,2.3366,15.4518,0.392857
6885,0.8885,7.8044,4.4255,2.3596,15.478,0.131956
6886,0.9543,7.8079,4.4899,3.3165,16.5685,0.175785
6887,0.9338,7.763,4.4279,2.3411,15.4658,0.824709
6888,0.975,7.7935,4.4613,2.3175,15.5472,0.353041
6889,0.9211,7.7684,4.5028,2.2952,15.4875,0.05851
6890,0.9847,8.1153,4.4107,2.3049,15.8155,0.042046
6891,0.9866,7.7439,4.4255,2.3024,15.4584,0.046
6892,1.0141,7.7312,4.4729,2.2849,15.5031,0.022916
6893,0.9223,7.8908,4.5296,2.319,15.6616,0.020724
6894,0.9884,7.7096,4.4018,2.3421,15.4419,0.128939
6895,0.9623,7.8065,4.4969,2.3188,15.5845,0.347374
6896,0.9509,7.786,4.4254,2.3316,15.4939,0.329952
6897,0.9119,7.7873,4.418,2.353,15.4702,0.418271
6898,0.9821,7.834,4.4729,2.3301,15.6191,0.393333
6899,0.9634,7.6895,4.4152,2.3041,15.3721,0.390542
6900,0.9805,7.7474,4.3805,2.3212,15.4297,0.363774
6901,0.9245,7.8217,4.3898,2.3182,15.4542,0.340896
6902,0.9905,7.7635,4.5312,2.2975,15.5828,0.109362
6903,0.9661,7.7669,4.4099,2.333,15.476,0.07684
6904,0.9858,7.7171,4.3846,2.331,15.4185,0.060271
6905,0.9132,7.8205,4.422,2.3387,15.4944,0.034294
6906,0.9566,7.709,4.3808,2.3331,15.3794,0.06835
6907,0.9667,7.773,4.4088,2.2941,15.4426,0.075254
6908,1.0053,7.727,4.4951,2.293,15.5204,0.3232
6909,0.9692,7.8258,4.5049,2.297,15.5968,0.429817
6910,0.9844,7.7704,4.4301,2.3165,15.5014,0.356029
6911,0.982,7.8043,4.3817,2.3111,15.479,0.392786
6912,0.9803,7.7003,4.4114,2.3183,15.4104,0.362143
6913,0.9112,7.7972,4.422,2.3181,15.4485,0.427716
6914,0.9642,7.7127,4.4287,2.3598,15.4654,0.453697
6915,0.9561,7.8013,4.5101,2.3386,15.6061,0.413393
6916,0.9537,7.7282,4.4284,2.2996,15.41,0.491397
6917,0.9373,8.2763,4.4645,2.301,15.979,0.041007
6918,1.0042,7.6967,4.4839,2.2985,15.4833,0.28382
6919,1.0685,7.8989,4.4957,2.2958,15.7588,0.643173
6920,1.006,7.735,4.3827,2.3114,15.4351,0.99998
6921,0.895,7.8313,4.5012,2.319,15.5466,1.0
6922,0.9807,7.7575,4.3826,2.3322,15.453,1.0
6923,0.9606,7.7567,4.3779,2.3346,15.4297,0.999999
6924,0.9524,7.7441,4.4002,2.3288,15.4255,0.999994
6925,0.9162,7.9105,4.4434,2.3356,15.6057,0.999989
6926,0.9599,7.7501,4.4831,2.3179,15.511,0.999992
6927,0.9671,7.7354,4.4325,2.2991,15.4342,0.998062
6928,1.0183,7.702,4.4827,2.32,15.5231,0.975822
6929,0.8913,8.3118,4.5257,2.3189,16.0477,0.926771
6930,1.0306,7.7138,4.4273,2.3008,15.4724,0.801405
6931,0.9559,7.7871,4.3932,2.3286,15.4648,0.593941
6932,0.9555,7.712,4.3851,2.3276,15.3802,0.57605
6933,0.8917,7.7765,4.4083,2.408,15.4846,0.577506
6934,1.0596,7.6679,4.4114,2.3465,15.4854,0.442095
6935,0.9653,7.8502,4.4499,2.3353,15.6007,0.060147
6936,0.9572,7.7309,4.5078,2.3122,15.5081,0.1515
6937,0.9268,7.8319,4.5147,2.3108,15.5843,0.142592
6938,1.0384,7.7674,4.4233,2.3096,15.5388,0.151733
6939,1.0067,7.764,4.4577,2.3045,15.5328,0.213887
6940,0.9582,7.7089,4.4198,2.33,15.4169,0.258324
6941,0.8896,7.8045,4.4025,2.3186,15.4151,0.244459
6942,0.9895,7.8361,4.3597,2.3318,15.5171,0.485025
6943,0.9603,8.1234,4.3908,2.314,15.7884,0.61813
6944,0.9811,7.7079,4.4619,2.3333,15.4842,0.624543
6945,0.9241,7.8012,4.3644,2.3298,15.4195,0.689145
6946,0.9895,7.7289,4.4315,2.3121,15.462,0.590453
6947,0.9523,7.82,4.475,2.3143,15.5614,0.653881
6948,1.0388,7.7348,4.4012,2.305,15.4798,0.650399
6949,0.9134,7.89,4.4504,2.2991,15.5529,0.677569
6950,0.985,7.7268,4.403,2.3344,15.4491,0.712067
6951,0.9604,7.8104,4.4265,2.3655,15.5628,0.847381
6952,0.9797,7.7231,4.5129,2.3431,15.5588,0.79144
6953,0.8981,7.781,4.4135,2.3534,15.4459,0.735936
6954,0.9925,7.7872,4.4391,2.3568,15.5756,0.812796
6955,0.9687,7.9299,4.4756,2.3048,15.679,0.746111
6956,1.0025,7.7421,4.5317,2.3106,15.587,0.750244
6957,0.9202,7.8401,4.4773,2.3171,15.5547,0.882352
6958,1.0085,7.7165,4.5039,2.301,15.5299,0.778961
6959,0.951,7.8143,4.3997,2.2849,15.4499,0.735262
6960,0.9593,7.7336,4.4064,2.3352,15.4345,0.677567
6961,0.9343,7.8141,4.4454,2.3259,15.5197,0.716765
6962,0.9561,7.6965,4.4076,2.3367,15.397,0.797294
6963,0.9643,7.9162,4.444,2.3335,15.6581,0.720961
6964,0.999,7.728,4.4504,2.3313,15.5087,0.678723
6965,0.9179,7.8106,4.4212,2.3076,15.4574,0.599594
6966,0.9672,7.7526,4.4148,2.3105,15.4451,0.715885
6967,1.0063,7.7483,4.5121,2.3124,15.5791,0.496348
6968,0.9505,7.7218,4.4081,2.319,15.3994,0.329865
6969,0.9082,7.7907,4.44,2.3333,15.4723,0.415554
6970,0.9891,8.5697,4.5095,2.3204,16.3888,0.361903
6971,0.9436,7.7916,4.4101,2.3416,15.4869,0.287925
6972,0.9628,7.7084,4.4127,2.3243,15.4081,0.558484
6973,0.9042,7.814,4.4316,2.3366,15.4864,0.41222
6974,0.9804,7.8258,4.4256,2.3541,15.586,0.561703
6975,0.9714,7.8407,4.5159,2.3227,15.6506,0.405314
6976,0.9657,7.7656,4.4917,2.3175,15.5405,0.423747
6977,0.9326,7.7656,4.4108,2.301,15.4101,0.323721
6978,1.0179,7.7306,4.518,2.3126,15.5791,0.383065
6979,0.9302,7.7534,4.4135,2.3178,15.4149,0.498783
6980,0.9834,7.7419,4.386,2.3214,15.4327,0.287955
6981,0.946,7.9179,4.4222,2.3163,15.6024,0.33554
6982,0.9768,7.7609,4.4179,2.3287,15.4843,0.527204
6983,0.9443,7.7435,4.3867,2.3396,15.4141,0.531613
6984,0.9926,7.7027,4.4932,2.3067,15.4952,0.560276
6985,0.9194,8.3281,4.4961,2.3333,16.0768,0.44901
6986,0.9892,7.8031,4.3796,2.3178,15.4897,0.474002
6987,0.9664,7.8509,4.523,2.2932,15.6335,0.455448
6988,1.0316,7.6677,4.3744,2.3185,15.3922,0.528515
6989,0.915,7.9036,4.4184,2.3012,15.5382,0.438945
6990,0.978,7.7487,4.3784,2.3398,15.4449,0.385881
6991,0.9706,7.8592,4.3959,2.333,15.5587,0.405768
6992,0.9642,7.7837,4.436,2.3398,15.5237,0.291167
6993,0.895,7.78,4.4195,2.3464,15.4409,0.459257
6994,0.9767,7.708,4.527,2.3131,15.5247,0.422232
6995,0.9497,7.776,4.3837,2.3013,15.4107,0.363242
6996,1.0215,8.0724,4.4482,2.311,15.8531,0.319909
6997,0.9419,7.7814,4.427,2.3052,15.4555,0.319841
6998,1.0256,8.3672,4.4192,2.3138,16.1258,0.278298
6999,0.9839,7.7794,4.4112,2.3034,15.478,0.264488
7000,0.9966,7.7864,4.4335,2.2999,15.5164,0.238594
7001,0.9477,7.8029,4.5105,2.3734,15.6345,0.23951
7002,0.9799,7.7998,4.3867,2.3356,15.5021,0.336619
7003,0.9387,7.8007,4.4517,2.3373,15.5283,0.268996
7004,0.977,7.699,4.4491,2.334,15.4592,0.275952
7005,0.925,7.797,4.5068,2.3757,15.6046,0.177464
7006,0.9865,7.7923,4.4269,2.3033,15.509,0.292743
7007,0.9317,7.8144,4.4347,2.3023,15.4831,0.315689
7008,1.0057,7.6857,4.475,2.3023,15.4686,0.340505
7009,0.9547,7.7995,4.5144,2.3029,15.5716,0.335624
7010,0.9875,7.7567,4.3526,2.3245,15.4214,0.096231
7011,0.9693,7.8012,4.4158,2.3164,15.5028,0.136903
7012,0.9558,7.7258,4.4182,2.3294,15.4291,0.1138
7013,0.897,7.8333,4.4287,2.3415,15.5004,0.004985
7014,0.9824,7.696,4.4904,2.3384,15.5071,0.002265
7015,0.9518,7.7501,4.4265,2.3142,15.4426,0.000789
7016,1.0066,7.6088,4.4616,2.3067,15.3836,0.000474
7017,0.961,7.8118,4.4047,2.3118,15.4893,0.000343
7018,0.9874,7.8283,4.4375,2.3139,15.5671,0.000462
7019,0.9555,7.793,4.4344,2.3413,15.5243,0.000207
7020,0.9651,7.6993,4.427,2.3463,15.4376,0.000334
7021,0.8965,7.7357,4.4492,2.341,15.4224,0.000212
7022,0.9788,8.0766,4.4028,2.3466,15.8048,0.000301
7023,0.9732,7.7882,4.432,2.36,15.5534,0.000292
7024,0.9521,7.7952,4.4765,2.3633,15.5871,0.000404
7025,0.8919,7.7684,4.5032,2.3114,15.4749,0.000363
7026,1.0199,7.6951,4.4247,2.309,15.4487,0.000486
7027,0.9892,7.7771,4.4247,2.3162,15.5072,0.000471
7028,0.9618,7.6912,4.4077,2.3265,15.3873,0.000582
7029,0.9216,7.8507,4.4085,2.3514,15.5321,0.000522
7030,0.9799,7.8289,4.4295,2.3333,15.5717,0.000705
7031,0.9779,7.7844,4.4434,2.3577,15.5634,0.000869
7032,0.9527,7.7531,4.4793,2.3473,15.5324,0.000928
7033,0.8954,7.7825,4.5028,2.337,15.5178,0.000741
7034,0.9862,7.7429,4.3959,2.3122,15.4373,0.000896
7035,0.9914,7.8322,4.4157,2.3147,15.5539,0.000751
7036,0.9982,7.7178,4.431,2.3281,15.4751,0.000925
7037,0.8949,7.8061,4.4114,2.3289,15.4413,0.000873
7038,0.9738,7.7769,4.418,2.3309,15.4996,0.000676
7039,0.9586,7.7858,4.4135,2.3341,15.492,0.000854
7040,0.9683,7.6658,4.4072,2.3314,15.3727,0.001006
7041,0.9062,7.7931,4.4045,2.3353,15.4391,0.001051
7042,0.9918,7.726,4.5008,2.2992,15.5179,0.00195
7043,1.0013,7.7785,4.4218,2.2939,15.4955,0.00222
7044,1.0138,7.704,4.4516,2.3165,15.4859,0.002271
7045,0.898,7.8377,4.5397,2.3081,15.5835,0.003136
7046,0.9597,7.7055,4.4863,2.3375,15.4889,0.00265
7047,0.9682,7.8229,4.4106,2.3274,15.5291,0.002187
7048,0.996,7.828,4.416,2.3226,15.5627,0.003265
7049,0.9273,8.1471,4.5727,2.3398,15.987,0.40887
7050,0.9777,7.782,4.3817,2.3418,15.4833,0.999999
7051,0.9715,7.77,4.4869,2.3456,15.5739,0.999999
7052,0.9846,7.6447,4.4497,2.3148,15.3937,0.999999
7053,0.9113,7.7715,4.4183,2.3037,15.4049,0.999998
7054,1.0238,7.7151,4.3627,2.3048,15.4064,0.999996
7055,0.9304,7.8183,4.5042,3.4924,16.7454,0.999999
7056,1.008,7.7535,4.4107,2.3115,15.4838,0.997468
7057,0.9605,7.836,4.5049,2.297,15.5986,0.886579
7058,0.9941,7.8378,4.4059,2.2973,15.535,0.402135
7059,0.97,7.8302,4.43,2.3361,15.5663,0.077387
7060,0.9866,7.7336,4.4036,2.3407,15.4644,0.011655
7061,0.9116,7.8138,4.4242,2.3288,15.4784,0.014394
7062,0.9676,7.9065,4.441,2.3374,15.6524,0.010233
7063,0.9403,7.808,4.5157,2.3375,15.6016,0.012246
7064,0.9816,7.7249,4.3957,2.3337,15.4359,0.010066
7065,0.9052,7.8022,4.4228,2.306,15.4361,0.007756
7066,1.0186,7.7968,4.4646,2.2953,15.5753,0.00793
7067,1.0019,7.7479,4.4149,2.3003,15.4651,0.023876
7068,0.9925,7.7658,4.4109,2.3555,15.5247,0.008372
7069,0.924,7.7588,4.3757,2.3297,15.3881,0.062896
7070,0.9613,7.7219,4.4988,2.3386,15.5206,0.041531
7071,0.966,7.7417,4.3849,2.337,15.4297,0.065051
7072,0.988,7.7129,4.4319,2.3549,15.4877,0.049389
7073,0.9234,7.7767,4.4385,2.3126,15.4513,0.037797
7074,0.9901,7.6827,4.4786,2.2964,15.4478,0.056682
7075,0.9949,8.0989,4.3717,2.3064,15.7719,0.135958
7076,1.0256,7.7454,4.405,2.3104,15.4864,0.111374
7077,0.9202,7.8754,4.3861,2.3246,15.5064,0.115406
7078,0.9618,7.7111,4.3955,2.325,15.3934,0.098457
7079,0.9816,7.778,4.3985,2.3349,15.493,0.108095
7080,0.988,7.6297,4.3995,2.3444,15.3616,0.119011
7081,0.8937,7.7809,4.3938,2.3418,15.4102,0.11325
7082,0.9939,7.656,4.4064,2.3141,15.3704,0.062677
7083,0.9891,7.7821,4.3954,2.3172,15.4838,0.075041
7084,0.9858,7.7302,4.3461,2.3141,15.3762,0.051018
7085,0.8984,7.7629,4.3836,2.3211,15.3661,0.041707
7086,0.9733,7.7435,4.3642,2.3357,15.4167,0.065724
7087,0.9704,7.7819,4.4162,2.3493,15.5178,0.077214
7088,0.9665,7.7656,4.3737,2.3532,15.459,0.074919
7089,0.8942,7.8612,4.3813,2.3026,15.4394,0.072125
7090,0.9872,7.734,4.3949,2.3063,15.4222,0.05626
7091,0.9952,7.7851,4.4744,2.3051,15.5597,0.047948
7092,0.9877,7.7305,4.3839,2.3092,15.4114,0.048709
7093,0.9026,7.8235,4.4029,2.335,15.464,0.065842
7094,1.0065,7.7255,4.4163,2.3299,15.4782,0.041094
7095,0.9654,7.7745,4.3906,2.3248,15.4554,0.058301
7096,0.9694,7.7922,4.3425,2.3376,15.4416,0.044239
7097,0.8954,7.7279,4.4551,2.3428,15.4211,0.056914
7098,0.9889,7.7686,4.3624,2.4535,15.5734,0.055639
7099,1.1832,8.1575,4.5401,2.2953,16.1761,0.072463
7100,0.9897,7.7709,4.4666,2.3011,15.5283,0.074294
7101,0.9374,7.7572,4.4822,2.3005,15.4773,0.063264
7102,1.0316,8.0285,4.4183,2.3051,15.7836,0.085176
7103,0.9761,7.7342,4.429,2.2943,15.4336,0.080846
7104,0.9646,7.8446,4.4383,2.33,15.5775,0.118174
7105,0.8946,7.8161,4.4639,2.361,15.5357,0.119589
7106,0.9837,7.7738,4.3736,2.3486,15.4797,0.086148
7107,0.98,7.764,4.4426,2.3312,15.5178,0.087392
7108,0.9646,7.7188,4.3965,2.3349,15.4148,0.107238
7109,0.8948,7.817,4.4404,2.2947,15.4468,0.080858
7110,1.0103,7.7916,6.5187,2.329,17.6498,0.07202
7111,0.936,7.7652,4.4367,2.338,15.476,0.095003
7112,0.9958,7.774,4.3943,2.3404,15.5045,0.081961
7113,0.9139,7.7905,4.4373,2.2845,15.4262,0.071376
7114,0.951,7.7473,4.4232,2.3117,15.4332,0.084128
7115,0.9836,7.7992,4.3866,2.3054,15.4748,0.06585
7116,1.0742,7.6997,4.3803,2.3033,15.4574,0.079955
7117,0.9342,7.7798,4.4844,2.3378,15.5362,0.075592
7118,0.9942,7.7687,4.3502,2.3217,15.4348,0.067894
7119,0.9529,7.7642,4.4417,2.325,15.4837,0.066085
7120,0.9522,7.743,4.379,2.3402,15.4144,0.221467
7121,0.8986,7.8159,4.3695,2.3405,15.4245,0.074344
7122,0.9922,7.7174,4.3835,2.3115,15.4046,0.037053
7123,0.9959,7.7754,4.4075,2.3018,15.4806,0.052596
7124,0.9926,7.7326,4.3619,2.3043,15.3914,0.044751
7125,0.8985,7.8847,4.3914,2.3435,15.5181,0.051706
7126,0.9825,7.8389,4.3885,2.335,15.5449,0.093611
7127,0.9665,7.88,4.3954,2.334,15.5759,0.117513
7128,0.9423,8.1012,4.4085,2.3288,15.7808,0.130676
7129,0.9168,7.8015,4.3809,2.3528,15.452,0.240449
7130,0.9206,7.868,4.4361,2.3549,15.5797,0.261843
7131,0.8929,7.7803,4.415,2.3086,15.3969,0.424837
7132,0.9438,7.8097,4.4041,2.3115,15.4692,0.878766
7133,0.962,7.8138,4.3788,2.3238,15.4784,0.822788
7134,0.9507,7.7315,4.4317,2.3128,15.4268,0.725644
7135,0.9371,7.8017,4.4726,2.3148,15.5261,0.462263
7136,0.9232,7.8437,4.4143,2.328,15.5092,0.829
7137,0.953,7.8403,4.4157,2.3434,15.5523,0.737858
7138,0.9621,7.745,4.4838,2.3498,15.5408,0.746804
7139,0.8883,7.8555,4.4658,2.3523,15.5618,0.752399
7140,0.9493,7.8457,4.4702,2.3067,15.5719,0.758353
7141,0.974,7.8305,4.4627,2.3115,15.5786,0.837726
7142,0.9704,7.8271,4.5011,2.3007,15.5993,0.775084
7143,0.9242,8.0047,4.4238,2.3044,15.6571,0.777204
7144,0.9558,7.8461,4.4272,2.3028,15.5318,0.752321
7145,0.9531,7.8678,4.3864,2.3368,15.544,0.620907
7146,0.9406,7.8141,4.4376,2.3195,15.5118,0.74676
7147,0.9018,7.8132,4.4316,2.3186,15.4652,0.609772
7148,0.9493,7.9434,4.3746,2.3727,15.64,0.27718
7149,0.9617,7.9281,4.3899,2.366,15.6458,0.425731
7150,0.9462,7.7478,4.4475,2.3529,15.4944,0.486825
7151,0.9028,7.9279,4.4571,2.3023,15.5901,0.61327
7152,0.9816,7.7681,4.5005,2.3264,15.5766,0.600896
7153,0.9917,7.8836,4.3937,2.3081,15.5772,0.551434
7154,0.987,7.7882,4.5107,2.3015,15.5874,0.628759
7155,0.913,8.1731,4.4459,2.3058,15.8379,0.630072
7156,0.9444,7.8233,4.4203,2.3425,15.5305,0.530379
7157,0.9569,7.8296,4.4143,2.3253,15.5261,0.515004
7158,0.9402,7.8043,4.4148,2.3245,15.4838,0.60823
7159,0.8989,7.8792,4.4527,2.3474,15.5783,0.808973
7160,0.9566,7.8881,4.4528,2.3434,15.6409,0.695277
7161,0.9676,7.766,4.4273,2.3443,15.5052,0.676402
7162,0.9283,7.7709,4.4593,2.3219,15.4804,0.660709
7163,0.9288,7.7964,4.4695,2.3135,15.5082,0.683331
7164,0.9924,7.8221,4.4634,2.3383,15.6162,0.57562
7165,0.9739,7.8356,4.3625,2.308,15.4799,0.671031
7166,0.964,7.7445,4.49,2.3261,15.5246,0.651107
7167,0.8933,7.7954,4.4472,2.3185,15.4544,0.381918
7168,0.9517,7.8281,4.4126,2.319,15.5114,0.369336
7169,0.9588,7.8325,4.4105,2.3465,15.5483,0.465666
7170,0.9733,7.7537,4.4199,2.3436,15.4904,0.521378
7171,0.9154,7.8921,4.4107,2.3089,15.5272,0.342506
7172,0.9572,7.6831,4.4435,2.3079,15.3918,0.280298
7173,0.9506,7.7808,4.4462,2.3232,15.5009,0.341035
7174,0.9638,7.8557,4.4279,2.3165,15.5639,0.571467
7175,0.9454,7.8156,4.3716,2.3184,15.4509,0.689056
7176,0.9169,7.7999,4.4748,2.3399,15.5315,0.707631
7177,0.9715,7.8177,4.4277,2.3236,15.5405,0.582973
7178,0.969,7.7845,4.4202,2.3345,15.5081,0.635554
7179,0.9237,7.7858,4.3477,2.3535,15.4108,0.593207
7180,0.9462,7.8433,4.4527,2.3175,15.5597,0.607623
7181,0.9747,8.2919,4.4801,2.3024,16.049,0.481965
7182,0.9915,7.8654,4.4017,2.3124,15.5711,0.409408
7183,0.9681,7.8294,4.4982,2.315,15.6107,0.578841
7184,0.9826,7.8056,4.5122,2.3063,15.6067,0.44174
7185,0.9488,7.9254,4.4868,2.3255,15.6864,0.621129
7186,0.9685,7.7943,4.355,2.3258,15.4437,0.627631
7187,0.9233,7.87,4.3941,2.324,15.5114,0.601619
7188,0.9326,7.8251,4.4207,2.3325,15.511,0.810152
7189,0.9418,7.8343,4.3958,2.3442,15.5161,0.795196
7190,0.953,7.9163,4.5402,2.3326,15.7421,0.750476
7191,0.8928,7.9154,4.4205,2.345,15.5738,0.604944
7192,0.9512,7.831,4.4507,2.3024,15.5353,0.830862
7193,0.9972,7.8035,4.4505,2.3076,15.5588,0.818823
7194,0.9655,7.7975,4.4599,2.3533,15.5763,0.755271
7195,0.9735,7.8812,4.4072,2.3111,15.573,0.675039
7196,0.9333,7.9637,4.4517,2.306,15.6547,0.506456
7197,0.9471,7.7833,4.4369,2.3359,15.5032,0.648812
7198,0.9689,7.7823,4.3887,2.3319,15.4718,0.666596
7199,0.9162,8.007,4.3866,2.3382,15.648,0.779639
7200,0.9343,7.8526,4.337,2.3463,15.4703,0.766365
7201,0.9399,7.7955,4.3501,2.3502,15.4356,0.560132
7202,0.9699,7.8092,4.4074,2.3093,15.4958,0.526178
7203,0.9493,7.843,4.3862,2.317,15.4956,0.509428
7204,0.9725,7.8219,4.4189,2.3105,15.5238,0.39495
7205,0.9351,7.8226,4.4523,2.3086,15.5185,0.707373
7206,0.9645,7.789,4.3894,2.3403,15.4832,0.501051
7207,0.9228,7.8083,4.3922,2.3384,15.4617,0.424203
7208,0.9441,8.0211,4.414,2.3354,15.7146,0.540285
7209,0.943,7.7493,4.3907,2.3437,15.4267,0.47491
7210,0.9754,7.8789,4.4549,2.3451,15.6543,0.319081
7211,0.9191,7.8339,4.4495,2.3675,15.5701,0.422878
7212,0.9572,7.9138,4.3893,2.3198,15.5801,0.470259
7213,0.9968,7.8059,4.338,2.3152,15.4559,0.588387
7214,0.995,7.8144,4.4411,2.3078,15.5583,0.545912
7215,0.92,7.9026,4.4761,2.3065,15.6052,0.361975
7216,0.9698,7.8494,4.3252,2.337,15.4814,0.389339
7217,0.9751,7.7822,4.3626,2.3454,15.4653,0.385121
7218,0.9747,7.7785,4.3868,2.3443,15.4843,0.325852
7219,0.9192,7.8922,4.5277,2.3917,15.7308,0.34586
7220,0.9612,7.7941,4.3655,2.3325,15.4534,0.309793
7221,0.9712,7.8117,4.4016,2.3111,15.4956,0.288368
7222,0.9942,7.8568,4.346,2.3136,15.5106,0.271881
7223,0.947,7.8057,4.3861,2.3207,15.4594,0.225903
7224,0.9511,7.8557,4.4952,2.296,15.598,0.191514
7225,0.941,7.8804,4.4502,2.324,15.5957,0.175271
7226,0.9632,7.8074,4.3739,2.3283,15.4727,0.197064
7227,0.9051,7.9431,4.6997,2.4917,16.0395,0.13369
7228,1.0011,7.8557,4.4629,2.3539,15.6736,0.422616
7229,0.9571,7.8529,4.4457,2.3199,15.5756,0.486289
7230,0.9448,7.8242,4.3413,2.3334,15.4438,0.435764
7231,0.8912,7.9183,4.421,2.3536,15.5841,0.362162
7232,0.9518,7.8336,4.417,2.3436,15.546,0.202186
7233,0.9712,7.8391,4.4338,2.3236,15.5676,0.185764
7234,0.9949,8.248,4.4658,2.3162,16.0248,0.223999
7235,0.9532,7.7522,4.3931,2.328,15.4265,0.289543
7236,0.9726,7.8845,4.425,2.3139,15.5959,0.278615
7237,0.9707,7.7974,4.4636,2.3309,15.5626,0.174484
7238,0.9656,7.8018,4.3671,2.318,15.4525,0.137419
7239,0.9241,7.8552,4.3941,2.3394,15.5128,0.157507
7240,0.9539,7.7916,4.3837,2.3436,15.4728,0.104616
7241,0.9578,7.8324,4.4484,2.3477,15.5863,0.085769
7242,0.9667,7.8531,4.3851,2.3475,15.5524,0.25805
7243,0.9164,7.8566,4.3984,2.308,15.4795,0.079229
7244,0.9694,7.8587,4.3925,2.3099,15.5306,0.096513
7245,0.9695,7.9029,4.4095,2.3138,15.5957,0.066058
7246,1.0122,7.7311,4.3469,2.3081,15.3983,0.098974
7247,0.9195,7.9442,4.3951,2.3431,15.602,0.034047
7248,0.9549,7.7629,4.3542,2.344,15.4159,0.096488
7249,0.9776,7.8474,4.4046,2.3489,15.5786,0.059141
7250,0.973,7.8015,4.3196,2.3464,15.4405,0.076172
7251,0.9182,7.86,4.3404,2.3524,15.4711,0.100787
7252,0.9585,7.8414,4.3534,2.2994,15.4525,0.103804
7253,0.9646,7.7558,4.38,2.316,15.4165,0.081125
7254,1.0098,7.7273,4.3661,2.2678,15.371,0.059282
7255,0.9379,7.8584,4.3263,2.3192,15.4418,0.031436
7256,0.9633,7.8079,4.3253,2.3246,15.4211,0.040484
7257,0.9434,7.7971,4.3538,2.3405,15.4349,0.047444
7258,0.9765,7.8108,4.4188,2.3571,15.5632,0.035521
7259,0.9004,7.8683,4.3043,2.336,15.4091,0.029583
7260,0.9369,7.725,4.316,2.2973,15.2753,0.037363
7261,1.0034,8.131,4.3803,2.3182,15.8328,0.047716
7262,1.0112,7.7469,4.3484,2.3045,15.4111,0.069972
7263,0.9261,7.9289,4.3277,2.2954,15.4781,0.096331
7264,0.9506,7.8721,4.316,2.3388,15.4775,0.095628
7265,0.9395,7.8561,4.2957,2.3467,15.438,0.135107
7266,0.9616,7.921,4.3877,2.3324,15.6027,0.12978
7267,0.9245,7.8846,4.308,2.3256,15.4427,0.142236
7268,0.9642,7.7753,4.3097,2.3475,15.3968,0.127162
7269,0.9748,7.7563,4.4014,2.3058,15.4383,0.113705
7270,1.0431,7.703,4.2859,2.3154,15.3474,0.083708
7271,0.9393,7.9292,4.3585,2.3212,15.5483,0.988622
7272,0.9574,7.943,4.2934,2.3333,15.5271,0.999999
7273,0.9747,7.9346,4.3089,2.3593,15.5775,0.999999
7274,0.962,7.8198,4.2781,2.3333,15.3932,0.999985
7275,0.9207,7.9879,4.2738,2.3394,15.5218,0.999709
7276,0.9563,7.7894,4.3059,2.3496,15.4012,0.995399
7277,0.9857,7.899,4.3364,2.3238,15.5449,0.927515
7278,1.016,7.77,4.3453,2.3097,15.441,0.876879
7279,0.9559,7.8684,4.312,2.319,15.4553,0.88855
7280,0.9654,7.8723,4.3843,2.31,15.5321,0.840446
7281,0.9687,7.8777,4.3198,2.3269,15.4931,0.819168
7282,0.9801,7.8378,4.3504,2.3523,15.5206,0.531012
7283,0.9114,7.8009,4.3435,2.343,15.3989,0.442923
7284,0.9578,7.8417,4.3418,2.3589,15.5003,0.472632
7285,0.9715,7.821,4.4293,2.3532,15.575,0.421497
7286,0.9722,7.8261,4.3891,2.306,15.4934,0.437032
7287,0.9543,8.1895,4.3875,2.317,15.8484,0.410408
7288,0.9868,7.8452,4.3671,2.3242,15.5234,0.466956
7289,0.996,7.8242,4.4221,2.2945,15.5369,0.462855
7290,0.9637,7.8644,4.4303,2.3131,15.5716,0.581349
7291,0.9209,7.9208,4.3116,2.3395,15.4928,0.586396
7292,0.953,7.88,4.3606,2.3224,15.5159,0.509032
7293,0.9594,7.8197,4.3303,2.3238,15.4333,0.500953
7294,0.97,7.7077,4.4336,2.3359,15.4473,0.455901
7295,0.9,7.8898,4.354,2.3454,15.4892,0.472988
7296,0.9628,7.8316,4.341,2.3149,15.4504,0.577701
7297,1.0103,7.8637,4.3698,2.3074,15.5512,0.560943
7298,0.9798,7.8367,4.3412,2.3042,15.4619,0.563285
7299,0.9002,7.7701,4.3796,2.335,15.3848,0.665553
7300,0.952,7.8059,4.3546,2.3188,15.4314,0.618828
7301,0.9917,7.7692,4.3321,2.3396,15.4325,0.600118
7302,0.9301,7.8232,4.3107,2.3487,15.4127,0.583053
7303,0.8954,7.8639,4.3323,2.343,15.4346,0.662439
7304,0.9537,7.8122,4.3199,2.2936,15.3794,0.674092
7305,1.0033,7.7613,4.3121,2.312,15.3887,0.532339
7306,0.9695,7.7829,4.3522,2.3105,15.4151,0.679472
7307,0.8981,7.8609,4.296,2.3348,15.3897,0.635326
7308,0.9582,7.8369,4.3184,2.3359,15.4494,0.996554
7309,0.9617,7.8284,4.3,2.3285,15.4186,1.0
7310,0.9368,7.7664,4.282,2.3371,15.3224,0.999999
7311,0.8915,7.8625,4.3223,2.3067,15.3829,0.999999
7312,0.9779,7.8529,4.2855,2.3158,15.4321,0.999987
7313,1.009,7.8439,4.3156,2.3139,15.4824,0.999937
7314,0.9389,8.1433,4.3387,2.3032,15.7242,0.999383
7315,0.9031,7.875,4.3162,2.3284,15.4227,0.998854
7316,0.9666,7.8325,4.3129,2.3235,15.4355,0.995661
7317,0.9563,7.825,4.3214,2.3462,15.4488,0.808663
7318,0.9402,7.8127,4.4171,2.3539,15.5239,0.777201
7319,1.0168,7.9258,4.3403,2.3595,15.6424,0.735442
7320,0.9582,7.8335,4.3519,2.3064,15.4499,0.722816
7321,0.9697,7.85,4.3423,2.3095,15.4716,0.478241
7322,0.9673,8.0189,4.3062,2.2983,15.5908,0.256642
7323,0.9108,7.8485,4.3267,2.2963,15.3823,0.260718
7324,0.9408,7.8067,4.3359,2.3177,15.4012,0.534172
7325,0.9668,7.7985,4.379,2.3287,15.4729,0.215381
7326,0.9716,7.7751,4.3161,2.3323,15.3952,0.348301
7327,0.9092,7.8466,4.3557,2.3478,15.4593,0.393771
7328,0.9614,7.8403,4.3128,2.3145,15.429,0.340633
7329,1.0052,7.8268,4.3207,2.3155,15.4681,0.284679
7330,0.9733,7.7363,4.3914,2.3151,15.4161,0.21579
7331,0.8951,7.9025,4.4437,2.3181,15.5594,0.186568
7332,0.9646,7.7665,4.2987,2.3381,15.3678,0.324766
7333,0.9557,7.7628,4.3944,2.3346,15.4476,0.274789
7334,0.9764,7.7688,4.3444,2.3397,15.4293,0.293851
7335,0.8949,7.7907,4.305,2.3834,15.374,0.359284
7336,0.9652,7.6872,4.3745,2.3086,15.3354,0.317797
7337,0.9977,7.7659,4.3368,2.3059,15.4063,0.32684
7338,0.973,7.7607,4.3887,2.2988,15.4212,0.339845
7339,0.8965,8.2236,4.3653,2.3118,15.7972,0.350487
7340,0.9542,8.2217,4.3699,2.3096,15.8554,0.298996
7341,0.9631,7.8574,4.3395,2.3339,15.4938,0.164669
7342,0.942,7.7677,4.3486,2.3407,15.3991,0.15831
7343,0.9126,7.8925,4.3417,2.3528,15.4996,0.135705
7344,0.9615,7.8698,4.3895,2.3465,15.5673,0.162372
7345,0.9386,7.8083,4.3782,2.3215,15.4465,0.177336
7346,0.9631,7.8096,4.3237,2.3133,15.4097,0.18237
7347,0.9491,7.8853,4.3325,2.3196,15.4864,0.182618
7348,0.9817,7.8022,4.3744,2.2953,15.4536,0.244235
7349,0.9378,7.8525,4.3106,2.3307,15.4317,0.29872
7350,0.973,7.7867,4.3402,2.3189,15.4187,0.289223
7351,0.9315,7.7938,4.3366,2.3363,15.3982,0.324758
7352,0.9604,7.7883,4.3847,2.3517,15.4852,0.215265
7353,0.9794,7.793,4.3534,2.3258,15.4517,0.227894
7354,0.9662,7.8013,4.3481,2.3043,15.4199,0.277743
7355,0.9585,7.797,4.3663,2.3081,15.4298,0.233196
7356,0.9328,7.8049,4.5031,2.4603,15.7011,0.260214
7357,1.1415,7.9865,4.3515,2.298,15.7774,0.291729
7358,0.9621,7.7939,4.4245,2.3213,15.5018,0.178219
7359,0.9127,7.8522,4.3944,2.3383,15.4976,0.239967
7360,0.9262,7.8503,4.3541,2.3279,15.4586,0.253826
7361,0.9788,7.8328,4.3557,2.3414,15.5088,0.235461
7362,0.9715,7.7382,4.4629,2.3287,15.5014,0.211774
7363,0.9189,7.7804,4.3546,2.317,15.371,0.281038
7364,0.9886,7.7716,4.4176,2.3108,15.4886,0.232294
7365,1.0201,7.732,4.3483,2.3193,15.4198,0.191018
7366,0.9769,7.7778,4.3178,2.325,15.3976,0.112035
7367,0.9249,8.207,4.3247,2.3331,15.7897,0.110828
7368,0.9292,7.7789,4.3637,2.361,15.4327,0.097375
7369,0.9664,7.7869,4.393,2.3254,15.4716,0.05353
7370,0.9672,7.8448,4.3466,2.3479,15.5066,0.041417
7371,0.9302,7.8864,4.4852,2.3587,15.6605,0.0517
7372,0.9479,7.8054,4.4097,2.3068,15.4698,0.043214
7373,1.0053,7.8405,4.3277,2.3185,15.4921,0.055975
7374,0.9596,7.7521,4.301,2.3161,15.3288,0.116745
7375,0.9065,7.8351,4.3414,2.3344,15.4173,0.121092
7376,0.9586,7.7955,4.3505,2.3256,15.4302,0.112404
7377,0.9637,7.8238,4.4056,2.336,15.5292,0.078252
7378,0.9612,7.7911,4.3418,2.3372,15.4313,0.097336
7379,0.9755,7.7077,4.3021,2.3487,15.3341,0.074337
7380,0.9461,9.8773,4.3334,2.3314,17.4882,0.142767
7381,0.8888,7.7842,4.3262,2.3177,15.3168,0.113197
7382,0.9701,7.603,4.3228,2.3463,15.2424,0.139325
7383,0.9505,7.996,4.3715,2.346,15.664,0.203964
7384,0.9761,7.742,4.3391,2.3205,15.3776,0.159427
7385,0.938,7.7777,4.3249,2.3144,15.355,0.067737
7386,1.0004,7.7002,4.3365,2.3046,15.3417,0.067935
7387,0.9291,7.8104,4.3322,2.3379,15.4096,0.063347
7388,0.9821,7.6969,4.3247,2.3252,15.3289,0.066969
7389,0.91,7.7713,4.3228,2.3505,15.3546,0.066799
7390,0.9519,7.6628,4.3185,2.3004,15.2335,0.097585
7391,0.9631,7.7708,4.3998,3.5742,16.708,0.087585
7392,0.9625,7.7104,4.2805,2.3584,15.3118,0.088201
7393,0.9267,8.0997,4.337,2.3204,15.6838,0.112816
7394,0.9995,7.7732,4.326,2.3033,15.402,0.0656
7395,0.9991,7.7513,4.3034,2.3085,15.3624,0.053572
7396,0.9644,7.7393,4.3333,2.3424,15.3794,0.065243
7397,0.9135,7.7312,4.3246,2.3354,15.3047,0.072857
7398,0.984,7.775,4.2586,2.3597,15.3773,0.072341
7399,0.9639,7.7955,4.2972,2.3433,15.3999,0.096213
7400,0.9535,7.7084,4.2895,2.3014,15.2528,0.10373
7401,0.9424,7.7317,4.3251,2.3133,15.3126,0.999237
7402,1.0214,7.7709,4.33,2.3299,15.4522,0.999997
7403,0.9622,7.8204,4.2965,2.336,15.4152,0.999997
7404,0.9534,7.6784,4.3106,2.3477,15.2902,0.999981
7405,0.926,7.7614,4.3195,2.3381,15.345,0.999919
7406,0.991,7.7041,4.4043,2.3513,15.4507,0.999878
7407,0.9747,7.7674,4.3328,2.3035,15.3784,0.997159
7408,0.9952,7.7258,4.3325,2.3156,15.369,0.984443
7409,0.9542,7.7674,4.3636,2.3229,15.4081,0.971236
7410,0.9964,7.7092,4.3005,2.3303,15.3364,0.847445
7411,0.963,7.7397,4.3117,2.314,15.3283,0.571717
7412,0.9505,7.7326,4.425,2.3318,15.44,0.506437
7413,0.9187,7.8387,4.3345,2.331,15.4229,0.443333
7414,0.997,7.7161,4.3435,2.307,15.3636,0.395317
7415,1.0036,7.7717,4.3338,2.3103,15.4194,0.323264
7416,0.9911,7.67,4.409,2.3105,15.3806,0.389096
7417,0.9007,7.8226,4.3632,2.3455,15.432,0.406275
7418,0.9911,7.7803,4.3075,2.3186,15.3975,0.31876
7419,0.9581,7.721,4.3686,2.3255,15.3733,0.301297
7420,0.98,8.0238,4.3466,2.3311,15.6816,0.161369
7421,0.9022,7.7703,4.3338,2.3415,15.3478,0.111087
7422,0.9942,7.7752,4.3517,2.309,15.4301,0.117352
7423,0.9803,7.8623,4.3754,2.331,15.5489,0.111366
7424,1.0308,7.6886,4.3567,2.3203,15.3966,0.101845
7425,0.8975,7.9079,4.3625,2.3349,15.5028,0.097174
7426,0.9859,7.7432,4.3742,2.3331,15.4364,0.158915
7427,0.9767,7.8059,4.3073,2.32,15.4099,0.113842
7428,0.956,7.6489,4.3797,2.3647,15.3492,0.14916
7429,0.9215,7.797,4.3887,2.3403,15.4476,0.221683
7430,0.993,7.7299,4.3595,2.304,15.3864,0.29451
7431,0.9943,7.7996,4.3453,2.2992,15.4384,0.309389
7432,0.9731,7.6796,4.4225,2.3158,15.3911,0.310602
7433,0.9337,7.9015,4.3347,2.3426,15.5126,0.300872
7434,0.9934,7.7322,4.344,2.3564,15.4259,0.190657
7435,0.9696,7.7751,4.3186,2.3507,15.414,0.178793
7436,0.9661,7.6948,4.4098,2.3415,15.4121,0.196799
7437,0.9071,7.8119,4.3999,2.3047,15.4235,0.272975
7438,0.9835,7.7474,4.3737,2.3146,15.4192,0.305075
7439,1.0273,7.7187,4.4154,2.3063,15.4678,0.25554
7440,0.9505,7.6801,4.3705,2.3139,15.315,0.233894
7441,0.8992,7.8497,4.3135,2.3272,15.3896,0.270273
7442,0.9903,7.7472,4.3506,2.3333,15.4214,0.270491
7443,0.966,7.8294,4.3675,2.343,15.506,0.228895
7444,0.9741,7.7143,4.395,2.3561,15.4396,0.195608
7445,0.8957,7.8267,4.3574,2.3261,15.4059,0.174527
7446,1.0122,8.1222,4.3688,2.3112,15.8143,0.174101
7447,0.9948,7.8011,4.4094,2.3576,15.5628,0.183109
7448,1.0002,7.7567,4.3077,2.3135,15.3782,0.185721
7449,0.9067,7.8236,4.3338,2.3375,15.4016,0.154201
7450,0.9856,7.7366,4.3759,2.3239,15.4219,0.157661
7451,0.9551,7.8181,4.3718,2.3283,15.4733,0.138164
7452,0.9545,7.7415,4.4296,2.345,15.4706,0.156768
7453,0.9212,7.7978,4.371,2.35,15.4401,0.135238
7454,1.0078,7.675,4.3738,2.3002,15.3568,0.120891
7455,1.0,7.7872,4.3652,2.3044,15.4569,0.143955
7456,0.985,7.7069,4.3812,2.3137,15.3868,0.145047
7457,0.9203,7.8272,4.426,2.3256,15.4991,0.140898
7458,0.9947,7.7231,4.3764,2.3251,15.4194,0.150989
7459,0.9643,7.7626,4.3871,2.3303,15.4444,0.148348
7460,0.9571,7.7045,4.4304,2.3472,15.4393,0.133097
7461,0.9286,7.8336,4.3872,2.3263,15.4757,0.177755
7462,0.9985,7.6284,4.3686,2.302,15.2975,0.177509
7463,0.993,7.7681,4.3758,2.3013,15.4382,0.146428
7464,0.9657,7.7266,4.3941,2.3127,15.3991,0.060028
7465,0.9148,7.8085,4.4061,2.3266,15.4561,0.077116
7466,0.9842,7.7269,4.378,2.3237,15.4128,0.111451
7467,0.9659,7.8211,4.3638,2.3499,15.5006,0.262169
7468,0.998,7.6985,4.3602,2.3348,15.3915,0.272645
7469,0.888,7.7229,4.3943,2.3086,15.3138,0.349638
7470,1.0211,7.672,4.3785,2.3227,15.3943,0.199011
7471,0.9937,7.7716,4.3851,2.2927,15.4431,0.193138
7472,0.982,7.7881,4.3806,2.3167,15.4674,0.205081
7473,0.9027,8.0721,4.4165,2.3322,15.7235,0.165668
7474,1.0117,7.7003,4.3789,2.3322,15.4231,0.063242
7475,0.964,7.7926,4.4312,2.3389,15.5267,0.110327
7476,0.9848,7.767,4.401,2.3539,15.5067,0.095884
7477,0.8987,7.8086,4.4845,2.3495,15.5413,0.034675
7478,0.9957,7.7093,4.4023,2.2953,15.4026,0.056741
7479,0.9945,7.727,4.4013,2.3027,15.4255,0.058608
7480,1.0767,7.7657,4.4017,2.3159,15.5601,0.058292
7481,0.8878,7.7699,4.4263,2.333,15.4169,0.060695
7482,0.9852,7.6591,4.3879,2.324,15.3563,0.050497
7483,0.97,7.7767,4.3734,2.3447,15.4649,0.048156
7484,0.9848,7.725,4.4164,2.3485,15.4746,0.041976
7485,0.917,7.7977,4.4911,2.3698,15.5755,0.034421
7486,0.992,8.3185,4.5206,2.3538,16.185,0.051234
7487,0.9417,7.742,4.4467,2.3316,15.462,0.056479
7488,0.9588,7.76,4.3903,2.3126,15.4217,0.060001
7489,0.9233,7.8024,4.4123,2.3134,15.4514,0.075499
7490,1.028,7.6895,4.4147,2.3214,15.4537,0.049975
7491,0.9727,7.7102,4.3836,2.3182,15.3846,0.050831
7492,0.9925,7.7147,4.4151,2.3317,15.454,0.002842
7493,0.8982,7.7858,4.3985,2.3404,15.423,0.002897
7494,0.985,7.6928,4.3902,2.3413,15.4093,0.003102
7495,0.9613,7.7246,4.4348,2.3036,15.4243,0.036321
7496,0.9836,7.7032,4.3894,2.2993,15.3754,0.040642
7497,0.9524,7.7818,4.4164,2.3013,15.4519,0.032773
7498,0.9541,7.7163,4.39,2.292,15.3524,0.001469
7499,0.9422,8.1277,4.3912,2.3297,15.7908,0.002116
7500,0.9917,7.6499,4.4269,2.3517,15.4202,0.00213
7501,0.941,7.8852,4.4384,2.3454,15.6101,0.002753
7502,0.9615,7.7112,4.5343,2.3473,15.5542,0.003127
7503,0.9734,7.843,4.381,2.3705,15.5678,0.002617
7504,0.9642,7.715,4.3903,2.3501,15.4196,0.050829
7505,0.9134,7.7867,4.396,2.2997,15.3957,0.05919
7506,1.0081,7.7347,4.3763,2.2996,15.4187,0.051582
7507,0.9934,7.7503,4.3888,2.2927,15.4253,0.049252
7508,0.9572,7.6796,4.3623,2.3195,15.3186,0.069613
7509,0.9179,7.8065,4.3779,2.3219,15.4243,0.055081
7510,0.9855,7.7039,4.3262,2.3517,15.3673,0.040335
7511,0.9479,7.7564,4.3598,2.3388,15.403,0.054143
7512,0.9779,7.9246,4.4026,2.3081,15.6133,0.040254
7513,0.918,7.8362,4.394,2.3,15.4481,0.045756
7514,0.9902,7.7021,4.3364,2.3135,15.3422,0.062834
7515,0.9415,7.7516,4.4607,2.2994,15.4532,0.066887
7516,0.9781,7.768,4.3859,2.3294,15.4613,0.086588
7517,0.9292,7.8086,4.4781,2.3331,15.549,0.097866
7518,0.9887,7.717,4.3955,2.3465,15.4477,0.080022
7519,0.9342,7.7512,4.4723,2.3423,15.5001,0.113379
7520,0.9974,7.7085,4.3766,2.3317,15.4142,0.004811
7521,0.905,7.8436,4.4229,2.3225,15.494,0.095262
7522,0.994,7.7379,4.437,2.3071,15.4761,0.12222
7523,0.9843,7.711,4.4477,2.3102,15.4533,0.133039
7524,0.9784,7.7291,4.3673,2.3405,15.4152,0.112274
7525,0.9119,7.775,4.3893,2.3187,15.3949,0.075983
7526,0.9684,7.9515,4.3779,2.3247,15.6225,0.12017
7527,0.9544,7.7447,4.5576,2.3456,15.6023,0.132037
7528,0.9568,7.7464,4.4956,2.3498,15.5486,0.159079
7529,0.9159,7.7971,4.4297,2.3088,15.4515,0.190507
7530,0.9782,7.7703,4.3925,2.3152,15.4562,0.148429
7531,0.9962,7.7916,4.3797,2.3259,15.4934,0.154881
7532,0.9852,7.752,4.3996,2.309,15.4458,0.110656
7533,0.9157,7.7961,4.3953,2.3676,15.4747,0.087458
7534,0.9867,7.7348,4.3543,2.3288,15.4046,0.058412
7535,0.9546,7.8212,4.424,2.3499,15.5496,0.065732
7536,0.9683,7.6425,4.4134,2.3332,15.3574,0.092002
7537,0.9207,7.7658,4.4828,2.3541,15.5234,0.07433
7538,0.9631,7.704,4.4292,2.31,15.4062,0.087535
7539,0.9734,7.7937,4.4559,2.3145,15.5376,0.093744
7540,1.0244,7.6909,4.4935,2.3134,15.5221,0.092788
7541,0.9377,7.8309,4.4045,2.3076,15.4807,0.112185
7542,0.9603,7.7731,4.4095,2.3228,15.4656,0.147004
7543,0.9459,7.7373,4.4033,2.3293,15.4157,0.119196
7544,0.9538,7.6693,4.3877,2.3435,15.3542,0.147777
7545,0.9284,8.3412,4.3844,2.3282,15.9822,0.195439
7546,0.9892,7.7119,4.4147,2.3484,15.4641,0.143454
7547,0.9652,7.7808,4.3633,2.3043,15.4137,0.157234
7548,0.9857,7.7406,4.3435,2.3147,15.3845,0.120711
7549,0.9444,7.7607,4.3882,2.3201,15.4134,0.072413
7550,0.9798,7.9322,4.3389,2.3178,15.5688,0.118573
7551,0.9723,7.7523,4.3914,2.3358,15.4517,0.132596
7552,0.9461,8.1187,4.3986,2.3342,15.7976,0.134684
7553,0.9153,8.3602,4.3937,2.3338,16.003,0.157811
7554,0.9878,7.7491,4.4076,2.3327,15.4771,0.134891
7555,0.9658,7.7597,4.5382,2.3233,15.587,0.143639
7556,0.9669,7.703,4.3949,2.3454,15.4102,0.18302
7557,0.9211,7.827,4.3937,2.3014,15.4431,0.097053
7558,1.0121,7.6966,4.3908,2.3036,15.4032,0.080494
7559,1.0047,7.8398,4.418,2.3005,15.5631,0.130253
7560,0.9628,7.7615,4.3933,2.3278,15.4455,0.215064
7561,0.9019,7.9447,4.4485,2.3407,15.6359,0.086148
7562,0.9862,7.7696,4.4547,2.3311,15.5416,0.110638
7563,0.956,7.77,4.3849,2.3441,15.455,0.129886
7564,0.9562,7.6688,4.3705,2.3481,15.3436,0.121139
7565,0.9211,7.8681,4.4329,2.3351,15.5572,0.122789
7566,0.9835,7.7501,4.4102,2.3101,15.4539,0.116862
7567,1.0158,7.802,4.4246,2.3142,15.5566,0.12705
7568,0.9797,7.732,4.4182,2.2982,15.4282,0.119134
7569,0.9156,8.3319,4.4041,2.3224,15.974,0.168591
7570,0.98,7.7464,4.338,2.3346,15.399,0.092934
7571,0.9664,7.8633,4.4144,2.3226,15.5667,0.117016
7572,0.9673,7.7026,4.4525,2.3358,15.4583,0.105807
7573,0.8973,7.7597,4.4007,2.3522,15.4099,0.089003
7574,0.9958,7.7528,4.3947,2.3408,15.4841,0.10836
7575,0.9618,7.8766,4.391,2.3269,15.5563,0.097791
7576,0.9831,7.8003,4.4867,2.299,15.5692,0.108343
7577,0.9542,7.8222,4.5591,2.311,15.6464,0.115849
7578,1.0316,7.7849,4.3628,2.3203,15.4996,0.074258
7579,0.9685,8.1805,4.3934,2.3012,15.8435,0.065046
7580,0.9587,7.7445,4.4629,2.3148,15.4809,0.038768
7581,0.9118,7.8861,4.4178,2.3333,15.5491,0.072201
7582,0.9913,7.7793,4.4159,2.3371,15.5236,0.060696
7583,0.9749,7.8558,4.4229,2.3351,15.5886,0.08146
7584,0.9608,7.686,4.3786,2.3345,15.3599,0.01459
7585,0.9179,7.8207,4.4941,2.3598,15.5925,0.012543
7586,0.9965,7.7848,4.4053,2.3027,15.4893,0.014945
7587,0.9897,7.8185,4.3674,2.3104,15.486,0.011392
7588,1.0177,7.8253,4.3785,2.3131,15.5346,0.011951
7589,0.9167,7.8852,4.5184,2.3058,15.6261,0.016292
7590,0.995,7.7481,4.3996,2.34,15.4828,0.02369
7591,0.9563,7.7713,4.3712,2.3289,15.4277,0.016636
7592,0.9927,7.7066,4.3776,2.3406,15.4176,0.017065
7593,0.9203,7.794,4.4762,2.364,15.5546,0.019962
7594,0.993,7.7685,4.3825,2.3543,15.4984,0.014568
7595,0.9724,7.7742,4.4013,2.3162,15.464,0.017785
7596,0.9961,7.6803,4.4067,2.316,15.3991,0.014898
7597,0.9388,7.7435,4.5169,2.3103,15.5094,0.013471
7598,0.992,7.7689,4.4166,2.3197,15.4972,0.01072
7599,0.9599,7.864,4.4367,2.3183,15.579,0.063773
7600,0.9801,7.707,4.427,2.3273,15.4414,0.059754
7601,0.9287,7.8164,4.4785,2.3325,15.556,0.051036
7602,0.9893,7.7674,4.3906,2.3509,15.4983,0.050019
7603,0.9739,7.7449,4.3647,2.3407,15.4241,0.048703
7604,1.0099,7.7897,4.3669,2.3102,15.4767,0.049398
7605,0.9307,8.1118,4.4776,2.3173,15.8374,0.054076
7606,1.039,7.7638,4.4069,2.3236,15.5334,0.050151
7607,1.0032,7.8224,4.419,2.3047,15.5492,0.048908
7608,0.9893,7.7314,4.3541,2.326,15.4008,0.054389
7609,0.8917,7.7629,4.5024,2.3458,15.5027,0.0619
7610,0.9996,7.831,4.3751,2.3402,15.546,0.058356
7611,0.9703,7.7471,4.3737,2.3386,15.4297,0.053842
7612,0.9833,7.8104,4.3685,2.3405,15.5027,0.013028
7613,0.9233,7.8118,4.3592,2.3052,15.3994,0.015196
7614,1.0274,7.766,4.3778,2.311,15.4822,0.014067
7615,1.195,8.4039,4.3834,2.3105,16.2928,0.028024
7616,1.0255,7.7886,4.3709,2.2992,15.4842,0.998712
7617,0.9563,7.8008,4.4788,2.3028,15.5388,0.999999
7618,0.9912,7.7522,4.4021,2.2942,15.4397,0.999999
7619,0.9613,7.8499,4.3245,2.3414,15.4772,0.999998
7620,0.9961,7.6519,4.3295,2.3365,15.314,0.999998
7621,0.9262,7.8486,4.401,2.3587,15.5345,0.999998
7622,1.0069,7.7088,4.2733,2.3504,15.3394,0.999997
7623,0.9693,7.7884,4.3473,2.3213,15.4263,0.999995
7624,1.015,7.7133,4.3045,2.3003,15.3331,0.999995
7625,0.9423,7.8808,4.3552,2.3068,15.4851,0.999994
7626,0.9915,7.6672,4.2889,2.3244,15.272,0.999995
7627,0.9687,7.7202,4.3071,2.3324,15.3283,0.999996
7628,0.9887,7.704,4.304,2.3371,15.3338,0.999995
7629,0.9342,7.72,4.3808,2.3375,15.3725,0.999997
7630,0.9338,9.9003,4.3035,2.34,17.4776,0.999996
7631,0.8988,8.1272,4.3007,2.3376,15.6643,0.999995
7632,0.943,7.8274,4.3094,2.3423,15.4221,0.999998
7633,0.936,7.8839,4.3766,2.3485,15.5449,0.999987
7634,0.9634,7.6961,4.3285,2.3015,15.2895,0.99997
7635,0.9557,7.7754,4.4137,2.3147,15.4596,0.999593
7636,0.9942,7.7817,4.459,2.304,15.5388,0.993347
7637,0.9378,7.8353,4.3947,2.3107,15.4785,0.795851
7638,0.9559,7.6738,4.4441,2.3277,15.4016,0.665039
7639,0.9149,7.8167,4.4273,2.3325,15.4915,0.034987
7640,0.9705,7.7489,5.0442,2.3007,16.0643,0.03056
7641,0.9378,7.774,4.5114,2.333,15.5563,0.033615
7642,0.9652,7.8058,4.4004,2.3435,15.5149,0.03096
7643,0.9172,7.8701,4.3973,2.3538,15.5383,0.022814
7644,0.9706,7.7544,4.4319,2.3097,15.4666,0.045096
7645,0.9317,7.8049,4.5013,2.306,15.544,0.035078
7646,1.0072,7.7517,4.4236,2.3107,15.4933,0.039985
7647,0.9645,7.8101,4.3771,2.3017,15.4535,0.065755
7648,0.9504,7.7667,4.3909,2.3293,15.4373,0.024863
7649,0.9407,7.8402,4.3835,2.3291,15.4935,0.030397
7650,0.9742,7.6973,4.3778,2.3778,15.4271,0.024186
7651,0.9261,7.8302,4.3627,2.359,15.478,0.023531
7652,0.9616,7.7456,4.4199,2.3635,15.4905,0.022831
7653,0.9463,7.747,4.5103,2.308,15.5115,0.024812
7654,0.9842,7.6786,4.3689,2.3079,15.3396,0.020826
7655,0.946,7.9253,4.3882,2.3067,15.5661,0.020052
7656,0.958,7.7898,4.4179,2.3134,15.479,0.019581
7657,0.9353,7.7695,4.384,2.3132,15.4019,0.025651
7658,0.9609,7.9831,4.3866,2.341,15.6715,0.025446
7659,0.9145,7.7836,4.4256,2.3526,15.4762,0.029035
7660,0.9751,7.8125,4.405,2.3395,15.5321,0.027414
7661,0.9498,7.779,4.4658,2.3736,15.5682,0.031474
7662,0.9607,7.7087,4.4173,2.3102,15.3969,0.036382
7663,0.9461,7.8033,4.4602,2.3157,15.5253,0.044699
7664,0.9981,7.7826,4.3992,2.3119,15.4918,0.023616
7665,0.9715,7.9337,4.499,2.3107,15.715,0.018378
7666,0.9722,7.8088,4.3788,2.3389,15.4987,0.014309
7667,0.9409,7.8607,4.3906,2.3335,15.5256,0.009748
7668,0.9669,7.8083,4.4489,2.3233,15.5474,0.018473
7669,0.9519,7.7355,4.333,2.3458,15.3663,0.022116
7670,0.9711,7.7094,4.369,2.3311,15.3806,0.036345
7671,0.915,7.7283,4.4682,2.3032,15.4147,0.055048
7672,0.9783,7.6933,4.4035,2.3011,15.3763,0.046954
7673,0.9504,7.7516,4.4853,2.3169,15.5042,0.038742
7674,0.9603,7.7451,4.3781,2.3386,15.4221,0.046543
7675,0.9127,7.7753,4.4178,2.3451,15.4509,0.059904
7676,0.9543,7.7403,4.3702,2.3326,15.3974,0.022707
7677,0.9486,7.7487,4.3877,2.3338,15.4189,0.020222
7678,0.9463,7.7234,4.3744,2.3244,15.3685,0.017097
7679,0.8991,7.83,4.3679,2.3112,15.4082,0.023501
7680,0.9622,7.7935,4.4125,2.3003,15.4686,0.027032
7681,0.978,7.7661,4.3759,2.3158,15.4358,0.022851
7682,0.9367,7.758,4.3836,2.3284,15.4068,0.018529
7683,0.9016,7.7523,4.4311,2.3207,15.4057,0.037915
7684,0.9414,8.0115,4.394,2.34,15.687,0.038037
7685,0.9765,7.7439,4.3896,2.3591,15.469,0.036866
7686,0.9368,7.7113,4.3667,2.3292,15.344,0.061828
7687,0.9098,7.7683,4.4418,2.3058,15.4257,0.067396
7688,0.9707,7.7545,4.4028,2.2989,15.4268,0.107911
7689,1.0069,7.7459,4.4325,2.311,15.4962,0.127254
7690,0.972,7.7055,4.3443,2.3281,15.3499,0.009513
7691,0.9114,7.7384,4.3552,2.3336,15.3386,0.005548
7692,0.9507,7.8019,4.3817,2.3384,15.4727,0.003441
7693,0.962,7.772,4.3632,2.3428,15.44,0.006212
7694,0.952,7.6614,4.432,2.3177,15.3631,0.00549
7695,0.9447,7.7672,4.3462,2.3136,15.3718,0.0057
7696,1.0034,7.7932,4.3352,2.3139,15.4456,0.00557
7697,0.9821,7.7346,4.4147,2.3191,15.4505,0.004433
7698,0.9792,7.7059,4.3496,2.3266,15.3614,0.004639
7699,0.9143,7.7571,4.3625,2.3341,15.368,0.072273
7700,0.97,7.7872,4.3651,2.3441,15.4663,0.007704
7701,0.9386,7.7285,4.3443,2.3443,15.3557,0.008423
7702,0.9707,7.7068,4.3166,2.3052,15.2994,0.0086
7703,0.936,8.4201,4.3583,2.3041,16.0185,0.009224
7704,0.989,7.7707,4.3779,2.3093,15.4469,0.014885
7705,0.9533,7.8974,4.3541,2.3045,15.5092,0.016265
7706,0.9739,7.7315,4.2962,2.3334,15.3349,0.091022
7707,0.9165,7.8323,4.3376,2.3441,15.4305,0.014759
7708,0.9665,7.6906,4.321,2.3361,15.3142,0.015171
7709,0.9661,7.7503,4.3262,2.3496,15.3922,0.00865
7710,0.9662,7.7085,4.3386,2.2969,15.3103,0.006423
7711,0.9662,8.1494,4.3931,2.3138,15.8224,0.006046
7712,0.9896,7.7417,4.3878,2.3074,15.4265,0.011163
7713,0.977,7.7304,4.3906,2.309,15.407,0.012779
7714,0.9584,7.7501,4.3195,2.3364,15.3644,0.020378
7715,0.9239,7.7107,4.3195,2.3319,15.2861,0.032082
7716,0.9734,7.7518,4.453,2.3467,15.5249,0.029975
7717,0.9782,7.7433,4.4011,2.3559,15.4785,0.046479
7718,0.9697,7.6754,4.4337,2.3328,15.4117,0.054328
7719,0.9348,7.8239,4.3244,2.3055,15.3885,0.066493
7720,1.0102,7.6497,4.3383,2.2975,15.2957,0.045442
7721,0.9616,7.8118,4.3143,2.3267,15.4143,0.056288
7722,0.9437,7.7063,4.3802,2.3297,15.36,0.030711
7723,0.8927,7.7425,4.3863,2.3389,15.3604,0.045867
7724,0.9691,7.7302,4.3098,2.3498,15.3589,0.054101
7725,0.9789,7.8204,4.3294,2.3114,15.4401,0.03707
7726,0.9681,7.7553,4.2927,2.298,15.3141,0.065288
7727,0.9186,7.8129,4.3412,2.3044,15.377,0.031539
7728,0.9572,7.751,4.3459,2.3382,15.3924,0.051466
7729,0.9419,7.7285,4.3343,2.3355,15.3401,0.052585
7730,0.9826,7.6944,4.3134,2.3401,15.3305,0.044175
7731,0.914,7.8063,4.3415,2.3501,15.4119,0.025294
7732,0.9677,7.6634,4.3703,2.2939,15.2954,0.035418
7733,0.9949,7.7575,4.322,2.3158,15.3902,0.033059
7734,0.971,7.6751,4.3646,2.3057,15.3164,0.039799
7735,0.918,7.7959,4.3289,2.3133,15.356,0.030018
7736,0.9648,7.7989,4.3012,2.329,15.3939,0.028101
7737,0.9659,8.0979,4.3769,2.3404,15.781,0.04221
7738,0.9255,7.7646,4.4142,2.345,15.4493,0.04846
7739,0.9032,7.9405,4.4061,2.3403,15.5901,0.034929
7740,0.9632,7.7542,4.3661,2.3183,15.4018,0.011617
7741,0.9907,7.7507,4.3473,2.3004,15.389,0.013306
7742,0.966,7.6287,4.3413,2.2991,15.2352,0.011556
7743,0.901,7.7943,4.3293,2.345,15.3697,0.008043
7744,0.9709,8.2532,4.3658,2.3049,15.8948,0.021839
7745,0.9768,7.709,4.3364,2.3403,15.3625,0.012381
7746,0.9408,7.8426,4.3473,2.3407,15.4714,0.030162
7747,0.8931,7.7857,4.3662,2.3543,15.3993,0.043089
7748,0.972,7.8002,4.326,2.3227,15.4209,0.047031
7749,0.9913,7.8099,4.4025,2.3332,15.5369,0.050091
7750,0.9866,7.6495,4.303,2.3043,15.2434,0.048083
7751,0.8916,7.898,4.3456,2.3317,15.4669,0.028587
7752,0.9725,7.7299,4.3309,2.3384,15.3717,0.030293
7753,0.9704,7.8678,4.3082,2.3318,15.4783,0.026491
7754,0.9694,7.7275,4.3189,2.3414,15.3571,0.026064
7755,0.9338,7.7347,4.3996,2.3164,15.3844,0.014676
7756,0.9929,7.7676,4.3227,2.299,15.3822,0.025143
7757,0.9909,7.7751,4.29,2.3059,15.3619,0.021341
7758,0.9404,7.6941,4.2795,2.34,15.2541,0.030209
7759,0.8917,7.7325,4.3102,2.3415,15.276,0.029801
7760,0.9632,7.7477,4.3794,2.335,15.4254,0.030485
7761,0.9563,7.7588,4.3323,2.3471,15.3944,0.032563
7762,0.9448,7.6824,4.3007,2.3053,15.2332,0.038981
7763,0.9301,7.803,4.3412,2.3131,15.3874,0.036015
7764,0.9912,8.0988,4.3939,2.3118,15.7957,0.039155
7765,0.9553,7.9504,4.3607,2.3067,15.5732,0.033677
7766,0.9715,7.6825,4.3268,2.3211,15.3019,0.027175
7767,0.928,7.7279,4.3761,2.3322,15.3643,0.015387
7768,0.9491,7.6402,4.3333,2.3453,15.2679,0.022316
7769,0.9587,7.7875,4.9807,2.3045,16.0314,0.020487
7770,0.9444,7.7673,4.3244,2.3398,15.3759,0.028424
7771,0.9025,7.7323,4.3417,2.3088,15.2854,0.020801
7772,0.9799,7.7899,4.3553,2.2948,15.4199,0.022408
7773,0.9936,7.8657,4.4121,2.3051,15.5765,0.028192
7774,0.9324,7.7289,4.3664,2.3334,15.361,0.030424
7775,0.9171,7.8576,4.3796,2.3322,15.4865,0.020287
7776,0.9636,7.6828,4.352,2.3434,15.3418,0.041952
7777,0.9784,7.8066,4.3462,2.3384,15.4696,0.038953
7778,0.9316,7.7225,4.3619,2.3082,15.3242,0.043924
7779,0.9206,7.8342,4.4047,2.3181,15.4776,0.052453
7780,0.991,7.7627,4.4014,2.3023,15.4574,0.055046
7781,0.9736,7.7776,4.3594,2.3121,15.4227,0.049713
7782,0.9462,7.6874,4.345,2.3236,15.3021,0.057975
7783,0.8953,7.838,4.3874,2.3286,15.4493,0.064954
7784,0.9591,7.8764,4.3416,2.3364,15.5135,0.053629
7785,0.9645,7.7359,4.3785,2.3418,15.4206,0.054074
7786,0.9419,7.6046,4.3321,2.3055,15.1841,0.065328
7787,0.9282,7.8206,4.3608,2.3022,15.4118,0.052454
7788,0.9827,7.7642,4.349,2.318,15.4139,0.043779
7789,0.9686,7.8012,4.349,2.3274,15.4461,0.04715
7790,0.9803,8.0694,4.3232,2.3323,15.7052,0.0466
7791,0.9315,7.8414,4.3687,2.3425,15.4841,0.038562
7792,0.9765,7.7028,4.356,2.332,15.3674,0.049577
7793,0.9692,7.8387,4.35,2.3486,15.5066,0.053832
7794,0.9632,7.6928,4.3284,2.3084,15.2928,0.047668
7795,0.9515,7.798,4.3469,2.305,15.4013,0.065007
7796,0.9686,7.7272,4.3742,2.3083,15.3784,0.070265
7797,0.9552,7.7504,4.3834,2.3377,15.4266,0.073851
7798,0.9629,7.6803,4.3262,2.3342,15.3036,0.086157
7799,0.9382,7.7646,4.3365,2.3383,15.3776,0.098085
7800,0.9326,7.7716,4.4204,2.3635,15.4881,0.997217
7801,0.9619,7.8072,4.3093,2.3077,15.3861,0.999992
7802,0.9896,7.663,4.2954,2.3099,15.2579,0.999999
7803,0.9474,7.821,4.3029,2.3111,15.3823,0.999994
7804,0.9338,7.7254,4.2797,2.3243,15.2632,0.999991
7805,0.9739,7.764,4.3218,2.3229,15.3826,0.999991
7806,0.9329,7.7448,4.2687,2.3369,15.2834,0.999981
7807,0.8953,7.8697,4.3547,2.4026,15.5223,0.999983
7808,0.9525,7.6833,4.3221,2.3104,15.2683,0.999976
7809,1.0136,7.7742,4.2788,2.3161,15.3827,0.999991
7810,1.0213,7.6984,4.29,2.3132,15.3229,0.999986
7811,0.9172,7.8193,4.2984,2.3521,15.387,0.99999
7812,0.9411,7.7066,4.2855,2.3318,15.265,0.999985
7813,0.97,7.7318,4.2959,2.3362,15.3339,0.999982
7814,0.9677,7.7694,4.3315,2.2997,15.3682,0.999992
7815,0.9174,7.8675,4.2997,2.3146,15.3992,0.999994
7816,0.9565,7.7393,4.3165,2.2991,15.3115,0.999995
7817,0.9622,8.0926,4.3343,2.3105,15.6997,0.999995
7818,0.9841,7.6678,4.277,2.3382,15.2671,0.999933
7819,0.9148,7.8665,4.3313,2.349,15.4616,0.999926
7820,0.9458,7.659,4.3012,2.3435,15.2495,0.999798
7821,0.9832,7.7693,4.2975,2.3358,15.3859,0.999065
7822,0.9641,7.781,4.3053,2.3108,15.3613,0.970583
7823,0.9606,7.8893,4.33,2.323,15.5029,0.957367
7824,0.9691,7.7544,4.3322,2.3042,15.36,0.446778
7825,0.9712,7.7942,4.3222,2.3286,15.4162,0.283945
7826,0.9714,7.6782,4.391,2.3356,15.3762,0.326647
7827,0.925,7.794,4.3289,2.3403,15.3882,0.280748
7828,0.9316,7.6814,4.4107,2.3524,15.3761,0.174444
7829,0.9802,7.9142,4.3454,2.3055,15.5454,0.210334
7830,0.9901,7.6264,4.3535,2.2968,15.2667,0.192001
7831,0.9644,7.8467,4.3821,2.345,15.5382,0.141103
7832,0.9731,7.8357,4.2982,2.3226,15.4296,0.194962
7833,0.9622,7.8354,4.3297,2.3278,15.4552,0.192198
7834,0.9698,7.7152,4.3594,2.3323,15.3768,0.205288
7835,0.9153,7.7863,4.3511,2.3413,15.3939,0.346642
7836,0.9422,7.6682,4.3894,2.3413,15.3411,0.290036
7837,0.9834,7.8038,4.3504,2.3138,15.4514,0.234627
7838,1.005,7.6286,4.3936,2.3093,15.3364,0.227931
7839,0.8943,8.2475,4.3151,2.3142,15.771,0.193462
7840,0.967,7.7982,4.3202,2.3147,15.4002,0.17601
7841,0.9714,7.7564,4.28,2.3255,15.3333,0.18704
7842,0.9532,7.6762,4.3335,2.3361,15.299,0.175332
7843,0.8972,8.0795,4.3393,2.3352,15.6512,0.151101
7844,0.9734,7.7306,4.4044,2.3364,15.4448,0.205839
7845,0.9549,7.7972,4.332,2.3183,15.4023,0.198175
7846,0.973,7.6576,4.3098,2.3154,15.2559,0.192803
7847,0.9026,7.7777,4.3564,2.3051,15.3418,0.17983
7848,0.9674,7.6998,4.3588,2.3395,15.3654,0.197624
7849,0.958,7.7604,4.3511,2.3688,15.4384,0.16672
7850,0.9432,7.6891,4.3744,2.3337,15.3404,0.250806
7851,0.8982,7.7268,4.3651,2.3266,15.3166,0.268017
7852,0.9704,7.6832,4.4464,2.3178,15.4178,0.161546
7853,0.9987,7.7362,4.324,2.3148,15.3736,0.188951
7854,0.9927,7.7281,4.3644,2.3219,15.4071,0.170182
7855,0.9134,7.865,4.4115,2.3303,15.5202,0.06919
7856,0.9514,7.7757,4.3122,2.3273,15.3666,0.138385
7857,0.9795,7.7133,4.3511,2.3407,15.3846,0.13529
7858,0.9614,7.7154,4.3452,2.3428,15.3648,0.105582
7859,0.9145,7.8767,4.4083,2.2913,15.4908,0.094839
7860,0.9755,7.7344,4.367,2.3003,15.3771,0.096145
7861,0.9965,7.806,4.3532,2.3192,15.4749,0.077206
7862,0.9641,7.6965,4.3357,2.3198,15.3161,0.118653
7863,0.9135,7.7807,4.3252,2.3417,15.3611,0.126442
7864,0.9508,7.8042,4.4097,2.3267,15.4915,0.08461
7865,0.978,7.7856,4.3194,2.3567,15.4396,0.046824
7866,0.9742,7.7271,4.4217,2.3486,15.4716,0.03984
7867,0.9166,7.7711,6.3835,2.3247,17.396,0.035848
7868,0.9644,7.7777,4.3533,2.3311,15.4264,0.08117
7869,0.9645,7.8385,4.3304,2.3549,15.4883,0.075368
7870,0.9461,8.1631,4.3884,2.3573,15.8548,0.039889
7871,0.8874,7.8596,4.386,2.3395,15.4726,0.039927
7872,0.9631,7.7401,4.4377,2.3328,15.4738,0.069639
7873,0.9991,7.7597,4.3677,2.6032,15.7297,0.060247
7874,1.1133,7.9908,4.3939,2.3171,15.8151,0.073441
7875,0.9668,7.8272,4.3538,2.3006,15.4484,0.084143
7876,0.9385,7.7711,4.3493,2.3127,15.3717,0.054123
7877,0.9484,7.7465,4.3826,2.3359,15.4134,0.058898
7878,0.9311,7.7048,4.3214,2.3421,15.2994,0.089731
7879,0.9584,7.6958,4.3876,2.353,15.3949,0.080559
7880,0.9442,7.9936,4.338,2.3466,15.6224,0.105702
7881,0.8937,7.8057,4.3291,2.3238,15.3523,0.085403
7882,0.9907,7.676,4.3987,2.3068,15.3723,0.08183
7883,0.9513,7.895,4.3511,2.3092,15.5066,0.05459
7884,0.9872,7.7076,4.3167,2.3394,15.3508,0.05117
7885,0.9257,7.7918,4.3903,2.3391,15.4469,0.085108
7886,0.9556,7.706,4.438,2.9793,16.0789,0.107971
7887,0.9519,7.7984,4.3122,2.3308,15.3934,0.097243
7888,0.9612,7.6788,4.4079,3.2443,16.2922,0.083266
7889,0.905,7.8902,4.3645,2.3435,15.5034,0.055948
7890,1.0018,7.9188,4.3319,2.3416,15.5941,0.118098
7891,0.949,7.7948,4.3581,2.3246,15.4265,0.128107
7892,0.9704,7.727,4.3793,2.3133,15.3901,0.059832
7893,0.9287,7.8158,4.3161,2.3088,15.3694,0.08874
7894,0.9862,7.8027,4.3485,2.3175,15.4549,0.060079
7895,0.963,7.8749,4.3537,2.3178,15.5094,0.068786
7896,0.9811,8.0961,4.3428,2.3363,15.7563,0.070547
7897,0.9037,7.8024,4.3222,2.3243,15.3525,0.03248
7898,0.9814,7.7216,4.3432,2.3049,15.3511,0.097305
7899,0.9549,7.7574,4.331,2.3273,15.3707,0.152621
7900,0.9953,7.7132,4.3952,2.3045,15.4081,0.125783
7901,0.9227,7.7924,4.3232,2.3007,15.339,0.128805
7902,0.9961,7.8215,4.3005,2.3015,15.4196,0.152125
7903,0.9672,7.7567,4.3178,2.3237,15.3653,0.155748
7904,0.9798,7.7127,4.3963,2.3272,15.416,0.183561
7905,0.9368,7.8133,4.334,2.3507,15.4349,0.168407
7906,0.9905,7.7348,4.3468,2.3462,15.4184,0.129717
7907,0.947,7.8598,4.3195,2.3096,15.4359,0.136335
7908,1.0106,7.6627,4.3789,2.3014,15.3536,0.112884
7909,0.9435,8.4315,4.3602,2.2916,16.0269,0.088644
7910,0.9976,7.6964,4.3576,2.3044,15.356,0.43173
7911,0.9351,7.746,4.3046,2.325,15.3107,0.4438
7912,0.972,7.7572,4.3528,2.3436,15.4256,0.40413
7913,0.9071,7.8082,4.4035,2.3342,15.4529,0.193906
7914,0.9651,7.6893,4.3537,2.3507,15.3587,0.104301
7915,0.9461,7.8384,4.3953,2.3094,15.4892,0.495213
7916,1.0188,7.6371,4.4747,2.3072,15.4379,0.475713
7917,0.953,7.7967,4.3519,2.317,15.4187,0.437329
7918,0.9809,7.7521,4.4171,2.3226,15.4727,0.456051
7919,0.9649,7.8311,4.3384,2.3545,15.4889,0.393036
7920,0.9765,7.7418,4.3139,2.3389,15.371,0.345938
7921,0.8905,7.8007,4.3266,2.3585,15.3764,0.272143
7922,0.983,7.6711,4.3997,2.354,15.4078,0.365258
7923,0.9775,8.1299,4.2935,2.3461,15.7469,0.27649
7924,1.0013,7.6981,4.3565,2.3093,15.3652,0.281771
7925,0.9317,7.8177,4.3739,2.3112,15.4345,0.283046
7926,1.001,7.7281,4.3319,2.3289,15.39,0.236929
7927,0.9704,7.8226,4.2957,2.3477,15.4364,0.185727
7928,0.9592,7.7475,4.2914,2.3299,15.328,0.145854
7929,0.9117,7.7785,4.315,2.3468,15.3521,0.116037
7930,0.9798,7.7779,4.2922,2.3437,15.3936,0.111376
7931,0.9657,7.7491,4.2746,2.3118,15.3013,0.125775
7932,1.006,7.8266,4.3258,2.3129,15.4714,0.088075
7933,0.9567,7.8143,4.3347,2.3009,15.4065,0.085172
7934,0.9807,7.6778,4.3336,2.328,15.3202,0.09983
7935,0.9696,7.8161,4.2754,2.3512,15.4124,0.121222
7936,0.9802,7.6514,4.3187,2.3506,15.3009,0.069679
7937,0.9022,7.7906,4.301,2.3553,15.3492,0.049611
7938,0.9775,7.8093,4.353,2.3096,15.4495,0.095677
7939,0.9994,7.7525,4.3348,2.3013,15.3881,0.021482
7940,1.0454,7.6813,4.3056,2.314,15.3462,0.039256
7941,0.8853,8.3218,4.2948,2.3195,15.8215,0.037182
7942,0.9961,7.7544,4.2908,2.3374,15.3788,0.022876
7943,0.9714,7.7774,4.3088,2.3441,15.4016,0.028399
7944,0.9627,7.667,4.2961,2.3427,15.2686,0.031627
7945,0.9366,7.8067,4.2687,2.3178,15.3298,0.025221
7946,0.9975,7.7405,4.3387,2.3128,15.3896,0.050833
7947,0.9943,7.728,4.2856,2.3042,15.3122,0.038604
7948,0.983,7.7569,4.2956,2.322,15.3576,0.045892
7949,0.9165,8.1289,4.2928,2.3301,15.6683,0.076852
7950,0.9628,7.6802,4.2887,2.3353,15.2671,0.051317
7951,0.9456,7.7468,4.286,2.3336,15.3121,0.125155
7952,0.9872,7.7216,4.3687,2.3426,15.42,0.010323
7953,0.9205,7.7449,4.3058,2.3135,15.2848,0.012632
7954,1.0223,7.7757,4.3186,2.312,15.4287,0.00656
7955,0.9663,7.7347,4.2794,2.3243,15.3047,0.006201
7956,0.963,7.7274,4.2705,2.3437,15.3046,0.005536
7957,0.9212,7.775,4.3215,2.3382,15.3559,0.00514
7958,0.9845,7.7121,4.3212,2.3418,15.3596,0.008162
7959,0.97,7.7627,4.2924,2.3119,15.337,0.0107
7960,0.97,7.714,4.3922,2.3262,15.4024,0.02018
7961,0.9595,7.8277,4.2916,2.3175,15.3964,0.021641
7962,0.9805,7.7976,4.3594,2.3381,15.4756,0.026669
7963,0.9796,7.8814,4.3462,2.3184,15.5255,0.022768
7964,0.9593,7.716,4.3551,2.3549,15.3853,0.029221
7965,0.9432,7.8717,4.3867,2.3462,15.5477,0.011667
7966,0.986,7.7524,4.3586,2.3316,15.4286,0.016531
7967,0.9671,7.7744,4.3614,2.3875,15.4904,0.005473
7968,1.1426,7.7973,4.3044,2.3121,15.5564,0.005248
7969,0.9397,7.8305,4.3666,2.3264,15.4631,0.004431
7970,1.0473,7.7103,4.3659,2.3101,15.4336,0.006887
7971,0.9595,7.8692,4.2959,2.3454,15.4699,0.005478
7972,0.9879,7.7303,4.3541,2.3425,15.4149,0.004903
7973,0.9122,7.8076,4.3192,2.3494,15.3884,0.003099
7974,0.9911,7.6809,4.2828,2.3543,15.3091,0.00648
7975,0.9712,7.8463,4.3203,2.3001,15.4379,0.004734
7976,0.9947,7.9585,4.327,2.3219,15.6021,0.005477
7977,0.9366,7.8809,4.2963,2.3085,15.4222,0.004522
7978,1.0061,7.7604,4.3633,2.314,15.4437,0.00354
7979,0.9602,7.7814,4.2928,2.3475,15.3819,0.008839
7980,0.9917,7.6815,4.3215,2.3427,15.3374,0.009468
7981,0.9288,7.7998,4.3864,2.3358,15.4508,0.007294
7982,0.9755,7.7407,4.3118,2.334,15.362,0.007822
7983,0.9581,7.7683,4.3195,2.3069,15.3527,0.010087
7984,1.0235,7.7019,4.2843,2.3133,15.3229,0.012953
7985,0.9637,7.8842,4.3363,2.3158,15.5,0.015274
7986,0.9979,7.777,4.3288,2.347,15.4506,0.018231
7987,0.971,7.7169,4.3164,2.3451,15.3494,0.019397
7988,0.979,7.6964,4.3058,2.3471,15.3282,0.019745
7989,0.9009,7.7027,4.3117,2.3527,15.2679,0.019689
7990,0.9843,7.7391,4.3382,2.2951,15.3567,0.01948
7991,0.9997,7.8305,5.6546,2.3213,16.8062,0.018641
7992,0.9769,7.7642,4.2764,2.3087,15.3262,0.018078
7993,0.9524,7.7633,4.2982,2.2921,15.306,0.017065
7994,1.0177,7.7205,4.3549,2.3084,15.4016,0.017565
7995,0.9422,7.7544,4.3682,2.3566,15.4214,0.013463
7996,0.9581,7.705,4.3542,2.3178,15.3351,0.011339
7997,0.9095,7.7783,4.3104,2.3532,15.3514,0.008612
7998,0.9694,7.713,4.371,2.3401,15.3935,0.013932
7999,0.9502,7.7036,4.3013,2.2914,15.2465,0.011394
8000,0.9937,7.728,4.3054,2.3188,15.3459,0.014042
8001,0.9763,7.7819,4.2845,2.314,15.3567,0.017977
8002,0.9601,7.9598,4.3008,2.3246,15.5453,0.014776
8003,0.9552,8.1419,4.4185,2.288,15.8036,0.020896
8004,0.9738,7.7613,4.3533,2.3443,15.4327,0.022071
8005,0.9177,7.8538,4.297,2.3426,15.411,0.022542
8006,1.0023,7.7756,4.2946,2.3436,15.4161,0.02031
8007,0.9532,7.7895,4.2921,2.3105,15.3453,0.015817
8008,1.0165,7.7395,4.3114,2.3134,15.3808,0.016423
8009,0.968,7.7491,4.2866,2.3041,15.3078,0.007651
8010,1.0,7.7962,4.2706,2.3286,15.3954,0.012425
8011,0.9792,7.7677,4.2924,2.3155,15.3549,0.011504
8012,0.9913,7.6646,4.2811,2.3303,15.2673,0.011085
8013,0.9197,7.8338,4.2986,2.3371,15.3892,0.007234
8014,0.9829,7.7643,4.2988,2.32,15.3661,0.010584
8015,0.999,7.7559,4.2934,2.3106,15.3588,0.011679
8016,1.021,7.7331,4.2991,2.3105,15.3638,0.011134
8017,0.921,7.7542,4.2755,2.3238,15.2746,0.00933
8018,0.9908,7.7883,4.274,2.3259,15.379,0.012383
8019,0.9722,7.837,4.2796,2.3309,15.4197,0.016014
8020,0.9909,7.7052,4.3518,2.3518,15.3996,0.015292
8021,0.9237,7.8431,4.2966,2.3101,15.3735,0.011438
8022,1.015,7.7404,4.2823,2.3081,15.3458,0.024704
8023,1.0072,7.7245,4.315,2.3038,15.3505,0.027033
8024,0.9894,7.8775,4.2903,2.3242,15.4814,0.021111
8025,0.912,7.9361,4.2762,2.348,15.4723,0.058416
8026,0.969,7.6749,4.2727,2.346,15.2625,0.021656
8027,0.9457,7.769,4.2927,2.3559,15.3633,0.02572
8028,1.1085,7.7799,4.2973,2.3091,15.4948,0.028002
8029,0.9485,8.1643,4.2928,2.3008,15.7064,0.042995
8030,0.9873,7.6809,4.2912,2.3091,15.2684,0.029015
8031,0.9726,7.7635,4.2952,2.3265,15.3578,0.020127
8032,0.9589,7.7225,4.3017,2.3351,15.3181,0.016445
8033,0.9182,7.8483,4.273,2.3505,15.3901,0.022904
8034,0.9638,7.7118,4.3846,2.3428,15.4029,0.041097
8035,0.9661,7.7773,4.3038,2.3304,15.3776,0.034238
8036,0.9903,7.7069,4.2902,2.2939,15.2813,0.032788
8037,0.9597,7.8519,4.3122,2.3119,15.4357,0.034235
8038,0.9795,7.7593,4.2995,2.3229,15.3613,0.052451
8039,0.9594,7.7722,4.2744,2.3308,15.3367,0.019325
8040,0.9874,7.6678,4.2866,2.3458,15.2877,0.022971
8041,0.9102,7.7725,4.2958,2.3304,15.3088,0.029397
8042,0.9875,7.7345,4.3528,2.3038,15.3786,0.01905
8043,1.0003,7.8723,4.2836,2.3219,15.4781,0.021005
8044,0.9851,7.6656,4.2818,2.3091,15.2417,0.02361
8045,0.9205,7.8965,4.2931,2.3444,15.4545,0.019081
8046,0.9431,7.7472,4.3379,2.3306,15.3587,0.041053
8047,0.934,7.7774,4.2732,2.3365,15.3211,0.955903
8048,0.9481,7.8287,4.283,2.3443,15.4041,0.999996
8049,0.9237,7.8133,4.3039,2.3101,15.3509,0.99999
8050,0.9805,7.7005,4.2762,2.3051,15.2624,0.999904
8051,0.9831,7.7146,4.2968,2.3141,15.3087,0.976951
8052,0.9593,7.6873,4.3007,2.3585,15.3059,0.896193
8053,0.9208,7.8191,4.2946,2.3526,15.3871,0.665815
8054,0.9556,7.723,4.3171,2.3295,15.3252,0.6675
8055,0.9376,8.0753,4.2992,2.3394,15.6515,0.630901
8056,0.9513,7.7485,4.3337,2.3102,15.3438,0.56363
8057,0.9365,7.7834,4.3023,2.3001,15.3222,0.044744
8058,1.0482,7.7082,4.3201,2.3146,15.3911,0.066134
8059,0.9477,7.8491,4.3495,2.3371,15.4834,0.062152
8060,0.9557,7.7216,4.3174,2.3946,15.3893,0.07297
8061,0.91,7.8295,4.3012,2.3401,15.3808,0.047143
8062,0.9513,7.7686,4.3157,2.3474,15.383,0.0852
8063,0.9409,7.7449,4.3125,2.3052,15.3035,0.011909
8064,0.9833,7.681,4.2876,2.3373,15.2893,0.015505
8065,0.9493,7.7833,4.3237,2.3104,15.3667,0.012859
8066,0.9496,7.8203,4.2958,2.3373,15.403,0.032656
8067,0.9376,7.7163,4.2607,2.3399,15.2545,0.052943
8068,0.9521,7.675,4.2829,2.369,15.2791,0.049643
8069,0.911,7.7275,4.32,2.3323,15.2907,0.044011
8070,0.9488,7.7392,4.31,2.3154,15.3134,0.012276
8071,0.9742,7.8149,4.3035,2.3098,15.4025,0.047551
8072,0.9421,7.724,4.3064,2.3422,15.3147,0.367032
8073,0.9216,7.8053,4.2976,2.3283,15.3528,0.016952
8074,0.9364,7.7796,4.2942,2.3508,15.361,0.005919
8075,0.9318,7.7942,4.2967,2.3552,15.3779,0.05813
8076,0.9444,7.7294,4.2872,2.3116,15.2727,0.046439
8077,0.9393,7.7483,4.3034,2.2968,15.2877,0.116296
8078,0.9755,7.7295,4.3019,2.3084,15.3152,0.015848
8079,0.9585,7.8178,4.2974,2.3481,15.4218,0.008047
8080,0.9706,7.7315,4.2993,2.3289,15.3303,0.016629
8081,0.9023,8.1533,4.3879,2.318,15.7616,0.019409
8082,0.9725,7.7246,4.3009,2.3383,15.3363,0.007265
8083,0.9625,7.7287,4.3352,2.3067,15.3331,0.015862
8084,0.9804,7.7567,4.3041,2.3171,15.3583,0.027489
8085,0.9713,7.8076,4.3056,2.315,15.3995,0.011749
8086,0.9998,7.8891,4.2706,2.3058,15.4653,0.032951
8087,0.9497,7.77,4.2648,2.3249,15.3094,0.018206
8088,0.9561,7.7572,4.2911,2.3153,15.3196,0.016666
8089,0.9081,7.8697,4.2891,2.3703,15.4373,0.038239
8090,0.9601,7.682,4.2682,2.3145,15.2247,0.025338
8091,0.9697,7.8296,4.2933,2.3177,15.4104,0.024539
8092,0.9944,7.7013,4.3052,2.3411,15.342,0.014015
8093,0.9197,7.8332,4.3047,2.3478,15.4054,0.021921
8094,0.9663,7.6825,4.3074,2.3417,15.2979,0.021331
8095,0.9337,7.7387,4.3187,2.3477,15.3387,0.024657
8096,0.9623,7.6535,4.2923,2.3569,15.2649,0.026279
8097,0.9123,7.7887,4.3117,2.3155,15.3281,0.017119
8098,0.9841,7.7413,4.2866,2.2908,15.3028,0.02287
8099,0.9613,7.7321,4.3019,2.2984,15.2937,0.031649
8100,0.9501,7.7233,4.2788,2.3356,15.2878,0.029788
8101,0.9186,7.763,4.2941,2.3313,15.307,0.026434
8102,0.9555,7.7007,4.2963,2.3311,15.2836,0.176634
8103,0.9401,7.8393,4.3092,2.3055,15.3941,0.355021
8104,0.9826,7.7354,4.2936,2.3026,15.3141,0.563651
8105,0.9518,7.7933,4.3093,2.3076,15.362,0.996403
8106,0.9648,7.7459,4.2963,2.3189,15.3258,0.999975
8107,0.9398,7.8411,4.2984,2.3298,15.4091,0.999993
8108,0.958,8.0071,4.2894,2.3388,15.5933,0.999993
8109,0.9324,7.8101,4.3017,2.3571,15.4013,0.999997
8110,0.968,7.6647,4.285,2.3112,15.2289,0.999997
8111,0.9731,7.796,4.2893,2.3038,15.3621,0.999997
8112,0.991,7.723,4.2954,2.3208,15.3301,0.999996
8113,0.9139,7.7939,4.3138,2.3357,15.3573,0.999996
8114,0.9883,7.6936,4.2964,2.3376,15.3159,0.999995
8115,0.9746,7.7484,4.3067,2.3372,15.3668,0.999998
8116,0.9484,7.8286,4.3038,2.3408,15.4216,0.999995
8117,0.9087,8.3602,4.324,2.3515,15.9445,0.999996
8118,0.9635,7.6345,4.3126,2.3177,15.2283,0.999996
8119,0.9555,7.7378,4.3032,2.3024,15.2989,0.999993
8120,0.9584,7.6779,4.3161,2.3315,15.2839,0.999994
8121,0.9101,7.8834,4.3279,2.3419,15.4634,0.999993
8122,0.9511,7.7206,4.2922,2.3241,15.2879,0.999992
8123,0.9361,7.694,4.2897,2.3384,15.2583,0.999991
8124,0.9575,7.7503,4.3204,2.301,15.3291,0.999989
8125,0.9407,7.7578,4.328,2.302,15.3285,0.999983
8126,0.9934,7.682,4.3107,2.2981,15.2843,0.999884
8127,0.9418,7.7851,4.2898,2.3194,15.3361,0.997656
8128,0.9537,7.6698,4.2942,2.3213,15.2389,0.994492
8129,0.9605,7.6819,4.2944,2.3412,15.278,0.984979
8130,0.9147,7.7594,4.2977,2.2978,15.2697,0.956104
8131,0.9345,7.799,4.272,2.3151,15.3205,0.881429
8132,0.9417,7.7701,4.2603,2.2987,15.2709,0.774553
8133,0.9702,7.8338,4.5057,2.8496,16.1594,0.575154
8134,0.9425,8.0395,4.3342,2.3126,15.6288,0.529947
8135,0.904,7.9388,4.3,2.3325,15.4753,0.429633
8136,0.9546,7.7849,4.3046,2.349,15.3932,0.307507
8137,0.965,7.8202,4.3105,2.3504,15.4461,0.465907
8138,0.9454,7.6653,4.298,2.3676,15.2764,0.466046
8139,0.895,7.7205,4.2882,2.3074,15.2111,0.365804
8140,0.9658,7.7594,4.2838,2.3,15.309,0.360342
8141,0.9997,7.7659,4.2785,2.3242,15.3683,0.610758
8142,0.9221,7.7447,4.2797,2.3218,15.2683,0.483304
8143,0.889,7.8126,4.2899,2.3449,15.3364,0.30012
8144,0.9305,7.9012,4.3021,2.3555,15.4894,0.343256
8145,0.9512,7.751,4.2822,2.3407,15.3251,0.271075
8146,0.9326,7.7242,4.2986,2.3086,15.264,0.51342
8147,0.9352,7.8402,4.3122,2.3072,15.3948,0.410058
8148,0.943,7.7952,4.2843,2.3274,15.3499,0.282306
8149,0.9725,7.8194,4.2701,2.3299,15.3919,0.15668
8150,0.9647,7.7571,4.2967,2.3408,15.3593,0.420294
8151,0.9022,7.7954,4.2705,2.3496,15.3177,0.278105
8152,0.953,7.7766,4.3215,2.2998,15.351,0.148499
8153,0.98,7.7435,4.3005,2.3013,15.3253,0.109601
8154,0.9859,7.7045,4.3278,2.2931,15.3114,0.122639
8155,0.8888,7.7735,4.2879,2.315,15.2651,0.088004
8156,0.9379,7.7186,4.2718,2.3206,15.2488,0.074536
8157,0.9756,7.7643,4.9245,2.2964,15.9608,0.036571
8158,0.9624,7.6644,4.3002,2.3372,15.2642,0.061646
8159,0.9001,7.7387,4.2997,2.3108,15.2493,0.046974
8160,0.9634,8.094,4.3015,2.3292,15.6881,0.061587
8161,1.0028,7.7767,4.3264,2.304,15.4099,0.043139
8162,1.0011,7.7026,4.3191,2.3202,15.343,0.041552
8163,0.9031,7.8722,4.29,2.3502,15.4155,0.035306
8164,0.9569,7.7845,4.2873,2.3308,15.3596,0.032024
8165,0.948,7.8046,4.2564,2.3517,15.3606,0.053586
8166,0.9381,7.6709,4.3376,2.3401,15.2867,0.070453
8167,0.9335,7.8511,4.3034,2.3103,15.3983,0.039125
8168,0.9964,7.8104,4.313,2.3103,15.4301,0.081048
8169,0.9962,7.7327,4.3078,2.3168,15.3534,0.063883
8170,0.9639,7.7497,4.3268,2.3396,15.38,0.054334
8171,0.9108,7.8349,4.2823,2.3366,15.3646,0.083363
8172,0.9658,7.8681,4.2773,2.3371,15.4482,0.109093
8173,0.9512,7.729,4.3557,2.3666,15.4025,0.087207
8174,0.9736,7.7392,4.2777,2.3114,15.3019,0.041677
8175,0.9555,7.8814,4.3103,2.3075,15.4546,0.033946
8176,0.993,7.7599,4.3051,2.3131,15.3711,0.02004
8177,0.9386,7.9699,4.2984,2.3355,15.5423,0.016758
8178,0.9706,7.8049,4.2499,2.3419,15.3673,0.040033
8179,0.911,7.7817,4.2992,2.3519,15.3438,0.024624
8180,0.9519,7.8118,4.3311,2.3632,15.458,0.032318
8181,0.9603,7.7818,4.2994,2.3074,15.349,0.030538
8182,0.9495,7.7411,4.2739,2.299,15.2634,0.03802
8183,0.9458,7.7566,4.2898,2.3104,15.3026,0.028397
8184,0.9562,7.7373,4.284,2.3344,15.3118,0.031576
8185,0.9673,7.8122,4.336,2.327,15.4425,0.022033
8186,0.969,7.6427,4.2843,2.3247,15.2206,0.019563
8187,0.9222,8.2762,4.331,2.3478,15.8772,0.016751
8188,0.9633,7.7734,4.3005,2.3421,15.3793,0.02708
8189,0.9335,7.8024,4.3123,2.3128,15.361,0.133166
8190,0.9898,7.7012,4.3226,2.3085,15.3222,0.032162
8191,0.9131,7.8451,4.2813,2.3345,15.374,0.031354
8192,0.9595,7.7682,4.2784,2.3333,15.3393,0.035111
8193,0.9561,7.8399,4.3377,2.3178,15.4515,0.017895
8194,0.953,7.6787,4.3445,2.3694,15.3456,0.017426
8195,0.9131,7.7804,4.3104,2.3171,15.321,0.013573
8196,0.9649,7.7296,4.2905,2.297,15.282,0.031768
8197,0.9732,7.7327,4.3326,2.3209,15.3594,0.022663
8198,0.9595,7.7253,4.2739,2.3532,15.3119,0.016229
8199,0.9085,7.7708,4.3061,2.3416,15.3271,0.022257
8200,0.9559,7.7841,4.312,2.3381,15.3901,0.010476
8201,0.9298,7.8,4.3158,2.3468,15.3924,0.013003
8202,0.9744,7.6996,4.3115,2.3106,15.2962,0.005039
8203,0.9655,7.8217,4.3288,2.3175,15.4335,0.004335
8204,0.9882,7.7595,4.3419,2.3286,15.4181,0.006215
8205,0.9425,7.846,4.3448,2.3196,15.4529,0.008588
8206,0.963,7.7179,4.3274,2.3316,15.3399,0.010123
8207,0.9155,7.7758,4.3244,2.3571,15.3728,0.016974
8208,0.9661,7.7398,4.3336,2.345,15.3845,0.019322
8209,0.9431,7.7566,4.4111,2.3199,15.4308,0.018636
8210,0.9561,7.7224,4.3264,2.3116,15.3165,0.033823
8211,0.9394,7.7816,4.3959,2.3108,15.4277,0.034426
8212,0.9643,7.7367,4.3278,2.3133,15.342,0.037736
8213,0.9498,8.0544,4.3555,2.3507,15.7104,0.060735
8214,0.9716,7.686,4.3539,2.3408,15.3523,0.036874
8215,0.9199,7.7791,4.3587,2.3512,15.4089,0.027498
8216,0.9541,7.7568,4.3907,2.3567,15.4584,0.037198
8217,0.9312,7.7265,4.3544,2.2952,15.3074,0.033787
8218,0.9856,7.7147,4.3284,2.3069,15.3356,0.050147
8219,0.9404,7.873,4.2913,2.2883,15.393,0.063166
8220,0.9706,7.7021,4.3055,2.3443,15.3226,0.046311
8221,0.9456,7.7452,4.3142,2.3297,15.3347,0.045569
8222,0.9689,7.9054,4.3852,2.3418,15.6012,0.053642
8223,0.9378,7.8088,4.3363,2.3341,15.417,0.031509
8224,0.9621,7.7761,4.3402,2.3054,15.3838,0.033146
8225,0.9975,7.8188,4.4311,2.321,15.5685,0.033365
8226,0.9959,7.7063,4.3387,2.3026,15.3435,0.031164
8227,0.8887,7.8646,4.3518,2.3143,15.4194,0.025001
8228,0.9356,7.7063,4.3273,2.3463,15.3155,0.024365
8229,0.9576,7.7979,4.3106,2.3394,15.4055,0.021677
8230,0.946,7.6688,4.3482,2.3522,15.3152,0.021216
8231,0.9256,8.2628,4.3591,2.3598,15.9073,0.016455
8232,0.9663,7.741,4.327,2.3145,15.3488,0.02095
8233,0.9444,7.7312,4.2806,2.3204,15.2766,0.020498
8234,1.0035,7.7059,4.3449,2.311,15.3653,0.017933
8235,0.9035,7.8129,4.3357,2.3296,15.3816,0.015294
8236,0.9695,7.8991,4.314,2.3372,15.5198,0.016698
8237,0.9703,7.7471,4.3209,2.3317,15.37,0.010873
8238,0.943,7.7964,4.3453,2.3304,15.4151,0.011197
8239,0.914,7.8066,4.3464,2.3428,15.4098,0.007092
8240,0.9681,8.2212,4.297,2.3269,15.8132,0.00947
8241,0.9404,7.7725,4.3222,2.3164,15.3514,0.007832
8242,0.9982,7.6795,4.3144,2.3093,15.3014,0.007805
8243,0.9131,7.8505,4.3039,2.3249,15.3925,0.005844
8244,0.979,7.7572,4.2928,2.3275,15.3565,0.010216
8245,0.9444,7.7647,4.3418,2.3344,15.3853,0.008748
8246,0.9671,7.7092,4.2683,2.3616,15.3062,0.008861
8247,0.937,7.763,4.2979,2.3179,15.3158,0.009859
8248,0.9837,7.7356,4.3029,2.3185,15.3408,0.011805
8249,0.9776,7.7374,4.3437,2.3081,15.3668,0.012088
8250,0.9735,7.773,4.2853,2.3135,15.3454,0.013233
8251,0.9181,7.8246,4.3658,2.3385,15.447,0.013756
8252,0.937,7.7396,4.2942,2.3423,15.3131,0.0124
8253,0.9739,7.7974,4.3769,2.3488,15.4969,0.013742
8254,0.9665,7.7915,4.3428,2.312,15.4128,0.012526
8255,0.9447,7.7939,4.3243,2.3192,15.3821,0.04506
8256,1.0082,7.7487,4.3877,2.3077,15.4523,0.062919
8257,0.9493,7.8634,4.3742,2.3243,15.5112,0.065498
8258,0.9717,7.7237,4.2978,2.3303,15.3235,0.058305
8259,0.8984,7.8419,4.2945,2.3513,15.3861,0.076151
8260,0.9704,7.7491,4.2911,2.3448,15.3554,0.064205
8261,0.9436,7.7725,4.3413,2.336,15.3934,0.054676
8262,0.9659,7.657,4.2903,2.3141,15.2274,0.043137
8263,0.934,7.9983,4.3812,2.3772,15.6907,0.035967
8264,1.092,7.7293,4.3731,2.3026,15.4969,0.032425
8265,0.9582,7.9023,4.2735,2.325,15.459,0.029766
8266,0.9588,8.0295,4.2822,2.336,15.6066,0.033872
8267,0.9279,7.8498,4.2987,2.3633,15.4397,0.017944
8268,0.9472,7.7207,4.3463,2.3464,15.3605,0.042709
8269,0.9794,7.734,4.2922,2.3413,15.3469,0.090479
8270,0.974,7.676,4.2723,2.3023,15.2246,0.085592
8271,0.9493,7.8157,4.3189,2.3135,15.3974,0.091696
8272,0.9375,7.7397,4.2727,2.3396,15.2894,0.135878
8273,0.9723,7.8401,4.2944,2.3438,15.4506,0.106746
8274,0.9618,7.7301,4.2883,2.326,15.3062,0.097349
8275,0.9141,7.8232,4.2937,2.351,15.3819,0.100383
8276,0.9618,7.719,4.3436,2.3124,15.3368,0.068598
8277,0.9986,7.8447,4.2765,2.3109,15.4307,0.079823
8278,1.0173,7.7235,4.313,2.3061,15.36,0.069456
8279,0.9275,7.7681,4.3073,2.3415,15.3444,0.049714
8280,0.9657,7.8626,4.2851,2.332,15.4454,0.079235
8281,0.9547,7.7829,4.3007,2.3487,15.3869,0.092515
8282,0.9529,7.7055,4.2896,2.3487,15.2967,0.080992
8283,0.9081,7.7838,4.31,2.3144,15.3162,0.075574
8284,0.9787,7.8408,4.2985,2.3132,15.4311,0.074595
8285,0.9723,7.7218,4.3262,2.2997,15.32,0.01883
8286,0.9614,7.7301,4.2831,2.3425,15.3171,0.025997
8287,0.9363,7.7498,4.277,2.3197,15.2828,0.121184
8288,0.9653,7.8901,4.2758,2.3361,15.4674,0.058706
8289,0.944,7.7499,4.3379,2.349,15.3807,0.056605
8290,0.9636,7.7808,4.2832,2.3032,15.3307,0.049176
8291,0.9387,7.837,4.3243,2.3198,15.4198,0.062059
8292,1.0187,7.7038,4.3038,2.3069,15.3332,0.060032
8293,0.9583,8.1382,4.2966,2.3092,15.7023,0.090783
8294,0.9302,7.6903,4.3029,2.3259,15.2493,0.105757
8295,0.9211,7.7763,4.3403,2.337,15.3747,0.12383
8296,0.9418,7.6877,4.3187,2.3506,15.2988,0.129712
8297,0.9713,7.8555,4.3088,2.3381,15.4737,0.145701
8298,0.9761,7.7942,4.2873,2.2928,15.3503,0.156388
8299,0.9225,8.3111,4.3389,2.3053,15.8778,0.170202
8300,0.9765,7.7983,4.3294,2.3081,15.4123,0.17868
8301,0.9604,7.7709,4.2693,2.3474,15.3481,0.187998
8302,0.9421,7.6975,4.2825,2.3386,15.2606,0.200754
8303,0.9082,7.7976,4.3182,2.3544,15.3784,0.127775
8304,0.9554,7.6446,4.3149,2.3455,15.2604,0.135866
8305,0.9575,7.7199,4.3357,2.3183,15.3314,0.047706
8306,1.0146,7.7068,4.2767,2.3248,15.3229,0.086355
8307,0.9649,7.8756,4.3579,2.3053,15.5036,0.036487
8308,0.9692,7.7496,4.297,2.3231,15.3389,0.068712
8309,0.9406,7.8355,4.3112,2.3223,15.4096,0.048352
8310,0.9603,7.7752,4.287,2.3419,15.3645,0.031013
8311,0.907,7.7799,4.3096,2.3303,15.3268,0.026353
8312,0.9608,7.7346,4.2993,2.3019,15.2966,0.027905
8313,0.9622,7.7709,4.3125,2.3059,15.3516,0.024237
8314,1.0059,7.7207,4.286,2.3084,15.3209,0.021677
8315,0.9222,7.8829,4.3084,2.3297,15.4433,0.014767
8316,0.9716,7.7576,4.2733,2.3306,15.3331,0.013753
8317,0.9504,7.7799,4.2716,2.3223,15.3242,0.015565
8318,0.9656,7.7011,4.2738,2.31,15.2505,0.014466
8319,0.891,8.1564,4.3418,2.322,15.7113,0.014754
8320,0.9587,7.7057,4.3362,2.3027,15.3032,0.024134
8321,0.9985,7.6916,4.3195,2.3132,15.3228,0.02828
8322,0.9591,7.724,4.269,2.3288,15.2808,0.029225
8323,0.9254,7.8607,4.3208,2.3135,15.4204,0.029803
8324,0.9696,7.7877,4.2536,2.3315,15.3425,0.032137
8325,0.9826,7.7294,4.2759,2.3451,15.3331,0.039055
8326,0.9701,7.718,4.2796,2.3146,15.2823,0.04206
8327,0.9439,8.4249,4.3264,2.3272,16.0223,0.039017
8328,0.9675,7.7445,4.3019,2.3128,15.3268,0.046563
8329,0.9777,7.8343,4.2972,2.3213,15.4306,0.063491
8330,0.9564,7.7171,4.3177,2.3388,15.33,0.055068
8331,0.913,7.791,4.2875,2.321,15.3125,0.044505
8332,0.9644,7.7588,4.2698,2.341,15.3339,0.057518
8333,0.9639,7.7271,4.353,2.3163,15.3604,0.052489
8334,0.9668,7.7092,4.3134,2.3167,15.306,0.048309
8335,0.9312,7.7974,4.3188,2.307,15.3544,0.045154
8336,0.938,7.7517,4.3223,2.3428,15.3549,0.037111
8337,0.9803,7.7632,4.2784,2.3553,15.3772,0.034774
8338,0.954,7.7167,4.2834,2.3324,15.2866,0.037594
8339,0.8952,7.8151,4.318,2.3407,15.369,0.036814
8340,0.9471,7.732,4.3485,2.3139,15.3415,0.036498
8341,0.9786,7.66,4.3019,2.3168,15.2574,0.048692
8342,1.002,7.7102,4.2862,2.308,15.3064,0.055157
8343,0.9202,7.8369,4.2879,2.3365,15.3815,0.043537
8344,0.9612,7.7788,4.2729,2.3319,15.3448,0.061606
8345,0.9797,7.7827,4.2871,2.3377,15.3872,0.058746
8346,0.9726,8.0181,4.289,2.3462,15.6258,0.061096
8347,0.902,7.7956,4.3446,2.309,15.3511,0.053531
8348,0.9745,7.7185,4.3093,2.3119,15.3142,0.058002
8349,0.997,7.7469,4.3605,2.2941,15.3984,0.058359
8350,0.9596,7.6931,4.2877,2.3334,15.2739,0.070222
8351,0.9008,7.8528,4.2948,2.4607,15.5092,0.04179
8352,0.9983,7.9127,4.305,2.3468,15.5629,0.053537
8353,0.9811,7.7859,4.2922,2.3539,15.413,0.049825
8354,0.9422,7.7142,4.3374,2.3171,15.3108,0.047967
8355,0.9176,7.8496,4.2912,2.3086,15.367,0.047581
8356,1.0015,8.0911,4.2996,2.3057,15.6978,0.063562
8357,0.9814,7.9105,4.3195,2.3024,15.5138,0.066203
8358,0.94,7.7722,4.2879,2.3326,15.3328,0.09332
8359,0.9153,7.8414,4.28,2.3344,15.371,0.040439
8360,0.9586,7.755,4.2935,2.3238,15.3309,0.048856
8361,0.9574,7.8185,4.293,2.341,15.4099,0.125338
8362,0.9407,7.7155,4.2875,2.2999,15.2437,0.038549
8363,0.9473,7.8106,4.315,2.318,15.3908,0.025238
8364,0.9975,7.8,4.2928,2.3229,15.4132,0.150563
8365,0.9423,7.8285,4.2765,2.3199,15.3673,0.123057
8366,0.9472,7.7283,4.2782,2.3401,15.2937,0.051367
8367,0.9062,7.7582,4.2938,2.3428,15.3011,0.045517
8368,0.9531,7.7744,4.3054,2.3455,15.3784,0.028476
8369,0.9335,7.7952,4.2883,2.2995,15.3165,0.013342
8370,0.9613,7.7841,4.2971,2.3166,15.359,0.015745
8371,0.9224,7.8408,4.2983,2.3127,15.3742,0.01155
8372,0.9763,8.0645,4.2749,2.3388,15.6545,0.01654
8373,0.9415,7.7658,4.2869,2.321,15.3152,0.015644
8374,0.9459,7.7723,4.3026,2.3492,15.37,0.012961
8375,0.9293,7.7792,4.3001,2.3518,15.3604,0.012004
8376,0.9715,7.7855,4.2895,2.314,15.3604,0.01548
8377,0.951,7.7724,4.2927,2.3143,15.3305,0.016893
8378,0.9747,7.7097,4.2797,2.3148,15.2789,0.019406
8379,0.9634,7.6932,4.2834,2.3264,15.2664,0.018544
8380,0.9431,7.7389,4.2662,2.3385,15.2867,0.028892
8381,0.8956,7.8477,4.2839,2.3381,15.3652,0.024797
8382,0.9428,7.7365,4.2988,2.3138,15.2919,0.02393
8383,0.9925,7.8374,4.2997,2.3032,15.4327,0.026321
8384,1.0197,7.69,4.2845,2.316,15.3101,0.028682
8385,0.8863,7.8029,4.2922,2.3344,15.3158,0.017737
8386,0.9499,7.6825,4.2625,2.3333,15.2283,0.704073
8387,0.95,7.7821,4.2973,2.3529,15.3823,0.999958
8388,0.9796,7.7044,4.3156,2.337,15.3365,0.999853
8389,0.8984,7.8115,4.2863,2.3099,15.3061,0.996195
8390,0.9807,7.7825,4.2935,2.31,15.3667,0.958524
8391,0.9684,7.779,4.3014,2.3004,15.3491,0.204652
8392,0.9824,7.6772,4.2588,2.3354,15.2538,0.190005
8393,0.9072,7.7531,4.3921,2.5006,15.5532,0.176093
8394,1.0347,7.7474,4.2875,2.3793,15.4489,0.129578
8395,0.9677,7.8149,4.2914,2.3436,15.4176,0.123291
8396,0.9838,7.7326,4.3011,2.319,15.3366,0.122699
8397,0.9229,7.8017,4.29,2.3225,15.337,0.084764
8398,0.9934,7.7619,4.311,2.3005,15.3668,0.207835
8399,0.9713,8.1072,4.2859,2.3289,15.6933,0.260492
8400,0.996,7.6501,4.2675,2.3194,15.2329,0.234193
8401,0.9034,7.7387,4.2876,2.3507,15.2804,0.262035
8402,0.9479,7.6969,4.2621,2.3458,15.2527,0.267129
8403,0.9722,7.7892,4.2845,2.3012,15.3471,0.233718
8404,0.9875,7.7088,4.3014,2.3108,15.3085,0.248937
8405,0.894,7.7506,4.3029,2.3232,15.2707,0.18902
8406,0.958,7.6229,4.2941,2.327,15.202,0.279661
8407,0.9341,7.7404,4.2802,2.3318,15.2866,0.198075
8408,0.9653,7.7274,4.2811,2.3153,15.2891,0.219817
8409,0.9294,7.8162,4.3155,2.3145,15.3756,0.217915
8410,1.0013,7.7843,4.3222,2.3054,15.4132,0.371213
8411,0.9948,7.7933,4.32,2.309,15.4171,0.307733
8412,0.9821,7.7955,4.2597,2.3384,15.3757,0.23061
8413,0.9273,7.7882,4.3371,2.3503,15.403,0.130764
8414,0.9674,7.7892,4.2717,2.3527,15.3811,0.160674
8415,0.9696,7.7554,4.3291,2.3476,15.4017,0.128158
8416,0.9642,7.7115,4.3929,2.2899,15.3585,0.132012
8417,0.9407,7.8146,4.3116,2.3282,15.3951,0.183733
8418,1.0234,7.8526,4.3206,2.3052,15.5018,0.16146
8419,0.9798,7.7658,4.3357,2.3209,15.4023,0.16226
8420,0.9955,7.7191,4.306,2.3374,15.3579,0.132024
8421,0.8993,7.8092,4.3373,2.3386,15.3844,0.089311
8422,0.9821,7.6616,4.2915,2.3402,15.2754,0.142389
8423,0.9652,7.793,4.3071,2.3014,15.3667,0.164629
8424,1.0071,7.7351,4.2991,2.31,15.3513,0.157775
8425,0.9272,8.1324,4.2979,2.3123,15.6699,0.127078
8426,0.9853,7.735,4.2915,2.318,15.3299,0.211362
8427,0.9653,7.8617,4.2743,2.3548,15.4562,0.189162
8428,0.9804,7.7603,4.3102,2.3339,15.3848,0.254393
8429,0.9048,7.811,4.317,2.3426,15.3755,0.218466
8430,0.999,7.7892,4.334,2.3563,15.4784,0.177405
8431,0.9657,7.7765,4.2915,2.2945,15.3282,0.177215
8432,1.0156,7.7646,4.3092,2.3183,15.4077,0.183263
8433,0.9497,7.7989,4.3082,2.3154,15.3722,0.164498
8434,0.9883,7.8126,4.2802,2.3286,15.4097,0.180331
8435,0.9648,7.7514,4.29,2.3273,15.3336,0.183258
8436,0.9978,7.7047,4.2933,2.349,15.3448,0.201613
8437,0.897,8.1869,4.3,2.3474,15.7314,0.189828
8438,0.9699,7.694,4.307,2.3101,15.281,0.148668
8439,1.0092,7.7935,4.3398,2.3234,15.4659,0.206397
8440,1.0372,7.8105,4.3048,2.3048,15.4573,0.199981
8441,0.9148,7.7945,4.2998,2.3166,15.3257,0.242935
8442,0.965,7.7201,4.2973,2.3223,15.3046,0.245611
8443,0.9307,7.7657,4.3103,2.3286,15.3354,0.229951
8444,0.9616,7.711,4.2962,2.3327,15.3014,0.236857
8445,0.9191,7.8005,4.3252,2.3191,15.364,0.214704
8446,0.9517,7.7798,4.3015,2.2976,15.3306,0.161212
8447,0.9814,7.7269,4.302,2.2946,15.3049,0.117737
8448,0.931,7.7427,4.3024,2.3247,15.3007,0.101663
8449,0.915,7.8006,4.3009,2.3235,15.34,0.074951
8450,0.9306,7.7065,4.2857,2.3226,15.2454,0.099134
8451,0.9315,7.7116,4.2834,2.2948,15.2213,0.085327
8452,0.9292,8.0415,4.3349,2.3144,15.62,0.097771
8453,0.9526,7.8033,6.2811,2.329,17.3659,0.085387
8454,0.9604,7.7751,4.3126,2.3429,15.3909,0.072915
8455,0.9582,7.732,4.3203,2.3141,15.3246,0.074997
8456,0.998,7.8031,4.2936,2.2899,15.3845,0.039835
8457,0.9722,7.8508,4.3024,2.3107,15.436,0.037389
8458,0.963,7.7812,4.2882,2.3231,15.3555,0.038115
8459,0.9662,7.931,4.2991,2.3264,15.5228,0.034288
8460,0.9539,7.8472,4.3049,2.3278,15.4339,0.036719
8461,0.9194,7.7778,4.2906,2.3533,15.3411,0.023474
8462,0.9504,7.7166,4.3101,2.3144,15.2916,0.030395
8463,0.9512,7.8448,4.3161,2.2926,15.4047,0.022517
8464,0.9901,7.6868,4.309,2.306,15.2919,0.007663
8465,0.9131,7.8157,4.3036,2.3387,15.3712,0.020176
8466,0.9523,7.7441,4.2992,2.3311,15.3268,0.029026
8467,0.9768,7.7691,4.2983,2.3374,15.3816,0.012161
8468,0.9414,7.7925,4.3086,2.3477,15.3903,0.015762
8469,0.8905,8.4373,4.2812,2.3385,15.9475,0.013722
8470,0.9633,7.7367,4.3057,2.2987,15.3045,0.034584
8471,0.9857,7.826,4.2987,2.3034,15.4138,0.038761
8472,0.9875,7.7838,4.3411,2.31,15.4225,0.029598
8473,0.9272,7.7869,4.3077,2.3404,15.3622,0.024706
8474,0.9568,7.7294,4.2883,2.3198,15.2943,0.024882
8475,0.967,7.7585,4.3024,2.3319,15.3597,0.023726
8476,0.9782,7.7124,4.3096,2.3647,15.3649,0.022072
8477,0.9318,7.8052,4.3209,2.314,15.3719,0.021817
8478,0.9855,8.126,4.2935,2.3045,15.7094,0.026453
8479,1.0055,7.7874,4.306,2.3023,15.4013,0.028695
8480,0.9903,7.7386,4.3432,2.2977,15.3698,0.033612
8481,0.8979,8.023,4.3164,2.3341,15.5714,0.084928
8482,0.9649,7.8186,4.2827,2.3369,15.4031,0.032937
8483,0.9749,7.7405,4.2814,2.3515,15.3483,0.026942
8484,0.9636,7.741,4.3154,2.3492,15.3692,0.044557
8485,0.9194,7.8489,4.3207,2.3122,15.4013,0.023607
8486,0.9978,7.8222,4.3085,2.3072,15.4358,0.034726
8487,1.0119,7.7617,4.3111,2.3178,15.4025,0.036629
8488,0.9525,7.7866,4.285,2.3225,15.3466,0.036846
8489,0.9205,7.7894,4.2889,2.3245,15.3233,0.033934
8490,0.9492,7.7321,4.2753,2.36,15.3166,0.031984
8491,0.9724,7.7579,4.2928,2.3368,15.3598,0.121304
8492,0.9592,7.7975,4.2909,2.3066,15.3541,0.012027
8493,0.9527,7.7665,4.3086,2.3157,15.3435,0.16431
8494,0.981,7.7224,4.3287,2.3139,15.346,0.165094
8495,0.9517,7.7833,4.293,2.3464,15.3744,0.156266
8496,0.9475,7.7607,4.2816,2.3392,15.3291,0.182949
8497,0.926,7.8006,4.3048,2.346,15.3775,0.17052
8498,0.9215,7.7481,4.32,2.3367,15.3264,0.129245
8499,0.9642,7.7835,4.2996,2.3147,15.3619,0.141245
8500,0.9945,7.7608,4.3063,2.2979,15.3594,0.121676
8501,0.9763,7.7709,4.3168,2.3026,15.3666,0.087126
8502,0.9452,7.8023,4.2865,2.3239,15.3579,0.091318
8503,0.9748,7.8202,4.3187,2.3453,15.4589,0.085203
8504,0.9655,7.9276,4.3343,2.3433,15.5708,0.083621
8505,0.9209,8.3111,4.2995,2.3334,15.865,0.078756
8506,0.9675,7.752,4.3354,2.3338,15.3886,0.092522
8507,0.9736,7.7296,4.3223,2.3154,15.3409,0.084681
8508,0.9868,7.8145,4.3236,2.3081,15.433,0.091362
8509,0.9547,7.8791,4.3162,2.3213,15.4714,0.041808
8510,0.953,7.8613,4.354,2.3166,15.4849,0.052759
8511,0.9774,7.7848,4.3325,2.3317,15.4263,0.106593
8512,0.9653,7.7012,4.3131,2.3212,15.3008,0.116524
8513,0.9197,7.7426,4.3107,2.3605,15.3334,0.116465
8514,0.9384,7.7046,4.332,2.3258,15.3008,0.106553
8515,0.978,7.7593,4.306,2.3155,15.3588,0.058787
8516,0.9615,7.6748,4.2979,2.2978,15.232,0.051382
8517,0.9081,7.7711,4.2938,2.337,15.31,0.041849
8518,0.9355,7.7784,4.3267,2.3236,15.3642,0.082756
8519,0.9909,7.7487,4.3045,2.3365,15.3806,0.058793
8520,0.942,7.7407,4.3233,2.3597,15.3657,0.063992
8521,0.9175,7.9443,4.3183,2.3263,15.5065,0.047949
8522,0.9825,7.8401,4.3138,2.3103,15.4468,0.049516
8523,1.0081,7.9967,4.4264,2.2752,15.7064,0.051211
8524,1.0136,7.7013,4.3022,2.3084,15.3255,0.051855
8525,0.8982,7.8302,4.3093,2.344,15.3818,0.046382
8526,0.9592,7.8203,4.3317,2.3448,15.456,0.051116
8527,0.9545,7.7897,4.329,2.3368,15.41,0.039545
8528,0.9542,7.7613,4.3032,2.3366,15.3553,0.040946
8529,0.924,7.8229,4.3255,2.3211,15.3935,0.046242
8530,0.9882,7.7788,4.303,2.2916,15.3617,0.065948
8531,1.0149,8.0978,4.3145,2.3215,15.7487,0.054328
8532,0.9764,7.6911,4.2986,2.3156,15.2817,0.060332
8533,0.9151,7.8356,4.3347,2.3334,15.4188,0.051189
8534,0.9522,7.7785,4.276,2.3188,15.3254,0.043929
8535,0.964,7.6833,4.3064,2.3498,15.3034,0.067303
8536,0.9528,7.7589,4.3214,2.2955,15.3285,0.108311
8537,0.8973,7.8877,4.3361,2.314,15.4351,0.100301
8538,0.9808,7.8663,4.2948,2.3128,15.4546,0.053021
8539,0.9974,7.7679,4.3322,2.3145,15.412,0.032316
8540,0.9492,7.6886,4.2945,2.3252,15.2575,0.027994
8541,0.9224,7.7521,4.3458,2.3425,15.3629,0.029256
8542,0.9605,7.8136,4.3039,2.3552,15.4332,0.023301
8543,0.9742,7.745,4.3475,2.3496,15.4162,0.022264
8544,0.9372,7.6907,4.3572,2.3033,15.2884,0.016882
8545,0.951,7.82,4.3291,2.3169,15.417,0.015241
8546,0.9583,7.8513,4.3342,2.2913,15.4351,0.012908
8547,0.9488,7.8561,4.313,2.352,15.4699,0.075923
8548,0.9355,7.7351,4.3154,2.3244,15.3103,0.019565
8549,0.9168,7.8479,4.3355,2.3344,15.4345,0.013636
8550,0.9531,7.8419,4.3391,2.3546,15.4887,0.03598
8551,0.9551,7.732,4.3359,2.3023,15.3254,0.025431
8552,0.9676,7.7659,4.3189,2.3044,15.3568,0.046961
8553,0.9431,7.8033,4.3424,2.3123,15.4011,0.229452
8554,0.9589,7.7867,4.3053,2.3289,15.3797,0.131894
8555,0.9411,7.7164,4.3256,2.3332,15.3163,0.102112
8556,0.9334,7.6599,4.304,2.3434,15.2407,0.106575
8557,0.9189,7.7726,4.3372,2.337,15.3657,0.085896
8558,0.9522,8.0139,4.3274,2.3137,15.6073,0.087441
8559,0.9664,7.747,4.3475,2.2952,15.3561,0.112502
8560,0.9744,7.7183,4.3349,2.3017,15.3293,0.094991
8561,0.916,7.9028,4.3183,2.338,15.4751,0.142944
8562,0.9497,7.7036,4.2888,2.3204,15.2626,0.18948
8563,0.9493,7.7111,4.3375,2.3505,15.3484,0.19753
8564,0.954,7.7779,4.3248,2.3541,15.4107,0.182334
8565,0.9134,7.7663,4.322,2.3067,15.3085,0.180943
8566,0.985,7.7861,4.3131,2.2972,15.3814,0.192097
8567,0.9805,7.7196,4.3206,2.3026,15.3233,0.164023
8568,0.9379,7.7852,4.3007,2.3345,15.3584,0.354538
8569,0.9286,7.7788,4.302,2.3215,15.3309,0.224387
8570,0.9544,7.8608,4.3132,2.353,15.4813,0.137119
8571,0.964,7.7478,4.3841,2.3402,15.436,0.079534
8572,0.9559,7.7598,4.287,2.2973,15.2999,0.135106
8573,0.9029,7.7858,4.3252,2.2985,15.3123,0.102293
8574,0.978,7.7578,4.3232,2.2974,15.3565,0.123123
8575,0.9716,7.7621,4.2931,2.3274,15.3542,0.138157
8576,0.9662,7.7939,4.2893,2.3338,15.3831,0.154528
8577,0.8947,7.7408,4.2889,2.3504,15.2748,0.088096
8578,0.9246,7.7757,4.2966,2.2967,15.2936,0.110262
8579,0.9486,7.7684,4.3078,2.2996,15.3244,0.141257
8580,1.0027,7.7063,4.3102,2.3018,15.321,0.166873
8581,0.9055,7.7886,4.3005,2.3298,15.3243,0.196153
8582,0.9296,7.7455,4.3037,2.3336,15.3125,0.270146
8583,0.9315,7.6871,4.3115,2.3393,15.2695,0.30648
8584,0.9772,8.1709,4.2963,2.351,15.7955,0.288781
8585,0.9144,7.7752,4.3243,2.3409,15.3548,0.157037
8586,0.9542,7.7421,4.2718,2.3272,15.2954,0.233671
8587,1.0152,7.8146,4.3088,2.3253,15.4639,0.664225
8588,0.9977,7.7489,4.3714,2.3049,15.4228,0.7194
8589,0.9022,7.8297,4.3437,2.3334,15.409,0.706292
8590,0.9504,7.7954,4.291,2.3331,15.3699,0.782779
8591,0.9643,7.8217,4.3088,2.3501,15.4449,0.802641
8592,0.9612,7.7356,4.3159,2.3429,15.3556,0.79459
8593,0.8912,7.7955,4.3366,2.3142,15.3375,0.754232
8594,0.9909,7.8485,4.2948,2.303,15.4371,0.771202
8595,1.003,7.7701,4.3266,2.3007,15.4004,0.7632
8596,0.9729,7.7474,4.3061,2.3313,15.3578,0.804304
8597,0.92,7.8266,4.3075,2.3354,15.3895,0.779218
8598,0.9562,7.8114,4.2867,2.356,15.4104,0.667197
8599,0.9208,7.7482,4.3134,2.3377,15.3201,0.635251
8600,0.9285,7.8194,4.3168,2.3023,15.367,0.591386
8601,0.944,7.8022,4.3,2.3175,15.3637,0.53042
8602,0.9918,7.8557,4.2925,2.3024,15.4424,0.290791
8603,0.975,7.8413,4.2893,2.3463,15.4519,0.285769
8604,0.9348,7.7406,4.3041,2.3315,15.3109,0.277995
8605,0.9269,8.4827,4.3258,2.3328,16.0682,0.296711
8606,0.9467,7.8444,4.2787,2.349,15.4188,0.292048
8607,0.971,7.7619,4.2802,2.3498,15.3629,0.251339
8608,0.9446,7.7641,4.2887,2.3157,15.3131,0.275971
8609,0.9206,7.9205,4.2805,2.3388,15.4604,0.268712
8610,0.9919,7.7615,4.3142,2.3612,15.4288,0.274195
8611,0.9397,8.3276,4.3071,2.3069,15.8813,0.291919
8612,0.9381,7.8382,4.2885,2.3171,15.382,0.380626
8613,0.9247,7.8168,4.2908,2.331,15.3633,0.311278
8614,0.9598,7.8024,4.3333,2.3223,15.4179,0.363842
8615,0.9416,7.8032,4.2915,2.3462,15.3826,0.291811
8616,0.9474,7.719,4.3235,2.3733,15.3631,0.326185
8617,0.9169,7.8434,4.3107,2.3125,15.3835,0.322001
8618,0.9623,7.7427,4.2956,2.3016,15.3022,0.226188
8619,0.9588,7.8346,4.2626,2.3326,15.3886,0.206917
8620,0.9452,7.7936,4.2726,2.3374,15.3489,0.225474
8621,0.915,7.89,4.3301,2.3259,15.4609,0.241817
8622,0.9277,7.7651,4.2658,2.3344,15.2931,0.269736
8623,0.9631,7.8896,4.2795,2.335,15.4672,0.271959
8624,0.9533,7.7711,4.317,2.3315,15.3728,0.999002
8625,0.9551,7.7606,4.3566,2.291,15.3632,0.999991
8626,0.9542,7.834,4.3181,2.2944,15.4008,0.999995
8627,0.9627,7.736,4.2907,2.3178,15.3072,0.999967
8628,0.9472,7.7604,4.2884,2.3306,15.3266,0.999876
8629,0.9194,7.7806,4.3039,2.3389,15.3427,0.998646
8630,0.9547,7.7453,4.3117,2.3037,15.3154,0.996747
8631,0.9314,7.8157,4.2829,2.3025,15.3325,0.961063
8632,0.9656,7.7834,4.3011,2.3022,15.3523,0.95455
8633,0.9822,7.8062,4.3041,2.324,15.4165,0.919926
8634,0.9519,7.8128,4.3005,2.322,15.3873,0.833099
8635,0.8846,7.7611,4.3125,2.3484,15.3067,0.626753
8636,0.914,7.7209,4.3373,2.343,15.3152,0.514524
8637,0.9477,8.1366,4.3132,2.3329,15.7304,0.452102
8638,0.9618,7.7619,4.3211,2.3403,15.3851,0.458995
8639,0.9465,7.8283,5.8138,2.3387,16.9272,0.402722
8640,0.9568,7.88,4.3013,2.3443,15.4823,0.372783
8641,0.9601,7.7482,4.3348,2.2989,15.342,0.355238
8642,0.9942,7.7549,4.2922,2.3051,15.3464,0.328246
8643,0.9115,8.5118,4.2945,2.3136,16.0314,0.252527
8644,0.9423,7.821,4.3179,2.3135,15.3946,0.262571
8645,0.9372,7.7672,4.2911,2.3228,15.3183,0.205237
8646,0.9564,7.7747,4.2889,2.3336,15.3536,0.192647
8647,0.9289,7.7887,4.3067,2.3359,15.3602,0.171106
8648,0.9532,7.8039,4.3034,2.2956,15.3562,0.292135
8649,0.9596,7.7541,4.3174,2.2885,15.3195,0.274638
8650,0.9557,7.7293,4.2764,2.3109,15.2723,0.064858
8651,0.9162,7.8192,4.3072,2.3338,15.3764,0.083737
8652,0.9374,7.8242,4.2995,2.3155,15.3766,0.065667
8653,0.9288,8.3849,4.2969,2.3216,15.9322,0.196026
8654,0.9233,7.7591,4.3082,2.3425,15.3331,0.083292
8655,0.9157,7.7985,4.3365,2.3446,15.3953,0.078649
8656,0.9379,7.8912,4.3269,2.3033,15.4594,0.192161
8657,0.972,7.7772,4.333,2.2856,15.3678,0.848679
8658,0.9771,7.7393,4.2768,2.3009,15.2941,0.715884
8659,0.9109,8.7494,4.3081,2.3106,16.279,0.103407
8660,0.9651,7.7685,4.2963,2.3121,15.3419,0.102362
8661,0.9579,7.793,4.2902,2.3269,15.368,0.010744
8662,0.9253,7.7288,4.2483,2.319,15.2213,0.020844
8663,0.9205,7.8483,4.388,2.3351,15.492,0.019006
8664,0.9306,8.0922,4.2974,2.3474,15.6676,0.004422
8665,0.9777,7.7909,4.3252,2.2926,15.3863,0.005192
8666,0.9955,7.8307,4.2769,2.3114,15.4144,0.011386
8667,0.9234,7.8868,4.3239,2.316,15.4501,0.010561
8668,0.935,7.911,4.2903,2.3137,15.45,0.009718
8669,0.9637,7.8089,4.2906,2.3361,15.3993,0.014843
8670,0.9723,7.7796,4.3087,2.3358,15.3964,0.006999
8671,0.9123,7.8667,4.3027,2.3453,15.4271,0.011766
8672,0.9508,7.8999,4.2858,2.3295,15.4661,0.008278
8673,0.9301,7.8139,4.3028,2.3174,15.3642,0.006528
8674,0.9927,7.7591,4.2806,2.3056,15.338,0.004235
8675,0.8942,8.1759,4.293,2.3088,15.6718,0.011509
8676,0.9246,7.8227,4.2896,2.3211,15.358,0.014826
8677,0.9597,7.8951,4.3409,2.3235,15.5191,0.010978
8678,0.9628,7.7466,4.2949,2.3238,15.3281,0.008213
8679,0.9173,7.8007,4.2855,2.3388,15.3424,0.006174
8680,0.9309,7.7602,4.3048,2.3034,15.2993,0.006602
8681,0.9983,7.7476,4.2976,2.3136,15.3571,0.007288
8682,0.9968,7.8021,4.2934,2.2947,15.387,0.006486
8683,0.9016,7.7569,4.3061,2.3414,15.3059,0.006496
8684,0.9459,7.7698,4.3021,2.3263,15.344,0.007546
8685,0.9736,7.7873,4.2934,2.3416,15.3959,0.007504
8686,0.956,7.7768,4.2821,2.3288,15.3438,0.007387
8687,0.9162,7.778,4.289,2.3016,15.2849,0.011993
8688,0.9851,7.7886,4.2814,2.3073,15.3624,0.01032
8689,0.9975,7.7531,4.2759,2.3118,15.3383,0.010425
8690,0.9486,8.0707,4.2745,2.317,15.6108,0.009271
8691,0.9122,7.8527,4.297,2.3465,15.4085,0.009547
8692,0.9413,7.8881,4.3124,2.3377,15.4795,0.024258
8693,0.9783,7.8301,4.3077,2.3572,15.4734,0.995584
8694,0.9591,7.7695,4.3173,2.3196,15.3656,0.999655
8695,0.8953,7.7748,4.3233,2.3151,15.3084,0.999811
8696,0.9642,7.8225,4.3115,2.2995,15.3976,0.999373
8697,0.9683,7.7615,4.2669,2.3193,15.316,0.99661
8698,0.9666,7.8411,4.2974,2.335,15.4401,0.989059
8699,0.9152,7.744,4.2787,2.3291,15.2671,0.986716
8700,0.9581,7.8579,4.2728,2.3513,15.4401,0.829626
8701,0.9628,7.7655,4.2975,2.3116,15.3374,0.636894
8702,0.959,7.8039,4.3367,2.3072,15.4068,0.594346
8703,0.9474,7.8193,4.2903,2.3173,15.3743,0.514184
8704,0.9311,7.9792,4.292,2.2945,15.4968,0.516853
8705,0.9588,7.9078,4.3147,2.3196,15.501,0.377733
8706,0.9594,7.8038,4.3009,2.3265,15.3906,0.352156
8707,0.8946,7.724,4.3025,2.3484,15.2695,0.236263
8708,0.9201,7.8125,4.2957,2.3492,15.3775,0.32348
8709,0.9432,7.758,4.2907,2.3104,15.3023,0.220149
8710,0.9968,7.7531,4.2734,2.2915,15.3148,0.027588
8711,0.9193,8.4903,4.3295,2.305,16.044,0.039534
8712,0.9196,7.8596,4.33,2.3126,15.4218,0.056259
8713,0.9765,7.7934,4.3026,2.3202,15.3926,0.040983
8714,0.9587,7.7658,4.2574,2.3079,15.2897,0.065234
8715,0.9138,8.549,4.2565,2.3179,16.0372,0.034724
8716,0.9329,7.7741,4.3115,2.3441,15.3626,0.030355
8717,0.973,8.0803,4.2971,2.3533,15.7038,0.022759
8718,0.952,7.7479,4.2702,2.3178,15.2878,0.023576
8719,0.9326,7.839,4.3379,2.3072,15.4167,0.023666
8720,0.9709,7.7716,6.2471,2.3306,17.3202,0.029392
8721,0.9719,7.8909,4.2915,2.3458,15.5002,0.015541
8722,0.9625,7.8005,4.3003,2.3057,15.369,0.016971
8723,0.9086,7.8676,4.2904,2.3179,15.3845,0.021735
8724,0.9518,7.7771,4.3196,2.311,15.3595,0.019114
8725,0.9818,7.7701,4.265,2.3273,15.3442,0.022647
8726,0.9696,7.7443,4.2798,2.3321,15.3258,0.038343
8727,0.8892,7.7852,4.2683,2.3444,15.2871,0.034976
8728,0.9221,7.7543,4.3106,2.3352,15.3222,0.039969
8729,0.9607,7.7817,4.2992,2.2973,15.3388,0.028353
8730,0.9822,7.8309,4.2903,2.2938,15.3971,0.025168
8731,0.8962,7.8033,4.2907,2.3215,15.3118,0.019983
8732,0.9216,7.7948,4.2928,2.3348,15.344,0.024503
8733,0.961,7.8947,4.3107,2.3219,15.4882,0.020604
8734,0.9624,7.831,4.2946,2.3323,15.4203,0.021166
8735,0.9007,7.8298,4.3256,2.3378,15.3939,0.022623
8736,0.9266,7.8107,4.2932,2.3086,15.339,0.017427
8737,0.9793,7.8015,4.3125,2.3143,15.4076,0.033593
8738,0.9826,7.7367,4.2998,2.2985,15.3175,0.033438
8739,0.9155,8.2289,4.2733,2.3927,15.8104,0.080855
8740,0.95,7.8599,4.2729,2.366,15.4489,0.009667
8741,0.9741,7.9109,4.301,2.3356,15.5215,0.001693
8742,0.9684,7.7603,4.2946,2.3461,15.3695,0.002013
8743,0.8888,8.0781,4.3285,2.421,15.7164,0.000692
8744,0.937,7.8471,4.2758,2.3159,15.3758,0.000759
8745,0.9679,7.8363,4.33,2.2927,15.4268,0.00104
8746,0.9778,7.78,4.3027,2.3111,15.3716,0.00088
8747,0.8968,7.8444,4.2529,2.313,15.3071,0.000799
8748,0.9314,7.7825,4.28,2.3192,15.3131,0.000425
8749,0.9805,7.8756,4.2782,2.3385,15.4727,0.000422
8750,0.9712,7.7763,4.2829,2.3438,15.3742,0.000442
8751,0.8895,7.8158,4.3318,2.3102,15.3473,0.000736
8752,0.9244,7.7834,4.3192,2.311,15.3379,0.000811
8753,0.9951,7.8259,4.2967,2.3067,15.4244,0.999153
8754,0.9728,7.7715,4.2943,2.3278,15.3665,0.999905
8755,0.8869,7.7593,4.3072,2.3233,15.2768,0.999918
8756,0.9197,7.7668,4.2983,2.3313,15.3162,0.999941
8757,0.968,7.7682,4.319,2.3504,15.4056,0.999905
8758,0.9668,7.8042,4.2822,2.3138,15.367,0.999931
8759,0.9397,7.8707,4.316,2.3028,15.4293,0.999965
8760,0.9515,7.7898,4.2836,2.3064,15.3314,0.999952
8761,0.9534,7.8231,4.2982,2.3294,15.4041,0.993867
8762,0.9312,7.7503,4.2773,2.3378,15.2966,0.635929
8763,0.9187,7.8861,4.3141,2.3422,15.4611,0.006178
8764,0.9446,7.8102,4.3083,2.3478,15.4109,0.010767
8765,0.9634,7.8242,4.3132,2.3256,15.4264,0.014305
8766,0.9577,7.7468,4.2746,2.3018,15.2809,0.00295
8767,0.9441,7.8378,4.3158,2.2925,15.3902,0.003595
8768,0.9354,7.8118,4.3525,2.3198,15.4195,0.012986
8769,0.9644,7.8764,4.3011,2.3286,15.4705,0.006795
8770,0.9767,8.167,4.2981,2.3232,15.765,0.00794
8771,0.8979,7.7492,4.3235,2.3296,15.3003,0.009
8772,0.9291,7.8095,4.3406,2.3935,15.4728,0.009111
8773,0.9612,7.7734,4.3176,2.3045,15.3567,0.007998
8774,0.9684,7.7298,4.2693,2.3026,15.2701,0.007546
8775,0.9304,7.8628,4.3177,2.2993,15.4102,0.005775
8776,0.926,7.7668,4.2827,2.3213,15.2969,0.006338
8777,0.9706,7.7833,4.2968,2.3442,15.3949,0.006494
8778,0.9493,7.7132,4.2953,2.3568,15.3147,0.007497
8779,0.9057,7.7244,4.3063,2.3363,15.2726,0.007304
8780,0.9251,7.9472,4.3192,2.3086,15.5001,0.009412
8781,0.9932,7.7953,4.2793,2.3105,15.3783,0.010325
8782,0.9638,7.6661,4.3387,2.4542,15.4228,0.013734
8783,1.0999,7.9371,4.311,2.3017,15.6498,0.013283
8784,0.9304,7.796,4.2932,2.3278,15.3473,0.008858
8785,0.9652,7.8812,4.2892,2.3574,15.4929,0.009709
8786,0.9712,7.7213,4.327,2.3502,15.3696,0.010162
8787,0.919,7.8632,4.313,2.343,15.4382,0.008131
8788,0.9463,7.7752,4.2991,2.3161,15.3367,0.011956
8789,1.0011,7.7927,4.2998,2.3046,15.3982,0.013478
8790,0.9848,7.8177,4.314,2.3258,15.4422,0.01748
8791,0.9127,7.9117,4.3149,2.3586,15.498,0.003419
8792,0.9185,7.9003,4.266,2.3275,15.4124,0.008506
8793,0.9609,7.8035,4.2773,2.3453,15.387,0.008763
8794,0.9676,7.768,4.3022,2.3342,15.372,0.010615
8795,0.9188,7.8367,4.3225,2.302,15.38,0.012218
8796,0.9837,8.1408,4.308,2.3095,15.7421,0.007717
8797,0.9949,7.8091,4.2966,2.3138,15.4144,0.008178
8798,1.0268,7.6886,4.3083,2.3014,15.3251,0.016389
8799,0.9206,7.8255,4.3052,2.3258,15.377,0.015327
8800,0.9442,7.8513,4.3139,2.3472,15.4567,0.015162
8801,0.949,7.7678,4.3385,2.3459,15.4011,0.00993
8802,0.9593,7.7997,4.2739,2.3386,15.3715,0.010407
8803,0.9297,7.7858,4.3037,2.3209,15.3401,0.012647
8804,0.9799,7.8241,4.3914,2.3028,15.4982,0.016057
8805,0.9857,7.7318,4.3226,2.3095,15.3497,0.014615
8806,0.9669,7.7518,4.3124,2.3364,15.3674,0.013005
8807,0.9139,7.831,4.3139,2.3342,15.393,0.100378
8808,0.9537,7.8316,4.2829,2.3377,15.4058,0.014563
8809,0.9411,7.872,4.2736,2.3542,15.4408,0.013245
8810,0.9412,7.7712,4.2886,2.3271,15.3281,0.015044
8811,0.9061,7.9002,4.3087,2.3104,15.4253,0.012594
8812,0.9769,7.8257,4.2828,2.3247,15.4101,0.012516
8813,0.9621,7.8,4.2934,2.3005,15.3561,0.016831
8814,0.9416,7.8115,4.2694,2.3271,15.3496,0.015215
8815,0.9195,7.8256,4.3031,2.3262,15.3744,0.011277
8816,0.9507,7.7839,4.286,2.3347,15.3554,0.081191
8817,0.9435,7.719,4.3157,2.3216,15.2999,0.058723
8818,0.9823,7.764,4.2954,2.2899,15.3316,0.058441
8819,0.9514,7.8535,4.273,2.3166,15.3944,0.057988
8820,0.957,7.8158,4.2697,2.3281,15.3706,0.061043
8821,0.9636,7.7859,4.2711,2.3242,15.3448,0.063029
8822,0.9291,7.8764,4.3105,2.3431,15.459,0.077835
8823,0.9357,8.2991,4.3142,2.3335,15.8825,0.067367
8824,0.9526,7.8149,4.2995,2.3489,15.4159,0.070346
8825,0.9904,7.7708,4.2854,2.3042,15.3508,0.076009
8826,0.9627,7.7609,4.3236,2.3076,15.3548,0.080617
8827,0.9665,7.772,4.2847,2.3113,15.3345,0.008528
8828,0.952,7.7904,4.2982,2.3275,15.3681,0.071825
8829,0.9747,7.7329,4.2849,2.3256,15.3182,0.009454
8830,0.9326,7.7437,4.2966,2.3211,15.2941,0.008375
8831,0.9181,7.802,4.3428,2.3342,15.3971,0.008151
8832,0.9507,7.7711,4.3089,2.2917,15.3225,0.007157
8833,1.0026,7.7742,4.3192,2.3133,15.4093,0.006693
8834,0.9672,7.6503,4.3286,2.295,15.2411,0.008092
8835,0.914,7.8448,4.3016,2.3396,15.4,0.007685
8836,0.9538,7.8187,4.2955,2.3406,15.4086,0.006994
8837,0.9766,7.7059,4.2822,2.344,15.3088,0.008106
8838,0.9287,7.8095,4.3054,2.3523,15.3958,0.005968
8839,0.9228,7.7883,4.287,2.3111,15.3092,0.005366
8840,0.9904,7.8271,4.3147,2.3164,15.4486,0.006329
8841,0.9962,7.8491,4.311,2.3143,15.4706,0.005978
8842,0.9674,7.8526,4.2844,2.3366,15.4409,0.006393
8843,0.8985,7.8219,4.2807,2.3305,15.3316,0.007951
8844,0.9368,7.7754,4.2923,2.342,15.3465,0.007675
8845,0.955,7.8404,4.2936,2.3577,15.4467,0.007457
8846,0.9318,7.7058,4.3028,2.3044,15.2449,0.009787
8847,0.9496,7.7967,4.3428,2.314,15.4031,0.009421
8848,0.9529,7.842,4.3227,2.2954,15.4129,0.008923
8849,0.9624,8.1186,4.3133,2.3028,15.6971,0.008737
8850,0.9623,7.8212,4.2815,2.328,15.3931,0.009436
8851,0.9043,7.8723,4.2925,2.3407,15.4098,0.006618
8852,0.9434,7.8732,4.3146,2.3269,15.4582,0.006771
8853,0.973,7.7426,4.3279,2.3446,15.388,0.006497
8854,0.9319,7.7647,4.3273,2.3268,15.3506,0.053144
8855,0.9402,7.8135,4.3436,2.3069,15.4042,0.046359
8856,0.9796,7.7634,4.327,2.3123,15.3823,0.049103
8857,0.9801,7.8489,4.2941,2.3264,15.4494,0.040596
8858,0.9332,7.7475,4.2713,2.3024,15.2543,0.045427
8859,0.8888,7.7613,4.301,2.3394,15.2906,0.066695
8860,0.9205,7.784,4.3056,2.3253,15.3353,0.020308
8861,0.9669,7.803,4.3649,2.3072,15.442,0.02377
8862,0.9811,7.7198,4.3035,2.3344,15.3388,0.022858
8863,0.8905,7.7996,4.3332,2.304,15.3273,0.022544
8864,0.938,7.7036,4.2965,2.3163,15.2543,0.031531
8865,0.9543,7.7884,4.2991,2.3415,15.3834,0.030891
8866,0.9358,7.7099,4.3102,2.3527,15.3086,0.032593
8867,0.8897,7.8105,4.3198,2.2954,15.3154,0.033114
8868,0.9539,7.7068,4.3022,2.317,15.2799,0.024222
8869,0.9855,7.9505,4.3376,2.3112,15.5848,0.028535
8870,0.9555,7.7496,4.2897,2.3141,15.3089,0.027854
8871,0.9021,7.7847,4.3221,2.3304,15.3394,0.027539
8872,0.9364,7.8698,4.3249,2.3389,15.47,0.028284
8873,0.9707,7.7417,4.3521,2.3771,15.4416,0.028517
8874,0.9585,7.8362,4.3151,2.3303,15.4401,0.025168
8875,0.8905,7.9342,4.3148,2.3162,15.4557,0.943383
8876,0.9568,8.1022,4.2917,2.3278,15.6786,0.999952
8877,1.0039,7.7519,4.3159,2.3162,15.3879,0.999965
8878,0.9672,7.7706,4.3146,2.3311,15.3835,0.999979
8879,0.9462,7.7279,4.2559,2.3317,15.2617,0.998279
8880,0.9198,7.7133,4.2833,2.3391,15.2555,0.137541
8881,0.9087,7.8036,4.3084,2.347,15.3677,0.001173
8882,0.9445,7.8542,4.3405,2.2958,15.435,0.000446
8883,0.963,7.7956,4.349,2.3333,15.4409,0.000296
8884,0.9755,7.7678,4.2702,2.3123,15.3257,0.000243
8885,0.9137,7.7978,4.2933,2.331,15.3357,0.000242
8886,0.9585,7.8195,4.3182,2.3346,15.4307,0.00041
8887,0.9586,7.7401,4.2998,2.3229,15.3214,0.000566
8888,0.9406,7.7414,4.2738,2.3347,15.2906,0.001128
8889,0.9256,7.7663,4.2905,2.3123,15.2946,0.00109
8890,1.0005,7.8483,4.2751,2.2982,15.4221,0.001256
8891,0.9767,7.7868,4.3344,2.3011,15.399,0.000983
8892,0.9381,7.7659,4.293,2.3341,15.331,0.07041
8893,0.8975,7.8411,4.2958,2.3358,15.3702,0.051864
8894,0.9607,7.7635,4.2876,2.3379,15.3497,0.003671
8895,0.9589,7.7745,4.3425,2.3526,15.4284,0.004724
8896,0.9581,7.7075,4.336,2.3122,15.3138,0.004007
8897,0.9452,7.7476,4.3395,2.2986,15.331,0.002978
8898,0.9531,7.8347,4.3026,2.3059,15.3963,0.003621
8899,0.9701,7.9021,4.3077,2.3244,15.5043,0.004028
8900,0.96,7.7697,4.2637,2.3175,15.3108,0.001165
8901,0.8905,7.8614,4.3324,2.3364,15.4206,0.003742
8902,0.9542,8.1377,4.3,2.3444,15.7363,0.004245
8903,0.9595,7.7778,4.2749,2.3051,15.3174,0.005345
8904,0.9484,7.8163,4.2876,2.3178,15.3701,0.006435
8905,0.9243,7.7888,4.3568,2.3173,15.3872,0.001045
8906,0.9587,7.8605,4.2648,2.3293,15.4133,0.006672
8907,0.9606,7.8102,4.2814,2.3188,15.371,0.001542
8908,0.9676,7.7612,4.2897,2.3365,15.355,0.018659
8909,0.909,7.7934,4.317,2.3313,15.3508,0.019021
8910,0.9615,7.8268,4.3294,2.3357,15.4534,0.019442
8911,0.9484,7.6974,4.2761,2.2932,15.215,0.015201
8912,0.9507,7.7209,4.4943,2.4082,15.5742,0.020611
8913,0.9576,7.8079,4.3217,2.3106,15.3978,0.02225
8914,0.9681,7.8347,4.2971,2.3324,15.4324,0.012164
8915,0.9549,7.757,4.3143,2.3218,15.348,0.019435
8916,0.954,7.8034,4.2857,2.3453,15.3884,0.021606
8917,0.9011,7.819,4.3255,2.3365,15.3821,0.022977
8918,0.9626,7.791,4.2975,2.2953,15.3464,0.01434
8919,0.9857,7.7775,4.2928,2.2974,15.3534,0.015257
8920,0.9551,7.7842,4.3133,2.315,15.3677,0.012171
8921,0.9015,7.7823,4.3049,2.3257,15.3143,0.006516
8922,0.9656,7.7639,4.3161,2.3592,15.4048,0.012867
8923,0.9444,7.7942,4.3457,2.3485,15.4329,0.020445
8924,0.9431,7.7828,4.3123,2.3407,15.3789,0.017545
8925,0.9173,7.7799,4.2949,2.3166,15.3086,0.019989
8926,0.9641,7.8354,4.3097,2.3024,15.4116,0.020537
8927,0.9923,7.8286,4.3208,2.3062,15.4478,0.021625
8928,0.9431,7.7689,4.2992,2.333,15.3442,0.018084
8929,0.9281,8.2584,4.3143,2.322,15.8228,0.014355
8930,0.9264,7.7966,4.3017,2.3387,15.3634,0.01402
8931,0.9588,7.7325,4.292,2.3702,15.3535,0.015718
8932,0.9509,7.8333,4.2848,2.3393,15.4083,0.014893
8933,0.93,7.7422,4.337,2.3053,15.3145,0.016217
8934,1.0013,7.9521,4.2983,2.3265,15.5782,0.017216
8935,0.9918,7.7787,4.2969,2.3103,15.3777,0.020576
8936,0.9624,7.8122,4.2798,2.333,15.3875,0.022263
8937,0.9184,7.7965,4.2824,2.341,15.3382,0.01756
8938,0.935,7.7803,4.3016,2.3329,15.3497,0.016267
8939,0.9579,7.8078,4.2887,2.3573,15.4117,0.033308
8940,0.9554,7.715,4.306,2.3074,15.2839,0.033141
8941,0.9448,7.8122,4.3063,2.303,15.3662,0.03645
8942,0.9335,7.8247,4.3222,2.2976,15.378,0.022874
8943,0.9688,7.7568,4.2926,2.3323,15.3505,0.012377
8944,0.969,7.7995,4.2805,2.3403,15.3893,0.034693
8945,0.9224,7.8073,4.2798,2.3358,15.3453,0.005843
8946,0.9397,7.7822,4.3121,2.3488,15.3827,0.007592
8947,0.9685,7.7527,4.2663,2.2952,15.2828,0.006346
8948,0.971,7.7177,4.2874,2.2909,15.267,0.02892
8949,0.9382,7.8364,4.3054,2.3068,15.3868,0.005625
8950,0.9629,7.7703,4.321,2.3372,15.3914,0.005025
8951,0.9608,7.8708,4.3012,2.3476,15.4805,0.004282
8952,0.964,7.7264,4.2966,2.3445,15.3314,0.006166
8953,0.9174,7.7568,4.3269,2.3148,15.3159,0.009081
8954,0.999,7.7223,4.2822,2.31,15.3134,0.00589
8955,1.0041,8.0533,4.3146,2.2989,15.671,0.00472
8956,0.9698,7.8033,4.3218,2.3039,15.3988,0.006261
8957,0.8984,7.78,4.3176,2.34,15.336,0.006814
8958,0.9697,7.88,4.2873,2.3477,15.4847,0.004857
8959,0.9636,7.7738,4.2902,2.3336,15.3613,0.004593
8960,0.9627,7.8713,4.3246,2.37,15.5286,0.011542
8961,0.908,7.8456,4.2936,2.3197,15.3669,0.999975
8962,0.9827,7.8377,4.2916,2.3146,15.4267,0.999976
8963,1.002,7.8337,4.3207,2.3073,15.4636,0.999993
8964,0.9719,7.7628,4.2716,2.3224,15.3288,0.999991
8965,0.9176,7.8335,4.2896,2.3243,15.365,0.999728
8966,0.9338,7.7452,4.2823,2.3313,15.2925,0.737086
8967,0.9417,7.7628,4.2634,2.3302,15.2981,0.0599
8968,0.9572,7.7805,4.3245,2.3103,15.3726,0.011887
8969,0.9419,7.7786,4.2732,2.2982,15.2919,0.007213
8970,1.0051,7.7509,4.3255,2.2943,15.3757,0.007474
8971,0.9466,7.7682,4.2905,2.3173,15.3227,0.009182
8972,0.9657,7.7382,4.2796,2.3455,15.329,0.007485
8973,0.9175,7.8092,4.3371,2.3473,15.411,0.013824
8974,0.9644,7.7804,4.2788,2.3341,15.3578,0.009242
8975,0.9762,7.7596,4.2981,2.3038,15.3377,0.00806
8976,0.9819,7.7421,4.3054,2.296,15.3254,0.007178
8977,0.9124,7.8549,4.2998,2.3157,15.3827,0.022869
8978,0.9624,7.7685,4.2949,2.3402,15.366,0.02322
8979,0.9339,7.7422,4.2741,2.3332,15.2834,0.021533
8980,0.9419,7.734,4.2855,2.3463,15.3076,0.021495
8981,0.9152,7.7726,4.2859,2.3069,15.2806,0.018019
8982,0.9739,8.0755,4.2714,2.3042,15.6249,0.016404
8983,0.9701,7.7282,4.2613,2.3064,15.266,0.021218
8984,0.917,7.8168,4.2842,2.327,15.3451,0.021874
8985,0.9244,7.7436,4.3235,2.3397,15.3312,0.016802
8986,0.9675,7.8536,4.2692,2.349,15.4393,0.026514
8987,0.9745,7.7836,4.3138,2.3384,15.4104,0.012495
8988,0.9427,7.7668,4.259,2.3133,15.2818,0.00945
8989,0.9159,7.7445,4.2658,2.3132,15.2395,0.00918
8990,1.0619,7.8411,4.3186,2.3086,15.5302,0.010472
8991,0.937,7.7948,4.2996,2.3219,15.3533,0.010316
8992,0.9717,7.7837,4.3156,2.3151,15.3862,0.010189
8993,0.9051,7.7184,4.3105,2.3552,15.2892,0.008431
8994,0.9685,7.7654,4.3389,2.3331,15.4059,0.007103
8995,0.9499,7.7928,4.3022,2.2898,15.3347,0.006983
8996,0.9734,7.7468,4.2925,2.2982,15.3109,0.007838
8997,0.9548,7.7639,4.2892,2.2969,15.3048,0.00459
8998,0.941,7.7305,4.2429,2.5202,15.4345,0.004328
8999,0.9646,7.7496,4.2878,2.3142,15.3161,0.003844
9000,0.9779,7.7573,4.2654,2.3458,15.3464,0.003604
9001,0.9394,7.8896,4.2968,2.3393,15.4652,0.004284
9002,0.939,7.7679,4.3234,2.3165,15.3468,0.004772
9003,0.9909,7.7977,4.3233,2.3098,15.4217,0.004368
9004,1.008,7.8026,4.3003,2.312,15.4229,0.005391
9005,0.9075,7.8625,4.3017,2.3391,15.4108,0.003561
9006,0.9391,7.7503,4.2937,2.3467,15.3298,0.005757
9007,0.9444,7.7642,4.3218,2.3416,15.372,0.007548
9008,0.9627,8.0256,4.2877,2.3538,15.6298,0.00887
9009,0.901,7.7598,4.3292,2.3349,15.325,0.007576
9010,0.9451,7.708,4.3269,2.3204,15.3003,0.010142
9011,1.0039,7.7574,4.3579,2.3138,15.4329,0.009885
9012,0.9661,7.83,4.3214,2.3022,15.4197,0.009672
9013,0.9125,7.7794,4.3281,2.3392,15.3592,0.008847
9014,0.9553,7.8061,4.2877,2.3391,15.3883,0.011814
9015,0.957,7.7342,4.3191,2.3477,15.358,0.011832
9016,0.9624,7.7517,4.3137,2.3383,15.366,0.011999
9017,0.9369,7.8772,4.331,2.3065,15.4516,0.010522
9018,1.0041,7.7992,4.2845,2.3158,15.4036,0.010335
9019,0.995,7.7284,4.324,2.3126,15.3599,0.012578
9020,0.9732,7.779,4.2951,2.3174,15.3646,0.011805
9021,0.9174,7.783,4.2883,2.321,15.3097,0.010118
9022,0.9442,7.7225,4.2739,2.3486,15.2892,0.014179
9023,0.9595,7.8282,4.3087,2.331,15.4275,0.012735
9024,0.9532,7.7628,4.3088,2.2964,15.3212,0.014401
9025,0.9359,7.8383,4.3211,2.3077,15.403,0.015823
9026,0.9743,7.7956,4.3056,2.2868,15.3623,0.014098
9027,0.9438,7.7217,4.2963,2.3344,15.2961,0.013939
9028,0.9338,7.7606,4.2786,2.3316,15.3046,0.013003
9029,0.8914,7.8093,4.2885,2.3809,15.3701,0.012877
9030,0.9643,7.7617,4.3018,2.302,15.3298,0.015549
9031,0.9772,7.7625,4.3194,2.3032,15.3623,0.020519
9032,0.9824,7.7335,4.2721,2.2959,15.2838,0.021095
9033,0.8888,7.8571,4.2738,2.3215,15.3412,0.023508
9034,0.9603,7.8173,4.304,2.3278,15.4093,0.028358
9035,0.9341,8.0512,4.3308,2.3251,15.6413,0.024186
9036,0.9364,7.7123,4.3312,2.355,15.3349,0.022217
9037,0.9282,7.8287,4.3354,2.3287,15.421,0.016406
9038,0.965,7.7658,4.2914,2.2973,15.3196,0.020558
9039,0.9721,7.7926,4.3279,2.3009,15.3935,0.019619
9040,0.9255,7.7488,4.2739,2.3153,15.2635,0.020809
9041,0.8925,7.7724,4.3342,2.328,15.3271,0.020768
9042,0.9657,7.8058,4.3325,2.5123,15.6163,0.029077
9043,1.0051,7.8164,4.2995,2.3599,15.481,0.032162
9044,0.954,7.7689,4.3214,2.3458,15.3901,0.029471
9045,0.9047,8.3388,4.3226,2.3393,15.9054,0.024536
9046,0.9723,7.7542,4.3059,2.3056,15.338,0.029892
9047,0.9857,7.8001,4.3015,2.3113,15.3986,0.02732
9048,0.9326,7.8446,4.317,2.2943,15.3884,0.034878
9049,0.8964,7.7518,4.2882,2.333,15.2694,0.013299
9050,0.9699,7.7209,4.2793,2.3297,15.2999,0.01131
9051,0.9654,7.8228,4.2815,2.3353,15.4051,0.009346
9052,0.9253,7.7083,4.3359,2.3114,15.2809,0.035489
9053,0.9231,7.883,4.3432,2.3219,15.4711,0.012429
9054,1.0013,7.7392,4.278,2.3005,15.319,0.020029
9055,0.9693,7.874,4.282,2.3211,15.4464,0.008139
9056,0.9362,7.8619,4.2657,2.3353,15.399,0.007644
9057,0.9134,7.9587,4.3169,2.3435,15.5326,0.017166
9058,1.0115,7.7644,4.2908,2.3541,15.4208,0.008635
9059,0.9576,7.8686,4.2999,2.36,15.4861,0.008602
9060,0.9366,7.716,4.2488,2.3118,15.2132,0.007901
9061,0.9438,8.1378,4.3026,2.323,15.7071,0.022369
9062,0.9879,7.8024,4.3211,2.3123,15.4237,0.029554
9063,0.9403,7.8473,4.3431,2.293,15.4237,0.020665
9064,0.9279,7.7622,4.3248,2.3264,15.3413,0.017754
9065,0.9208,7.9207,4.2934,2.3328,15.4678,0.005247
9066,0.9437,7.7137,4.3365,2.3386,15.3325,0.012069
9067,0.9458,7.7412,4.3497,2.3571,15.3939,0.009114
9068,0.9437,7.7603,4.3394,2.3112,15.3546,0.008483
9069,0.9467,7.8472,4.3037,2.3138,15.4114,0.006575
9070,0.9381,7.8002,4.2519,2.2932,15.2834,0.006308
9071,0.9406,7.7655,4.2668,2.3323,15.3052,0.005066
9072,0.9402,7.7104,4.2943,2.3678,15.3127,0.014905
9073,0.9007,7.8168,4.2748,2.3453,15.3377,0.013001
9074,0.9661,7.7678,4.3267,2.2992,15.3597,0.012904
9075,0.9672,7.7242,4.3057,2.3095,15.3066,0.013067
9076,0.9735,7.7111,4.3184,2.308,15.3111,0.025727
9077,0.9091,7.8262,4.2779,2.3344,15.3476,0.024421
9078,0.9525,7.7493,4.3012,2.3295,15.3326,0.020628
9079,0.942,7.7408,4.2629,2.3323,15.278,0.017241
9080,0.9342,7.7648,4.2955,2.3361,15.3306,0.010053
9081,0.9092,7.862,4.3377,2.296,15.4049,0.008044
9082,0.9987,7.7529,4.3276,2.311,15.3902,0.039542
9083,0.937,7.7968,4.3514,2.3206,15.4057,0.033868
9084,0.9421,7.8056,4.2924,2.3339,15.3739,0.027852
9085,0.9179,7.8125,4.3109,2.3371,15.3784,0.021356
9086,0.9736,7.7238,4.2899,2.3392,15.3265,0.026581
9087,0.9713,7.8334,4.3101,2.3649,15.4798,0.08159
9088,0.9601,8.0695,4.2994,2.3126,15.6417,0.052459
9089,0.9161,7.8601,4.3178,2.3048,15.3988,0.057325
9090,0.9914,7.8151,4.2862,2.3139,15.4066,0.017464
9091,0.9616,7.8557,4.2869,2.325,15.4292,0.08053
9092,0.9636,7.8471,4.3015,2.3318,15.4441,0.068573
9093,0.8932,7.7952,4.2926,2.3572,15.3382,0.065865
9094,0.9723,7.7447,4.3138,2.3347,15.3654,0.071682
9095,0.9675,7.8363,4.312,2.3527,15.4685,0.074475
9096,0.9561,7.8764,4.3206,2.32,15.4731,0.062937
9097,0.9193,7.8226,4.3366,2.306,15.3845,0.062374
9098,1.0044,7.7754,4.3473,2.2967,15.4238,0.063003
9099,0.9423,7.7548,4.3161,2.3155,15.3287,0.055442
9100,0.9297,7.7336,4.2886,2.3394,15.2913,0.049679
9101,0.9407,7.8039,4.329,2.342,15.4156,0.063457
9102,0.9373,7.7139,4.3164,2.3595,15.3272,0.045831
9103,0.9483,7.7334,4.315,2.3033,15.3,0.033531
9104,0.969,7.7043,4.2933,2.3051,15.2717,0.181431
9105,0.9091,7.7757,4.3159,2.3377,15.3383,0.126098
9106,0.9438,7.7186,4.2892,2.3447,15.2962,0.150979
9107,0.9304,7.7465,4.3402,2.3544,15.3714,0.163661
9108,0.9605,7.6844,4.2922,2.3521,15.2892,0.184936
9109,0.9087,7.7515,4.3142,2.3142,15.2886,0.0303
9110,0.9895,7.7737,4.3357,2.315,15.4138,0.036665
9111,0.9787,7.6905,6.285,2.3339,17.2881,0.032947
9112,0.939,7.7317,4.3434,3.5045,16.5186,0.043445
9113,0.9183,7.7093,4.3259,2.3557,15.3092,0.059233
9114,0.9655,8.1156,4.3231,2.3332,15.7374,0.055821
9115,0.9397,7.7458,4.3182,2.3261,15.3298,0.053655
9116,0.9638,7.7916,4.3135,2.3136,15.3826,0.060709
9117,0.9431,7.7884,4.3394,2.3139,15.3848,0.058265
9118,0.9553,7.8546,4.2959,2.3185,15.4244,0.066111
9119,0.9679,7.7285,4.304,2.3359,15.3362,0.079709
9120,0.9371,7.7153,4.3285,2.3577,15.3385,0.07604
9121,0.9191,7.7197,4.3241,2.3382,15.3011,0.086776
9122,1.0224,7.7961,4.3267,2.3083,15.4534,0.095343
9123,0.9999,7.7392,4.3201,2.3039,15.363,0.085817
9124,0.9463,7.6747,4.3133,2.3095,15.2437,0.083086
9125,0.9231,7.8403,4.3156,2.3347,15.4137,0.086714
9126,0.9396,7.7045,4.2845,2.3358,15.2644,0.109965
9127,0.9819,7.7682,4.3112,2.35,15.4112,0.126079
9128,0.928,7.927,4.3009,2.3245,15.4804,0.033202
9129,0.9649,7.7052,4.2859,2.3147,15.2706,0.022035
9130,0.9399,7.7231,4.3117,2.3079,15.2827,0.998208
9131,0.8755,7.8292,4.3086,2.3345,15.3479,0.999985
9132,0.9488,7.7792,4.3536,2.3056,15.3872,0.999985
9133,0.9724,7.8609,4.3103,2.342,15.4856,0.999936
9134,0.9594,7.7644,4.3044,2.3267,15.3549,0.999605
9135,0.8999,7.7972,4.3316,2.3589,15.3876,0.977079
9136,0.9607,7.7388,4.309,2.3127,15.3213,0.922631
9137,0.9856,7.7567,4.3347,2.293,15.37,0.302516
9138,0.9495,7.7786,4.3128,2.3344,15.3754,0.226342
9139,0.9187,7.7355,4.3121,2.3278,15.2942,0.217868
9140,0.9566,7.7982,4.2923,2.3314,15.3785,0.23116
9141,0.9636,8.2043,4.3181,2.3465,15.8326,0.173842
9142,0.9897,7.7517,4.2894,2.3328,15.3635,0.159377
9143,0.9121,7.7259,4.3115,2.307,15.2565,0.133332
9144,0.9905,7.8151,4.3021,2.2977,15.4055,0.108159
9145,0.989,7.7679,4.3244,2.3149,15.3961,0.091937
9146,0.9606,7.7939,4.2791,2.32,15.3536,0.099357
9147,0.9172,7.7787,4.3155,2.3356,15.347,0.083643
9148,0.9562,7.7459,4.3118,2.3467,15.3606,0.100465
9149,0.9575,7.7941,4.2939,2.3398,15.3852,0.114329
9150,0.973,7.8134,4.3334,2.3003,15.4201,0.129225
9151,0.9596,7.7434,4.3127,2.3224,15.3381,0.121845
9152,1.0065,7.811,4.3068,2.301,15.4254,0.135363
9153,0.9611,7.7409,4.3019,2.3338,15.3376,0.114792
9154,0.9541,7.842,4.3122,2.3425,15.4507,0.099224
9155,0.9209,7.7892,4.3146,2.3454,15.37,0.098879
9156,0.9631,7.7655,4.3027,2.3509,15.3822,0.075306
9157,0.9609,7.7949,4.3027,2.2934,15.3518,0.078939
9158,0.9792,7.7037,4.294,2.3131,15.29,0.090749
9159,0.9553,7.7572,4.3142,2.3021,15.3287,0.072702
9160,0.9547,7.7863,4.2904,2.3232,15.3546,0.061878
9161,0.9766,7.773,4.3083,2.3225,15.3804,0.073796
9162,0.9596,7.7199,4.2888,2.323,15.2913,0.070108
9163,0.9384,7.7937,4.3101,2.3419,15.3841,0.046905
9164,0.9548,7.7679,4.2833,2.2856,15.2916,0.052578
9165,0.9882,7.7642,4.313,2.303,15.3684,0.053795
9166,0.9564,7.7075,4.2752,2.3278,15.2669,0.059324
9167,0.9152,8.1345,4.2989,2.3353,15.6839,0.064095
9168,0.9579,7.7788,4.2843,2.3308,15.3518,0.067008
9169,0.9635,7.7731,4.3131,2.3498,15.3994,0.06685
9170,0.9605,7.7683,4.2889,2.3444,15.362,0.073688
9171,0.891,7.7771,4.3135,2.3124,15.2941,0.063551
9172,0.9647,8.0547,4.4509,2.3135,15.7838,0.062343
9173,1.0054,7.7292,4.299,2.3031,15.3366,0.060527
9174,0.9665,7.7535,4.3165,2.3294,15.3658,0.049327
9175,0.8912,7.7675,4.2957,2.3356,15.2899,0.042341
9176,0.95,7.7374,4.2884,2.368,15.3437,0.048867
9177,0.9447,7.7802,4.3317,2.356,15.4126,0.045366
9178,0.9741,7.7055,4.2974,2.3081,15.2852,0.046605
9179,0.9375,7.7628,4.3372,2.3053,15.3427,0.043905
9180,0.9639,7.7135,4.3358,2.3108,15.3241,0.045668
9181,0.9637,7.7726,4.3016,2.3367,15.3747,0.038262
9182,0.9546,7.7538,4.2859,2.3235,15.3178,0.033936
9183,0.8925,7.7927,4.2976,2.3293,15.312,0.031825
9184,0.9529,7.7265,4.3173,2.3449,15.3416,0.034278
9185,0.9412,7.7526,4.3517,2.3159,15.3614,0.04063
9186,1.0006,7.7792,4.274,2.339,15.3927,0.034408
9187,0.8962,7.8441,4.3705,2.316,15.4268,0.030434
9188,0.9407,7.7956,4.3118,2.3577,15.4058,0.042083
9189,0.9476,7.8223,4.3202,2.3377,15.4278,0.039799
9190,0.9723,7.7372,4.317,2.3476,15.3741,0.041115
9191,0.9028,7.7914,4.3058,2.3471,15.3471,0.04131
9192,0.9664,7.7709,4.3275,2.3092,15.3741,0.041464
9193,1.0536,7.9635,4.3402,2.294,15.6514,0.037254
9194,0.9685,8.0766,4.3298,2.3052,15.6801,0.039269
9195,0.9292,7.6918,4.3284,2.2881,15.2375,0.035671
9196,0.9355,7.8367,4.3073,2.3292,15.4087,0.045046
9197,0.9828,7.7789,4.3135,2.3359,15.4111,0.044464
9198,0.9413,7.7072,4.279,2.3427,15.2702,0.041676
9199,0.8963,7.775,4.2959,2.3326,15.2999,0.031265
9200,0.9424,7.7683,4.2954,2.3097,15.3158,0.034436
9201,0.9941,7.7586,4.3353,2.2827,15.3707,0.032163
9202,0.9669,7.7356,4.3076,2.3348,15.3448,0.026247
9203,0.9093,7.7913,4.3196,2.3445,15.3647,0.016657
9204,0.9658,7.8012,4.3316,2.3368,15.4355,0.019004
9205,0.9678,7.7881,4.2983,2.3398,15.3939,0.021474
9206,0.9439,7.7517,4.319,2.305,15.3196,0.022496
9207,0.9154,7.7897,4.3237,2.3027,15.3315,0.037253
9208,0.9687,7.7612,4.3142,2.3221,15.3662,0.016315
9209,0.957,7.7886,4.2927,2.3294,15.3677,0.017316
9210,0.9292,7.7783,4.2867,2.3226,15.3168,0.094235
9211,0.9044,7.8124,4.3381,2.3218,15.3768,0.095001
9212,0.9358,7.7844,4.2987,2.354,15.3729,0.096727
9213,0.9588,7.8088,4.309,2.3114,15.388,0.091548
9214,0.9547,7.691,4.3086,2.3005,15.2547,0.026025
9215,0.9342,7.7475,4.3317,2.3013,15.3147,0.079868
9216,0.932,7.7832,4.3144,2.3286,15.3582,0.119009
9217,0.9747,7.722,4.3042,2.3157,15.3166,0.046646
9218,0.9298,7.6893,4.2932,2.3416,15.254,0.041152
9219,0.8927,7.7881,4.3254,2.3338,15.3399,0.034481
9220,0.9383,8.1158,4.3243,2.3194,15.6977,0.039639
9221,0.9999,7.7751,4.2918,2.2919,15.3587,0.033889
9222,1.004,7.7291,4.2885,2.3121,15.3337,0.039854
9223,0.8878,7.8105,4.3424,2.3203,15.361,0.028297
9224,0.9269,7.8246,4.3155,2.3194,15.3864,0.030698
9225,0.9783,7.7356,4.298,2.3249,15.3367,0.03768
9226,0.9345,7.6707,4.3236,2.3504,15.2792,0.03484
9227,0.9053,7.7721,4.3292,2.3192,15.3258,0.020373
9228,0.9637,7.7731,4.294,2.3189,15.3496,0.034207
9229,1.0122,7.7661,4.3397,2.3034,15.4214,0.020921
9230,0.9411,7.7652,4.2798,2.3159,15.302,0.021518
9231,0.8911,7.8485,4.3187,2.3369,15.3952,0.030731
9232,0.9376,7.8867,4.2891,2.3393,15.4526,0.011857
9233,0.9633,7.7637,4.2752,2.3436,15.3458,0.010992
9234,0.9474,7.7715,4.3026,2.3175,15.3389,0.014062
9235,0.9142,7.7727,4.3079,2.3129,15.3076,0.012883
9236,0.9278,7.8964,4.3034,2.3017,15.4294,0.012143
9237,0.9568,7.7678,4.2838,2.332,15.3404,0.008569
9238,0.9334,7.7097,4.2864,2.3263,15.2558,0.012817
9239,0.8987,7.8581,4.3227,2.3366,15.4161,0.010346
9240,0.9276,7.8212,4.2998,2.3314,15.38,0.011989
9241,0.9579,7.8143,4.296,2.3059,15.3741,0.012225
9242,0.9679,7.745,4.2823,2.3113,15.3065,0.009646
9243,0.8977,7.8449,4.284,2.3324,15.3589,0.00436
9244,0.9416,7.7767,4.2835,2.328,15.3298,0.004713
9245,0.9827,7.7442,4.2764,2.3494,15.3527,0.005384
9246,0.9298,7.7732,4.3027,2.3518,15.3576,0.006697
9247,0.9163,8.1678,4.2949,2.347,15.7259,0.004808
9248,0.9419,7.753,4.2983,2.2958,15.2891,0.005738
9249,1.0048,7.8091,4.314,2.3132,15.4412,0.008122
9250,0.9465,7.7102,4.3033,2.298,15.258,0.008084
9251,0.8969,7.8585,4.3162,2.3256,15.3972,0.005762
9252,0.9328,7.8366,4.3225,2.3215,15.4134,0.006845
9253,0.9695,7.7614,4.2783,2.3283,15.3375,0.007419
9254,0.9353,7.7381,4.3217,2.3391,15.3342,0.010803
9255,0.8936,7.8482,4.2948,2.3158,15.3525,0.008702
9256,0.9676,7.7445,4.2975,2.3046,15.3142,0.012093
9257,0.9622,7.7182,4.2729,2.3849,15.3382,0.013191
9258,0.9391,7.8759,4.297,2.354,15.4661,0.017162
9259,0.9044,7.7555,4.2899,2.3422,15.292,0.017196
9260,0.9246,7.747,4.2819,2.3315,15.285,0.014565
9261,0.9625,7.7954,4.3262,2.3076,15.3918,0.014078
9262,0.9836,7.7464,4.2993,2.3027,15.332,0.014623
9263,0.924,7.8579,4.2722,2.2951,15.3492,0.00928
9264,0.9318,7.7631,4.283,2.3143,15.2921,0.013114
9265,0.9569,7.7972,4.2935,2.3305,15.378,0.010274
9266,0.9598,7.742,4.2898,2.3221,15.3137,0.00815
9267,1.0131,7.784,4.2918,2.3522,15.4411,0.009989
9268,0.9643,7.7766,4.2879,2.3042,15.3331,0.011908
9269,0.9848,7.7717,4.2988,2.3267,15.3819,0.010676
9270,0.9854,7.7765,4.3005,2.3072,15.3696,0.009901
9271,0.9275,7.8074,4.2886,2.3227,15.3462,0.048969
9272,0.9635,7.8262,4.2795,2.341,15.4102,0.036787
9273,0.9629,8.1907,4.289,2.3443,15.7869,0.030546
9274,0.9593,7.8764,4.2807,2.3333,15.4497,0.006173
9275,0.9106,7.9181,4.2982,2.3422,15.469,0.006294
9276,0.9631,7.8233,4.3091,2.3184,15.4139,0.010423
9277,0.98,7.7728,4.345,2.3124,15.4101,0.01083
9278,0.9656,7.7435,4.2855,2.2988,15.2934,0.061269
9279,0.8889,7.8355,4.2991,2.3281,15.3515,0.05796
9280,0.9328,7.8192,4.2428,2.3379,15.3326,0.079327
9281,0.98,7.7582,4.3196,2.3411,15.3989,0.999579
9282,0.9429,7.7958,4.3118,2.3576,15.4081,0.99999
9283,0.8851,7.769,4.3262,2.3059,15.2861,0.999989
9284,0.9832,7.7997,4.314,3.5382,16.6351,0.999989
9285,0.9575,7.8861,4.3324,2.3062,15.4821,0.999969
9286,0.9647,7.7964,4.2752,2.3068,15.3431,0.999648
9287,0.9227,7.7326,4.3252,2.324,15.3046,0.99834
9288,0.9577,7.8347,4.2634,2.3257,15.3815,0.953923
9289,0.9731,7.7642,4.301,2.3353,15.3736,0.400572
9290,0.944,7.7733,4.2765,2.3404,15.3343,0.092759
9291,0.9038,7.9017,4.3009,2.3369,15.4432,0.174905
9292,0.9589,7.8526,4.3049,2.3188,15.4351,0.190589
9293,0.9953,7.8177,4.3047,2.3054,15.4231,0.050196
9294,0.9589,7.7802,4.2776,2.3084,15.3252,0.0446
9295,0.8952,7.7773,4.286,2.3246,15.2831,0.04793
9296,0.9406,7.8682,4.2886,2.3232,15.4207,0.029628
9297,0.9612,7.7519,4.2806,2.3429,15.3366,0.027653
9298,0.9328,7.7215,4.3185,2.3416,15.3144,0.018932
9299,0.8985,7.7626,6.2645,2.3166,17.2423,0.013298
9300,0.9474,8.0648,4.3108,2.339,15.6621,0.029389
9301,0.9755,7.799,4.2761,2.3437,15.3942,0.032115
9302,0.9447,8.2905,4.5717,2.3092,16.116,0.027895
9303,0.9152,7.8284,4.3038,2.356,15.4034,0.031745
9304,0.9448,7.8217,4.294,2.3067,15.3673,0.024154
9305,0.9719,7.8061,4.3341,2.3117,15.4238,0.025151
9306,0.9709,7.7328,4.3102,2.2992,15.3129,0.092937
9307,0.8907,7.8497,4.2875,2.3381,15.3659,0.08677
9308,0.9426,7.7664,4.2975,2.3219,15.3283,0.035408
9309,0.9758,7.7792,4.3261,2.3253,15.4065,0.14372
9310,0.94,7.7077,4.2671,2.3396,15.2543,0.069488
9311,0.9079,7.8519,4.3041,2.3177,15.3816,0.049928
9312,0.9785,7.8146,4.2733,2.3005,15.3669,0.045638
9313,1.0033,7.7693,4.3549,2.3211,15.4486,0.04746
9314,0.9656,7.818,4.278,2.3423,15.404,0.028954
9315,0.8981,7.8903,4.2627,2.3319,15.383,0.002585
9316,0.944,7.795,4.2697,2.3456,15.3543,0.047782
9317,0.9679,7.7889,4.269,2.3401,15.3658,0.032758
9318,0.9377,7.7459,4.299,2.318,15.3006,0.026537
9319,0.9501,7.8359,4.303,2.3001,15.3891,0.025619
9320,0.9909,7.9005,4.3045,2.314,15.5099,0.034493
9321,0.9443,7.8004,4.3258,2.3208,15.3912,0.036435
9322,0.9598,7.8031,4.2974,2.3447,15.4049,0.033952
9323,0.9126,7.8489,4.322,2.3295,15.413,0.028541
9324,0.9347,7.7656,4.2863,2.349,15.3356,0.036165
9325,0.978,7.6433,4.2776,2.3107,15.2097,0.031409
9326,0.9603,8.1048,4.3302,2.2991,15.6945,0.03087
9327,0.9348,8.3846,4.3549,2.3102,15.9846,0.02836
9328,0.9729,7.7725,4.2921,2.3021,15.3395,0.07839
9329,0.9745,7.7826,4.2839,2.3362,15.3771,0.08593
9330,0.9351,7.6966,4.3204,2.327,15.2791,0.099959
9331,0.8947,7.7964,6.2754,2.2995,17.266,0.068619
9332,0.9559,7.8118,4.3244,2.3062,15.3983,0.104653
9333,0.973,7.8546,4.289,2.3267,15.4434,0.114632
9334,0.9482,7.6474,4.2807,2.3297,15.2061,0.117702
9335,0.8949,7.7869,4.2993,2.3458,15.3269,0.111552
9336,0.9539,7.7875,4.3025,2.2994,15.3434,0.118606
9337,0.9743,7.7643,4.3144,2.3091,15.3621,0.1055
9338,0.9698,7.7717,4.3002,2.2913,15.333,0.095365
9339,0.9151,7.7299,4.3483,2.3225,15.3158,0.097857
9340,0.9699,7.7687,4.2945,2.3341,15.3673,0.096665
9341,0.961,7.7991,4.2758,2.3288,15.3646,0.079852
9342,0.936,7.6919,4.3101,2.3406,15.2786,0.087775
9343,0.8898,7.775,4.3196,2.3057,15.29,0.090913
9344,0.9678,7.8546,4.2889,2.2979,15.4092,0.110237
9345,1.002,7.743,4.3181,2.3019,15.365,0.021442
9346,0.943,7.7218,4.2702,2.3282,15.2631,0.02092
9347,0.8936,7.8424,4.2734,2.35,15.3594,0.018965
9348,0.9371,7.8004,4.3157,2.3415,15.3947,0.046099
9349,0.9546,7.7653,4.3003,2.3572,15.3773,0.030451
9350,0.9441,7.7319,4.3127,2.3145,15.3032,0.037929
9351,0.9365,7.8007,4.3295,2.3073,15.3741,0.038293
9352,0.9384,7.7945,4.293,2.3102,15.3361,0.055141
9353,0.9804,8.1198,4.2693,2.339,15.7085,0.076142
9354,0.9376,7.8035,4.3281,2.3263,15.3955,0.063541
9355,0.8978,7.8035,4.2927,2.3371,15.3311,0.013699
9356,0.9481,7.7397,4.286,2.3393,15.313,0.020366
9357,0.9779,7.8195,4.3005,2.3043,15.4021,0.023653
9358,0.9509,7.7775,4.3274,2.3065,15.3623,0.008752
9359,0.9343,7.7806,4.3514,2.3045,15.3708,0.007873
9360,0.9375,7.7721,4.3213,2.3416,15.3725,0.025934
9361,0.9662,7.772,4.286,2.3438,15.368,0.027698
9362,0.9356,7.7145,4.3276,2.3229,15.3005,0.011185
9363,0.8955,7.8539,4.3439,2.3601,15.4534,0.009218
9364,0.9495,7.7603,4.3279,2.3103,15.3481,0.01097
9365,1.0165,7.7367,4.2841,2.3059,15.3433,0.010855
9366,0.9742,7.7151,4.3528,2.3488,15.391,0.010586
9367,0.913,7.8001,4.3129,2.3358,15.3619,0.011042
9368,0.9503,7.8868,4.2792,2.333,15.4492,0.011243
9369,0.9628,7.7625,4.2834,2.3508,15.3595,0.011678
9370,0.9638,7.6893,4.2604,2.3441,15.2576,0.010626
9371,0.8998,7.9504,4.3206,2.313,15.4838,0.008782
9372,0.9726,7.7877,4.2776,2.3134,15.3514,0.011725
9373,0.9859,7.7384,4.284,2.3028,15.311,0.013546
9374,0.9752,7.7572,4.2663,2.3205,15.3191,0.014169
9375,0.9273,7.8628,4.3061,2.3183,15.4145,0.012526
9376,0.9777,7.8144,4.2776,2.3463,15.416,0.013662
9377,0.9549,7.7824,4.2897,2.3356,15.3625,0.01323
9378,0.9683,7.7003,4.3297,2.3104,15.3087,0.013818
9379,0.9875,8.0986,4.3222,2.3128,15.7211,0.011579
9380,0.9562,7.7259,4.288,2.319,15.2891,0.003555
9381,0.895,7.8375,4.3206,2.3387,15.3919,0.027482
9382,0.9395,7.8644,4.2931,2.3231,15.4201,0.028404
9383,0.9799,7.7614,4.3062,2.3291,15.3766,0.030121
9384,0.9653,7.7186,4.2884,2.3355,15.3078,0.027753
9385,0.9212,7.8385,4.3025,2.3119,15.3742,0.019215
9386,0.9711,7.8749,4.2881,2.2993,15.4334,0.017356
9387,0.979,7.85,4.3429,2.2985,15.4704,0.018078
9388,0.9623,7.8257,4.2972,2.2838,15.3691,0.070622
9389,0.9194,7.7818,4.3043,2.3162,15.3217,0.017146
9390,0.9545,7.7789,4.2764,2.3432,15.353,0.03875
9391,0.9624,7.769,4.3135,2.3337,15.3786,0.025391
9392,0.9538,7.7514,4.2472,2.3047,15.2571,0.024313
9393,0.9422,7.7725,4.2942,2.3031,15.312,0.014454
9394,0.9755,7.8698,4.2795,2.3074,15.4323,0.02145
9395,0.9531,7.7822,4.3207,2.3165,15.3724,0.016833
9396,0.9337,7.7295,4.3097,2.3243,15.2972,0.018846
9397,0.9327,7.836,4.2891,2.3557,15.4134,0.024882
9398,0.9486,7.7759,4.2706,2.3292,15.3244,0.023799
9399,0.9325,7.7252,4.3135,2.2933,15.2646,0.021501
9400,0.9783,7.757,4.3096,2.3039,15.3487,0.023021
9401,0.9464,7.7684,4.3138,2.3192,15.3477,0.017863
9402,0.9408,7.8491,4.2798,2.3627,15.4323,0.020563
9403,0.9696,7.796,4.3066,2.34,15.4122,0.022724
9404,0.9617,7.7112,4.2794,2.3438,15.2961,0.017628
9405,0.896,7.8136,4.307,2.3561,15.3727,0.012225
9406,0.9448,8.1827,4.3112,2.3039,15.7426,0.016752
9407,0.9632,7.8216,4.3245,2.3174,15.4267,0.016557
9408,0.9731,7.8272,4.2975,2.3111,15.4089,0.015956
9409,0.898,7.8729,4.3043,2.3123,15.3876,0.019884
9410,0.9297,7.7534,4.287,2.3311,15.3012,0.019516
9411,0.9617,7.6819,4.2909,2.331,15.2654,0.018286
9412,0.9567,7.7902,4.3037,2.344,15.3947,0.01809
9413,0.8994,7.7658,4.2903,2.3186,15.2741,0.015741
9414,0.9504,7.7576,4.2899,2.3063,15.3041,0.013203
9415,1.0012,7.8407,4.2933,2.3056,15.4408,0.01417
9416,0.9736,7.8233,4.2503,2.3219,15.3691,0.048833
9417,0.9151,7.742,4.2916,2.3239,15.2726,0.040997
9418,0.9301,7.7493,4.2898,2.3294,15.2986,0.035958
9419,0.965,7.7467,4.2956,2.3254,15.3328,0.048278
9420,0.9617,7.7661,4.2954,2.2891,15.3123,0.045789
9421,0.9253,7.779,4.2868,2.3099,15.301,0.043252
9422,0.936,7.8272,4.3363,2.3003,15.3998,0.039102
9423,0.9416,7.8029,4.2796,2.3297,15.3537,0.041748
9424,0.9393,7.7432,4.2947,2.322,15.2992,0.054009
9425,0.9257,7.8244,4.3273,2.3511,15.4285,0.505704
9426,0.9607,7.7434,4.303,2.3197,15.3268,0.999968
9427,0.9397,7.8546,4.2774,2.3238,15.3955,0.999996
9428,0.9743,7.7983,4.3078,2.3056,15.386,0.999996
9429,0.9178,7.8459,4.3236,2.3086,15.3959,0.999991
9430,0.9608,7.7673,4.3051,2.3207,15.3539,0.999883
9431,0.9557,7.8471,4.3007,2.3379,15.4414,0.999823
9432,0.9215,8.4944,4.4394,2.3387,16.194,0.998814
9433,0.9251,7.7748,4.3191,2.3494,15.3683,0.983853
9434,0.962,7.9328,4.3165,2.3367,15.5479,0.898732
9435,0.9498,7.7174,4.2948,2.2996,15.2615,0.457203
9436,0.9574,7.7809,4.2956,2.3108,15.3446,0.407679
9437,0.9283,8.1596,4.2894,2.3019,15.6793,0.332172
9438,1.0036,7.7852,4.3196,2.292,15.4004,0.207735
9439,0.9346,7.7642,4.284,2.3392,15.3221,0.150067
9440,0.942,7.7304,4.2903,2.3278,15.2905,0.13907
9441,0.9102,7.8967,4.4111,2.335,15.5529,0.091781
9442,0.9573,7.8028,4.3487,2.3497,15.4585,0.060057
9443,0.9701,7.8412,4.347,2.3095,15.4677,0.039092
9444,0.9856,7.7507,4.3143,2.3103,15.3608,0.041388
9445,0.9527,7.8024,4.3197,2.3388,15.4136,0.048226
9446,0.968,7.8236,4.2884,2.3334,15.4134,0.04349
9447,0.9384,7.8043,4.2755,2.3259,15.344,0.036856
9448,0.9357,7.8383,4.2814,2.327,15.3824,0.038751
9449,0.8935,7.7783,4.2961,2.3406,15.3086,0.00981
9450,0.9572,7.7912,4.2919,2.3069,15.3472,0.006648
9451,0.9619,7.7634,4.362,2.3632,15.4504,0.00839
9452,0.9862,7.798,4.3038,2.3214,15.4093,0.008527
9453,0.8996,7.7812,4.2898,2.359,15.3296,0.010792
9454,0.9692,7.8082,4.2833,2.3284,15.3891,0.011228
9455,0.9299,7.7482,4.2815,2.3357,15.2953,0.011288
9456,0.9423,7.7318,4.2794,2.3359,15.2893,0.008817
9457,0.8957,7.7738,4.3022,2.3105,15.2822,0.008095
9458,0.9931,7.7744,4.2919,2.3189,15.3783,0.009453
9459,0.9782,8.2808,4.2878,2.3104,15.8572,0.010693
9460,0.9351,7.7125,4.2725,2.3404,15.2604,0.007368
9461,0.9181,7.8405,4.3529,2.3481,15.4596,0.015801
9462,0.959,7.8091,4.3095,2.3356,15.4132,0.018454
9463,0.9462,7.7732,4.2989,2.342,15.3603,0.014732
9464,0.9338,7.7581,4.2621,2.3034,15.2574,0.011954
9465,0.9084,7.8319,4.3064,2.3135,15.3601,0.007694
9466,0.9937,7.7708,4.2682,2.2925,15.3251,0.013337
9467,0.9374,7.7986,4.3071,2.3192,15.3623,0.016318
9468,0.9318,7.7442,4.2447,2.3235,15.2441,0.005911
9469,0.8899,7.7442,4.3202,2.3682,15.3225,0.01863
9470,0.9782,7.8765,4.3337,2.3599,15.5482,0.006464
9471,0.938,7.8064,4.3168,2.3358,15.397,0.007375
9472,0.9903,7.7095,4.279,2.305,15.2838,0.009133
9473,0.9392,7.8028,4.3051,2.3152,15.3623,0.009205
9474,0.946,7.783,4.2726,2.3175,15.3191,0.009679
9475,0.9725,7.754,4.2943,2.3427,15.3636,0.010568
9476,0.9596,7.8256,4.2727,2.3442,15.4022,0.010984
9477,0.9178,7.7752,4.2983,2.3387,15.33,0.008767
9478,0.938,7.7782,4.3287,2.3086,15.3535,0.009291
9479,0.982,7.7865,4.29,2.3089,15.3674,0.010251
9480,0.9868,7.6904,4.3065,2.3121,15.2957,0.005663
9481,0.921,7.8192,4.301,2.3376,15.3789,0.004426
9482,0.9347,7.7677,4.2674,2.3449,15.3147,0.007497
9483,0.9688,7.8406,4.3967,2.3409,15.547,0.009197
9484,0.9611,7.7875,4.286,2.346,15.3806,0.007711
9485,0.8933,8.6128,4.2871,2.3294,16.1226,0.008596
9486,0.9575,7.7967,4.3031,2.3081,15.3654,0.007928
9487,0.982,7.792,4.3006,2.3052,15.3799,0.006313
9488,0.9634,7.7372,4.2993,2.3001,15.3001,0.007904
9489,0.8879,7.7992,4.2911,2.3308,15.309,0.005672
9490,0.9572,7.8006,4.2996,2.337,15.3944,0.005249
9491,0.9461,7.7475,4.3276,2.3528,15.374,0.009093
9492,0.9314,7.7524,4.3054,2.3514,15.3406,0.006792
9493,0.9058,7.8247,6.2689,2.3342,17.3336,0.019402
9494,0.9697,7.8152,4.2623,2.3338,15.3809,0.003332
9495,0.9478,7.7404,4.2753,2.3548,15.3183,0.00313
9496,0.945,7.8037,4.2974,2.299,15.3451,0.014583
9497,0.8899,7.8211,4.3083,2.3141,15.3333,0.011465
9498,0.9971,7.8227,4.274,2.3018,15.3956,0.003767
9499,0.9449,7.7662,4.2859,2.325,15.3221,0.012165
9500,0.9282,7.7531,4.2563,2.3247,15.2623,0.006092
9501,0.9214,7.8321,4.2753,2.356,15.3848,0.00485
9502,0.9598,7.8433,4.2718,2.3404,15.4152,0.024155
9503,0.9434,7.7866,4.3276,2.3181,15.3757,0.025437
9504,0.9339,7.8316,4.3138,2.3153,15.3946,0.017058
9505,0.9561,7.8463,4.2835,2.305,15.3909,0.075755
9506,0.9594,7.7469,4.2573,2.339,15.3026,0.108642
9507,0.9572,7.8405,4.2972,2.333,15.428,0.071654
9508,0.954,7.7709,4.2615,2.3373,15.3238,0.075783
9509,0.8966,7.7925,4.3237,2.3496,15.3624,0.048505
9510,0.9661,7.7591,4.3065,2.2955,15.3272,0.036026
9511,0.9927,7.8149,4.3042,2.3097,15.4215,0.031187
9512,0.981,8.0924,4.3155,2.3075,15.6964,0.030116
9513,0.9396,7.8179,4.3453,2.3032,15.406,0.019197
9514,0.9502,7.8142,4.2744,2.326,15.3648,0.01264
9515,0.9495,7.7664,4.2574,2.3073,15.2805,0.012732
9516,0.9388,7.9023,4.2936,2.3288,15.4635,0.011804
9517,0.9061,7.7797,4.299,2.3344,15.3193,0.011006
9518,0.9681,7.6974,4.2664,2.3216,15.2535,0.012675
9519,0.9798,7.7758,4.321,2.2976,15.3741,0.013121
9520,0.9351,7.9256,4.3095,2.511,15.6813,0.01867
9521,0.9194,7.8512,4.2832,2.3245,15.3783,0.040731
9522,0.9534,7.8972,4.2972,2.3188,15.4667,0.048744
9523,0.9441,7.8813,4.2824,2.3386,15.4463,0.023286
9524,0.9499,7.7534,4.2753,2.3435,15.3221,0.013932
9525,0.903,7.8389,4.2769,2.3201,15.3388,0.062452
9526,0.9604,7.8302,4.289,2.2995,15.379,0.015643
9527,0.9707,7.8372,4.2831,2.3062,15.3973,0.017809
9528,0.9494,7.7897,4.2678,2.324,15.331,0.018057
9529,0.8951,7.966,4.2922,2.3152,15.4686,0.006376
9530,0.9515,7.9261,4.2865,2.3317,15.4958,0.003931
9531,0.9455,7.8057,4.2666,2.3329,15.3507,0.002987
9532,0.932,7.6792,4.2832,2.2995,15.1939,0.002603
9533,0.8879,7.8268,4.2916,2.31,15.3163,0.001721
9534,0.991,7.7754,4.2967,2.3005,15.3637,0.001436
9535,0.9364,7.8584,4.2708,2.3373,15.4029,0.001621
9536,0.9345,7.7721,4.295,2.3244,15.3261,0.001546
9537,0.9015,7.8516,4.3299,2.3424,15.4254,0.001659
9538,0.9703,8.192,4.2957,2.334,15.792,0.001305
9539,0.9334,7.7894,4.3042,2.3439,15.3708,0.001263
9540,0.9494,7.7657,4.3018,2.3072,15.3242,0.001306
9541,0.9175,7.8187,4.3007,2.3185,15.3555,0.000694
9542,0.989,7.8237,4.2939,2.305,15.4116,0.001062
9543,0.9484,7.8506,4.2948,2.3243,15.4181,0.001538
9544,0.926,7.745,4.2679,2.3608,15.2996,0.001378
9545,0.9002,7.8496,4.3006,2.3455,15.3959,0.085454
9546,0.9575,7.8108,4.2834,2.3516,15.4033,0.10518
9547,0.953,7.746,4.2476,2.3026,15.2492,0.120677
9548,0.9611,7.8246,4.3022,2.3099,15.3979,0.102811
9549,0.9491,7.7651,4.3119,2.3041,15.3302,0.101971
9550,0.9616,7.8886,4.252,2.3281,15.4303,0.07233
9551,0.95,7.7763,4.2581,2.3326,15.317,0.063697
9552,0.939,7.7886,4.2853,2.3453,15.3582,0.054312
9553,0.8987,7.8397,4.3061,2.3418,15.3864,0.03828
9554,0.9737,7.811,4.2952,2.3098,15.3897,0.019233
9555,0.9716,7.7766,4.3639,2.313,15.4251,0.019993
9556,0.9777,7.7639,4.3305,2.3017,15.3738,0.017597
9557,0.8944,7.9056,4.3668,2.3418,15.5085,0.018527
9558,0.9727,7.7744,4.3053,2.3337,15.386,0.032603
9559,0.951,7.8289,4.2697,2.3422,15.3919,0.030586
9560,0.93,7.7574,4.284,2.3423,15.3136,0.033678
9561,0.8972,7.8253,4.2988,2.303,15.3244,0.031461
9562,1.0757,8.6078,4.3468,2.333,16.3633,0.043137
9563,0.95,7.8932,4.2918,2.306,15.441,0.047612
9564,0.9755,7.8243,4.2852,2.3009,15.3859,0.07679
9565,0.935,8.1449,4.3122,2.3068,15.6989,0.081407
9566,0.97,7.8057,4.3249,2.3142,15.4149,0.079298
9567,0.9364,7.8063,4.2925,2.336,15.3712,0.071869
9568,0.9525,7.844,4.2906,2.3286,15.4157,0.013433
9569,0.8944,7.7938,4.3149,2.3384,15.3415,0.015872
9570,0.9571,7.8378,4.2915,2.3385,15.425,0.016406
9571,0.9449,7.8201,4.3625,2.315,15.4426,0.014293
9572,0.9685,7.7603,4.3088,2.305,15.3425,0.964849
9573,0.9023,7.8455,4.3286,2.3035,15.3799,0.999991
9574,0.9599,7.8499,4.3006,2.3359,15.4463,0.999992
9575,0.9429,7.8322,4.3034,2.3415,15.42,0.999987
9576,0.9394,7.7855,4.2948,2.3453,15.365,0.999926
9577,0.8949,7.7895,4.2666,2.3442,15.2953,0.999786
9578,0.9722,7.873,4.2892,2.3182,15.4526,0.998103
9579,0.9701,7.8966,4.3153,2.3052,15.4872,0.994253
9580,0.9598,7.7799,4.2938,2.3052,15.3387,0.942089
9581,0.8954,7.8778,4.3118,2.3292,15.4143,0.872336
9582,0.9711,7.8277,4.2786,2.3372,15.4146,0.869538
9583,0.9504,7.7848,4.3122,2.3317,15.3792,0.826776
9584,0.9447,7.7063,4.2689,2.3678,15.2878,0.76062
9585,0.9058,7.9,4.321,2.3104,15.4372,0.69501
9586,0.996,7.893,4.3001,2.3037,15.4928,0.610891
9587,0.9671,7.8149,4.3091,2.3029,15.394,0.489504
9588,0.9297,7.788,4.2907,2.3344,15.3428,0.314471
9589,0.9129,7.8684,4.3078,2.3329,15.4221,0.229745
9590,0.9716,7.928,4.2716,2.3397,15.5109,0.294123
9591,0.9338,8.0993,4.2694,2.3451,15.6476,0.260841
9592,0.9398,7.7852,4.2878,2.3501,15.363,0.172992
9593,0.91,7.7781,4.306,2.3025,15.2966,0.081536
9594,0.9718,7.8731,4.3063,2.2973,15.4485,0.207178
9595,0.9726,7.7756,4.3333,2.3108,15.3922,0.135017
9596,0.9305,7.7394,4.3484,2.3383,15.3566,0.204028
9597,0.8945,8.08,4.3007,2.3438,15.619,0.214186
9598,0.9654,7.8587,4.2763,2.3503,15.4508,0.134946
9599,0.9355,7.9094,4.2491,2.3469,15.4409,0.900381
9600,0.9346,7.8111,4.3175,2.3508,15.4139,0.851507
9601,0.9029,7.9493,4.37,2.3083,15.5304,0.705732
9602,0.9858,7.84,4.4137,2.3125,15.5521,0.700796
9603,0.9644,7.8378,4.3073,2.3065,15.416,0.585631
9604,0.9305,7.8185,4.3223,2.3108,15.3821,0.374503
9605,0.9005,7.8673,4.2782,2.34,15.3861,0.181666
9606,0.9523,7.8581,4.3056,2.3804,15.4965,0.132313
9607,0.9533,7.7847,4.347,2.3348,15.4199,0.131976
9608,0.935,7.7007,4.3513,2.3521,15.3391,0.116958
9609,0.8931,7.8653,6.2915,2.337,17.3869,0.092527
9610,0.9764,7.8779,4.3235,2.3492,15.5271,0.154769
9611,0.9433,7.8437,4.2679,2.3241,15.3789,0.222477
9612,0.9367,7.803,4.2822,2.3447,15.3666,0.36529
9613,0.9012,7.8342,4.3367,2.2995,15.3716,0.406947
9614,1.0011,7.8449,4.2993,2.3094,15.4547,0.362325
9615,0.9708,7.7461,4.2885,2.3004,15.3058,0.345573
9616,0.9344,7.7608,4.2698,2.3252,15.2902,0.315244
9617,0.8989,7.8282,4.2956,2.3063,15.329,0.269197
9618,0.9637,8.1765,4.2685,2.3492,15.758,0.149227
9619,0.9382,7.8047,4.419,2.3377,15.4996,0.166651
9620,0.962,7.771,4.3231,2.3129,15.369,0.062789
9621,0.934,7.9256,4.3268,2.2976,15.484,0.005707
9622,0.9958,7.7821,4.321,2.3046,15.4035,0.009343
9623,0.9304,7.8743,4.3444,2.3014,15.4505,0.005909
9624,0.9401,7.8478,4.3158,2.3245,15.4282,0.004815
9625,0.8928,8.1667,4.303,2.3339,15.6965,0.00404
9626,0.9539,7.8058,4.2704,2.3438,15.374,0.005771
9627,0.9263,7.741,4.3444,2.3473,15.359,0.034476
9628,0.9329,7.7402,4.2954,2.309,15.2775,0.024959
9629,0.9456,7.7333,4.2849,2.3076,15.2714,0.023879
9630,0.979,7.8308,4.2946,2.3091,15.4135,0.018958
9631,0.9014,7.7618,4.2875,2.3373,15.2881,0.007146
9632,0.9213,7.7387,4.2794,2.3418,15.2813,0.006742
9633,0.9486,7.7728,4.3007,2.3523,15.3744,0.006445
9634,0.983,7.7364,4.2917,2.3496,15.3607,0.006807
9635,0.8923,7.8767,4.3255,2.3103,15.4048,0.013209
9636,0.9757,7.7165,4.2891,2.3012,15.2825,0.002228
9637,0.9297,7.7913,4.3302,2.3135,15.3647,0.00822
9638,0.9845,7.7077,4.2848,2.3391,15.3161,0.015899
9639,0.894,7.7537,4.2973,2.3329,15.2779,0.017315
9640,0.9667,7.7398,4.2751,2.3396,15.3212,0.014836
9641,0.937,7.834,4.2913,2.3142,15.3766,0.019864
9642,0.9924,7.698,4.2821,2.3131,15.2855,0.046729
9643,0.9109,8.4474,4.3022,2.3099,15.9705,0.048776
9644,0.9765,7.9806,4.2767,2.3,15.5338,0.06311
9645,0.9251,7.7865,4.3032,2.4078,15.4227,0.061673
9646,0.9872,7.7034,4.2846,2.3426,15.3177,0.107298
9647,0.9029,8.2903,4.3072,2.3438,15.8442,0.029483
9648,0.9631,7.7169,4.3469,2.3316,15.3585,0.079515
9649,0.9496,7.7332,4.3467,2.3468,15.3764,0.070372
9650,0.9781,7.7576,4.2804,2.3033,15.3193,0.084142
9651,0.9405,7.8407,4.2926,2.3142,15.388,0.079366
9652,0.9773,7.7946,4.2884,2.312,15.3723,0.07851
9653,0.942,7.7832,4.2654,2.337,15.3275,0.066137
9654,0.9865,7.8007,4.2897,2.3262,15.4031,0.076719
9655,0.8939,7.78,4.2882,2.3331,15.2951,0.066278
9656,0.9683,7.7127,4.2965,2.3484,15.3259,0.091898
9657,0.9536,7.7321,4.2887,2.3153,15.2898,0.081204
9658,1.0171,7.7065,4.2845,2.3016,15.3098,0.075297
9659,0.8938,7.8415,4.327,2.3084,15.3707,0.028573
9660,0.9481,7.7564,4.277,2.3319,15.3133,0.07253
9661,0.9266,7.8052,4.3013,2.3317,15.3647,0.069191
9662,0.9782,7.7275,4.3027,2.3338,15.3424,0.041127
9663,0.8933,7.807,4.2887,2.3041,15.2931,0.049038
9664,0.9725,7.7875,4.3044,2.3224,15.3867,0.053217
9665,0.9765,7.8008,4.328,2.321,15.4263,0.04238
9666,0.9923,7.7462,4.2869,2.3271,15.3525,0.053317
9667,0.894,7.7831,4.3275,2.324,15.3286,0.032655
9668,0.9588,7.6952,4.3454,2.3367,15.336,0.026728
9669,0.9355,7.7394,4.2999,2.3494,15.3242,0.021022
9670,0.9664,7.7593,4.3042,2.3086,15.3384,0.025156
9671,0.931,8.1146,4.3249,2.3195,15.6901,0.042525
9672,0.9989,7.7627,4.3559,2.3097,15.4272,0.086281
9673,0.9196,7.813,4.353,2.3022,15.3877,0.236008
9674,0.983,7.7341,4.3321,2.338,15.3873,0.213758
9675,0.9069,7.8226,4.3084,2.3334,15.3714,0.285365
9676,0.9469,7.7949,4.328,2.3244,15.3942,0.186827
9677,0.9426,7.7725,4.2849,2.3296,15.3296,0.100904
9678,0.9922,7.6752,4.3112,2.3045,15.2832,0.181957
9679,0.9148,7.774,4.3099,2.3082,15.3069,0.182268
9680,0.9559,7.7242,4.3165,2.3333,15.3298,0.040654
9681,0.9228,7.7847,4.3248,2.331,15.3633,0.025375
9682,0.981,7.7644,4.3291,2.3167,15.3912,0.116045
9683,0.8945,7.7728,4.3651,2.345,15.3774,0.016753
9684,0.9528,7.6962,4.3549,2.3112,15.3151,0.03806
9685,0.9617,7.7712,4.3751,2.3197,15.4277,0.150972
9686,1.0194,7.7607,4.2967,2.3056,15.3825,0.130333
9687,0.9084,7.7997,4.3169,2.318,15.3429,0.048586
9688,0.9601,7.7362,4.3504,2.3303,15.3771,0.052895
9689,0.943,7.714,4.2987,2.335,15.2907,0.039567
9690,0.9813,7.6933,4.2915,2.3888,15.3549,0.045811
9691,0.8995,7.7783,4.4421,2.5598,15.6798,0.020284
9692,1.069,7.9275,4.3298,2.3043,15.6306,0.035192
9693,0.9775,7.7878,4.3707,2.3049,15.4409,0.033178
9694,1.0348,7.743,4.3608,2.3163,15.4549,0.029978
9695,0.9252,7.7293,4.3019,2.3245,15.2809,0.031239
9696,0.9937,7.8039,4.3204,2.331,15.4491,0.054816
9697,0.9332,8.1099,4.3581,2.3336,15.7349,0.046667
9698,0.9904,7.7442,4.3211,2.3392,15.3949,0.055281
9699,0.896,7.8227,4.3732,2.3693,15.4613,0.061287
9700,0.944,7.9012,4.3881,2.3517,15.585,0.056093
9701,0.9422,7.7724,6.3612,2.3494,17.4252,0.06011
9702,0.9795,7.7529,4.3077,2.3397,15.3797,0.999152
9703,0.9022,7.7932,4.3084,2.3611,15.3648,0.999999
9704,0.9588,7.8493,4.2974,2.3,15.4055,0.999994
9705,0.982,7.8394,4.2981,2.3182,15.4378,0.999958
9706,1.0133,7.7141,4.2812,2.3156,15.3242,0.999884
9707,0.9098,7.8097,4.332,2.3341,15.3857,0.999509
9708,0.9534,7.7393,4.2607,2.3427,15.2962,0.993749
9709,0.9338,7.7927,4.2886,2.3458,15.3611,0.694148
9710,0.9852,7.8922,4.3191,2.3561,15.5527,0.682434
9711,0.8929,7.8746,4.3103,2.3396,15.4174,0.664512
9712,0.9681,7.7039,4.3024,2.311,15.2854,0.56704
9713,0.9785,7.8053,4.3101,2.3089,15.4029,0.215798
9714,0.993,7.8103,4.2847,2.3415,15.4296,0.185639
9715,0.8984,7.7991,4.304,2.3296,15.3311,0.315394
9716,0.9531,7.6894,4.2883,2.3395,15.2703,0.350553
9717,0.9421,7.7526,4.2951,2.3501,15.3399,0.403257
9718,0.9801,7.7319,4.335,2.3033,15.3502,0.298797
9719,0.9203,7.8014,4.313,2.3075,15.3421,0.072527
9720,0.9925,7.6983,4.3011,2.3044,15.2964,0.046243
9721,0.9338,7.7272,4.2836,2.344,15.2887,0.111666
9722,0.9942,7.7082,4.2681,2.3274,15.2979,0.109879
9723,0.9007,7.7739,4.36,2.3411,15.3758,0.10043
9724,0.9584,8.1033,4.4029,2.3425,15.8071,0.105868
9725,0.9614,7.7431,4.347,2.3172,15.3687,0.110382
9726,0.9803,7.7423,4.3067,2.3103,15.3396,0.045698
9727,0.9325,7.8046,4.3387,2.3077,15.3834,0.046537
9728,0.9527,7.8474,4.3207,2.3141,15.4349,0.047527
9729,0.9393,7.7706,4.3081,2.3291,15.3471,0.052914
9730,0.9991,7.7181,4.304,2.353,15.3742,0.05114
9731,0.903,7.8048,4.3132,2.3478,15.3688,0.05189
9732,0.9583,7.7689,4.3228,2.3298,15.3799,0.173159
9733,0.9391,7.7378,4.3279,2.306,15.3109,0.178017
9734,1.0226,7.7231,4.2783,2.3105,15.3345,0.528214
9735,0.8986,7.7896,4.4053,2.3284,15.422,0.659594
9736,0.9658,7.6407,4.413,2.3305,15.35,0.262094
9737,0.9362,7.7496,4.3326,2.3474,15.3659,0.228616
9738,0.9564,7.7552,4.3396,2.3481,15.3993,0.254777
9739,0.9122,7.7686,4.342,2.3082,15.331,0.344905
9740,1.0058,7.748,4.3543,2.3135,15.4216,0.267569
9741,0.9917,7.7442,4.3142,2.3151,15.3652,0.287169
9742,0.9589,7.7555,4.3719,2.3638,15.4501,0.258893
9743,0.9194,7.8734,4.32,2.3461,15.4589,0.174884
9744,0.9836,7.8219,4.3233,2.3269,15.4556,0.221719
9745,0.957,7.7941,4.2988,2.3492,15.3991,0.593161
9746,0.9586,7.7202,4.2725,2.3326,15.2839,0.226955
9747,0.9364,7.8257,4.2901,2.3107,15.3629,0.056364
9748,1.0218,7.7933,4.2845,2.3181,15.4178,0.036179
9749,0.9805,7.739,4.3215,2.3085,15.3495,0.016836
9750,0.9555,8.0445,4.2712,2.3335,15.6047,0.009988
9751,0.9156,7.8389,4.3492,2.328,15.4318,0.025372
9752,0.9957,7.7356,4.2599,2.3386,15.3298,0.014485
9753,0.9686,7.7898,4.2759,2.3406,15.375,0.014336
9754,0.9442,7.6195,4.2844,2.3069,15.155,0.039369
9755,0.9491,7.8709,4.3423,2.3033,15.4654,0.043141
9756,0.997,7.7274,4.3467,2.3098,15.3809,0.053635
9757,0.953,7.8482,4.333,2.3345,15.4688,0.043883
9758,0.9814,7.7615,4.3219,2.3354,15.4001,0.045425
9759,0.8958,7.8755,4.301,2.3507,15.423,0.048191
9760,0.9805,7.7723,4.2821,2.3416,15.3765,0.042863
9761,0.933,7.772,4.2804,2.3052,15.2907,0.039803
9762,1.0118,7.6609,4.3268,2.2987,15.2982,0.027345
9763,0.9474,7.7919,4.3357,2.3045,15.3795,0.031484
9764,0.9784,7.7044,4.2756,2.3464,15.3048,0.01924
9765,0.9573,7.8237,4.2808,2.3197,15.3815,0.012311
9766,0.9778,7.801,4.2988,2.3599,15.4376,0.013367
9767,0.9081,7.7856,4.3899,2.3419,15.4255,0.005334
9768,0.983,7.8388,4.3377,2.3096,15.4692,0.004738
9769,1.0136,7.9259,4.3542,2.3185,15.6121,0.007619
9770,1.012,7.776,4.3303,2.3072,15.4255,0.005857
9771,0.9529,7.7913,4.355,2.3056,15.4047,0.00497
9772,0.9802,7.7546,4.3164,2.3227,15.3739,0.013528
9773,0.9402,7.8452,4.3208,2.3305,15.4366,0.014616
9774,0.99,7.6622,4.325,2.3503,15.3276,0.018232
9775,0.9906,7.7957,4.3338,2.3373,15.4573,0.023044
9776,0.984,7.8612,4.3184,2.3066,15.4701,0.018175
9777,0.9858,8.3235,4.3141,2.3169,15.9403,0.017368
9778,1.026,7.7028,4.3718,2.3073,15.4079,0.014729
9779,0.9542,7.7371,4.3755,2.3137,15.3804,0.008718
9780,0.9788,7.7571,4.4017,2.3298,15.4675,0.009874
9781,0.9696,7.7919,4.3411,2.3282,15.4308,0.013656
9782,0.9883,7.7561,4.3958,2.3179,15.4581,0.015915
9783,0.919,7.7812,4.3472,2.3397,15.3871,0.015437
9784,0.9808,7.7545,4.4134,2.3388,15.4875,0.02529
9785,0.9391,7.7519,4.4719,2.3154,15.4783,0.023174
9786,1.0195,7.7132,4.3875,2.3083,15.4284,0.024325
9787,0.9669,7.756,4.3753,2.3092,15.4074,0.02169
9788,0.9758,7.7757,4.3177,2.3269,15.396,0.013115
9789,0.956,7.7461,4.3415,2.3273,15.3709,0.013257
9790,0.9825,7.6778,4.3838,2.3469,15.391,0.013956
9791,0.9147,7.8238,4.3277,2.3457,15.4119,0.00969
9792,0.9827,7.8115,4.3276,2.304,15.4258,0.140435
9793,0.9344,7.8135,4.3772,2.3168,15.4419,0.041305
9794,1.0397,7.7542,4.4492,2.3151,15.5582,0.076873
9795,0.9501,7.787,4.4416,2.3261,15.5049,0.013146
9796,0.954,7.6821,4.4031,2.3464,15.3857,0.018335
9797,0.9665,7.8097,4.3059,2.3297,15.4117,0.106497
9798,0.9525,7.7463,4.3201,2.3454,15.3643,0.040029
9799,0.8929,7.791,4.3885,2.3412,15.4135,0.109722
9800,0.9653,7.8036,4.4546,2.3429,15.5664,0.078582
9801,0.9712,7.8081,4.4626,2.2958,15.5377,0.069788
9802,0.992,7.7129,4.4458,2.325,15.4758,0.097133
9803,0.9539,8.1577,4.457,2.323,15.8916,0.093915
9804,1.027,7.7374,4.4404,2.3185,15.5234,0.082605
9805,0.9388,7.8256,4.5352,2.3222,15.6218,0.026552
9806,0.9949,7.7195,4.4127,2.331,15.4582,0.020066
9807,0.8989,7.7602,4.4502,2.339,15.4482,0.017303
9808,0.9555,7.7597,4.3649,2.3481,15.4282,0.033294
9809,0.9727,7.8259,4.4179,2.4393,15.6558,0.032792
9810,0.9693,7.6885,4.3936,2.3277,15.3792,0.030887
9811,0.9124,7.8662,4.3579,2.3108,15.4472,0.067851
9812,0.983,7.765,4.3606,2.3063,15.4149,0.056758
9813,0.9944,7.7358,4.4058,2.3117,15.4477,0.056408
9814,0.9624,7.7083,4.3677,2.3399,15.3783,0.035745
9815,0.9052,7.8333,4.4268,2.3731,15.5385,0.025847
9816,0.948,7.7039,4.3857,2.3301,15.3677,0.024101
9817,0.9528,7.7633,4.3448,2.353,15.4139,0.028323
9818,0.9602,7.6534,4.3639,2.3157,15.2932,0.03011
9819,0.913,7.7989,4.3246,2.3101,15.3465,0.022931
9820,0.9764,7.7426,4.3407,2.3163,15.376,0.024032
9821,0.9601,8.4972,4.4414,2.2967,16.1953,0.022279
9822,0.9882,7.7501,4.3693,2.3189,15.4265,0.02377
9823,0.9125,7.928,4.4115,2.3221,15.5741,0.026045
9824,0.9642,7.6532,4.3464,2.3218,15.2855,0.019206
9825,0.9781,7.8812,4.3111,2.3513,15.5217,0.020358
9826,0.9893,7.679,4.4392,2.3398,15.4473,0.022183
9827,0.9015,7.772,4.3209,2.3242,15.3185,0.010124
9828,1.0088,7.727,4.3338,2.3099,15.3794,0.008767
9829,0.9517,7.7686,4.3823,2.3072,15.4098,0.048505
9830,0.9565,8.1354,4.4032,2.3195,15.8147,0.031506
9831,0.9317,7.8234,4.3038,2.333,15.3919,0.041349
9832,0.9922,7.6814,4.3292,2.3239,15.3267,0.058965
9833,0.963,7.764,4.3286,2.362,15.4176,0.069632
9834,1.0051,7.6727,4.2982,2.3347,15.3107,0.062396
9835,0.915,7.85,4.3808,2.3362,15.4821,0.054558
9836,1.0365,7.7042,4.3969,2.3085,15.4461,0.097945
9837,0.9667,7.7947,4.3138,2.3133,15.3886,0.014039
9838,0.9931,7.7222,4.3221,2.3375,15.3749,0.017131
9839,0.921,7.8624,4.3627,2.3388,15.4849,0.022334
9840,0.9827,7.7267,4.3275,2.3322,15.3691,0.014666
9841,0.9559,7.7788,4.3048,2.3455,15.385,0.020255
9842,0.9906,7.7092,4.3119,2.3105,15.3222,0.023232
9843,0.9279,7.9941,4.3841,3.5742,16.8803,0.026163
9844,0.9801,7.7659,4.2719,2.351,15.3689,0.025577
9845,0.9706,7.7738,4.2625,2.3098,15.3166,0.024904
9846,1.0091,7.7281,4.3042,2.3044,15.3458,0.020847
9847,0.9172,7.8558,4.3452,2.3145,15.4328,0.01234
9848,0.9886,7.6694,4.2958,2.3377,15.2915,0.011496
9849,0.9668,7.7976,4.2937,2.338,15.3961,0.010443
9850,0.9784,7.7046,4.334,2.3381,15.3551,0.010568
9851,0.8914,7.7879,4.3886,2.3593,15.4271,0.010065
9852,0.9791,7.7087,4.3415,2.3013,15.3306,0.012831
9853,0.9977,7.796,4.2802,2.3047,15.3786,0.01222
9854,1.0112,7.6797,4.3148,2.3095,15.3153,0.0142
9855,0.8933,7.7835,4.2884,2.3195,15.2848,0.013814
9856,0.9486,8.0527,4.3202,2.3395,15.661,0.038566
9857,0.9616,7.711,4.3772,2.3576,15.4073,0.003951
9858,0.9536,7.6673,4.3936,2.3546,15.369,0.004015
9859,0.9121,7.8149,4.3354,2.3126,15.375,0.004098
9860,1.0075,7.8013,4.3226,2.293,15.4244,0.001368
9861,0.9757,7.7897,4.3053,2.2908,15.3615,0.001136
9862,0.9665,7.78,4.3205,2.3285,15.3955,0.001196
9863,0.9224,7.843,4.3203,2.3335,15.4192,0.001542
9864,0.9972,7.7117,4.3284,2.3578,15.395,0.002005
9865,0.9715,7.8086,4.3947,2.3471,15.5219,0.002182
9866,0.983,7.7201,4.3185,2.3084,15.3299,0.002358
9867,0.8899,7.8089,4.3913,2.3106,15.4007,0.084274
9868,0.9857,7.7537,4.3159,2.3023,15.3576,0.997569
9869,0.9528,7.8113,4.3938,2.3015,15.4593,0.999995
9870,0.99,7.7311,4.3203,2.3349,15.3763,0.999996
9871,0.9037,7.8256,4.292,2.3385,15.3598,0.999952
9872,0.9517,7.7298,4.3428,2.3385,15.3627,0.999665
9873,0.9806,7.782,4.3118,2.3498,15.4242,0.742513
9874,0.9971,7.7215,4.3183,2.311,15.348,0.182006
9875,0.9295,7.7558,4.3886,2.3058,15.3796,0.216929
9876,0.9618,7.7863,4.4041,2.3128,15.465,0.054319
9877,0.9658,7.885,4.3018,2.3165,15.4691,0.033398
9878,0.9793,7.707,4.3133,2.3298,15.3294,0.035112
9879,0.9532,7.7233,4.3045,2.3327,15.3137,0.036116
9880,0.9416,7.7895,4.2979,2.3502,15.3792,0.052481
9881,0.9083,7.8368,4.3221,2.3086,15.3758,0.062307
9882,0.9769,7.8751,4.3012,2.2997,15.453,0.072239
9883,1.0097,8.1043,4.3618,2.3154,15.7912,0.078754
9884,0.9588,7.8173,4.328,2.3055,15.4096,0.079069
9885,0.9195,7.8063,4.4322,2.3552,15.5132,0.128437
9886,0.9549,7.7884,4.3525,2.3216,15.4174,0.181768
9887,0.9299,7.8888,4.4326,2.3571,15.6084,0.049467
9888,0.9372,7.746,4.4126,2.341,15.4368,0.131634
9889,0.8979,7.8167,4.4238,2.3377,15.4761,0.110425
9890,0.9396,7.7854,4.3808,2.3118,15.4176,0.107714
9891,0.9991,7.7858,4.4215,2.2995,15.5059,0.085746
9892,1.0038,7.8199,4.4451,2.3008,15.5696,0.267248
9893,0.9005,8.5024,4.3889,2.3118,16.1035,0.293822
9894,0.9285,7.7945,4.4065,2.3107,15.4402,0.328994
9895,0.955,7.8518,4.437,2.3216,15.5654,0.315873
9896,0.9573,7.8259,4.3845,2.314,15.4817,0.10577
9897,0.8975,7.789,4.4151,2.3409,15.4425,0.110892
9898,0.9338,7.79,4.4464,2.3507,15.5209,0.314963
9899,0.9623,7.8256,4.3956,2.3325,15.516,0.11247
9900,0.9654,7.7831,4.4049,2.3074,15.4607,0.135219
9901,0.9094,7.8181,4.4096,2.3047,15.4418,0.160834
9902,0.9656,7.8706,4.4099,2.3179,15.5641,0.013375
9903,0.9565,7.8032,4.3754,2.322,15.457,0.01902
9904,0.9565,7.8264,4.3946,2.343,15.5206,0.020798
9905,0.8924,7.8454,4.4528,2.3243,15.5149,0.024254
9906,0.9285,7.8182,4.3906,2.3272,15.4645,0.017963
9907,0.9462,7.8637,4.4066,2.4088,15.6254,0.015464
9908,0.9822,7.8391,4.3909,2.3447,15.5569,0.017265
9909,0.8995,8.1396,4.4204,2.3462,15.8057,0.009458
9910,0.9315,7.7994,4.4107,2.311,15.4525,0.038416
9911,0.9959,7.9393,4.4089,2.3107,15.6548,0.066546
9912,0.981,7.8117,4.4123,2.3144,15.5194,0.05554
9913,0.908,7.8486,4.421,2.3194,15.497,0.038003
9914,0.9317,7.7654,4.4015,2.3393,15.4379,0.079737
9915,0.9638,7.8536,4.3586,2.327,15.503,0.099441
9916,0.9624,7.8534,4.3785,2.3356,15.5299,0.069442
9917,0.8935,7.7943,4.3755,2.3527,15.4159,0.076301
9918,0.9295,7.788,4.4063,2.3473,15.4711,0.152797
9919,0.967,7.9211,4.3937,2.3083,15.5902,0.125681
9920,0.9899,7.835,4.4021,2.2994,15.5264,0.039874
9921,0.925,7.8216,4.3899,2.2968,15.4334,0.035743
9922,0.9419,7.8447,4.428,2.2965,15.5111,0.052821
9923,0.9542,7.9602,4.4594,2.313,15.6867,0.023606
9924,0.9589,7.74,4.3581,2.3305,15.3875,0.029015
9925,0.8954,7.7953,4.3947,2.3312,15.4166,0.020513
9926,0.9311,7.758,4.3769,2.3599,15.426,0.015823
9927,0.9604,7.904,4.4144,2.3336,15.6124,0.011544
9928,0.9624,7.7869,4.4574,2.3039,15.5107,0.011212
9929,0.9311,7.9105,4.4028,2.3146,15.5589,0.012782
9930,0.9654,7.7519,4.3818,2.2975,15.3966,0.014975
9931,0.9562,7.7956,4.3958,2.3028,15.4504,0.013451
9932,0.9501,7.7759,4.3677,2.3497,15.4433,0.013192
9933,0.9052,7.8202,4.415,2.3265,15.4669,0.015211
9934,0.9283,7.8094,4.3697,2.3448,15.4522,0.012677
9935,0.9778,7.7378,4.4568,2.3352,15.5076,0.005973
9936,0.9827,8.0475,4.4046,2.3408,15.7757,0.006074
9937,0.9097,7.8791,4.3735,2.3348,15.497,0.006333
9938,0.9511,7.7667,4.3268,2.3267,15.3713,0.00468
9939,1.0053,7.7718,4.2954,2.3188,15.3913,0.005225
9940,0.9585,7.8869,4.3207,2.3221,15.4881,0.001846
9941,0.8875,7.846,4.3435,2.324,15.4011,0.001841
9942,0.9343,7.768,4.3171,2.34,15.3594,0.001892
9943,0.9576,7.8032,4.3122,2.3437,15.4169,0.001322
9944,0.9613,7.7019,4.3075,2.3024,15.2731,0.002059
9945,0.8947,7.8393,4.4177,2.3245,15.4761,0.001557
9946,0.9894,7.764,4.3102,2.3082,15.3718,0.001743
9947,0.9482,7.8463,4.3369,2.3184,15.4499,0.001904
9948,0.9647,7.8616,4.2955,2.3276,15.4494,0.001931
9949,0.8873,8.2112,4.3515,2.3181,15.7681,0.001829
9950,0.9395,8.0712,4.4437,2.3605,15.8148,0.001528
9951,0.9387,7.893,4.3149,2.3563,15.5029,0.002136
9952,0.9394,7.797,4.332,2.3427,15.4112,0.002066
9953,0.92,7.8519,4.3328,2.353,15.4577,0.0018
9954,0.966,7.8857,4.3173,2.3028,15.4718,0.002158
9955,0.9741,7.7607,4.338,2.3294,15.4022,0.004718
9956,0.9752,7.7604,4.3173,2.295,15.348,0.009858
9957,0.9353,7.7871,4.3176,2.3605,15.4005,0.012726
9958,0.9574,7.8641,4.3319,2.3251,15.4784,0.010859
9959,0.9343,7.7958,4.3092,2.3552,15.3945,0.00544
9960,0.9252,7.8,4.3192,2.3364,15.3808,0.005193
9961,0.9203,7.8112,4.3358,2.3185,15.3859,0.006333
9962,1.0012,8.159,4.2922,2.3211,15.7736,0.004985
9963,0.9753,7.7853,4.3023,2.3206,15.3834,0.003809
9964,0.9752,7.8207,4.3404,2.3119,15.4482,0.007493
9965,0.9149,7.8584,4.34,2.3238,15.4371,0.005652
9966,0.9583,7.8021,4.3023,2.3312,15.3939,0.009919
9967,0.9463,7.8536,4.315,2.3307,15.4457,0.010926
9968,0.9371,7.9867,4.3487,2.3192,15.5916,0.011395
9969,0.9082,7.7896,4.304,2.3606,15.3625,0.016385
9970,0.9572,7.8222,4.3085,2.3054,15.3934,0.013242
9971,0.9616,7.7877,4.2671,2.313,15.3294,0.045261
9972,0.9524,7.7621,4.3661,2.309,15.3896,0.088406
9973,0.9016,7.887,4.32,2.321,15.4297,0.159775
9974,0.9264,7.7583,4.3398,2.3298,15.3543,0.081464
9975,0.975,7.8203,4.3245,2.3417,15.4614,0.023417
9976,0.9698,7.8171,4.3192,2.3386,15.4447,0.023444
9977,0.8935,7.8715,4.4019,2.3305,15.4973,0.101264
9978,0.9935,7.8845,4.3089,2.302,15.4889,0.176159
9979,0.9795,7.7486,4.2739,2.3114,15.3134,0.192284
9980,0.9428,7.7406,4.3456,2.3377,15.3667,0.181171
9981,0.9168,7.814,4.3356,2.3133,15.3797,0.056335
9982,0.9569,7.8582,4.3269,2.3246,15.4667,0.037166
9983,0.9561,7.7803,4.3273,2.3253,15.389,0.026618
9984,0.936,7.784,4.3059,2.3377,15.3636,0.027324
9985,0.9263,7.7808,4.3446,2.3139,15.3655,0.00202
9986,0.9846,7.8457,4.3536,2.3178,15.5017,0.002983
9987,0.9857,7.8549,4.3892,2.3084,15.5382,0.022971
9988,0.9518,7.7497,4.3455,2.3179,15.3649,0.01956
9989,0.9104,8.1674,4.3295,2.335,15.7423,0.003443
9990,0.9557,7.8361,4.3132,2.331,15.436,0.004163
9991,0.9627,7.7968,4.2864,2.352,15.398,0.006696
9992,0.9705,7.7518,4.2818,2.3561,15.3601,0.007437
9993,0.9316,7.8359,4.3682,2.3366,15.4722,0.006149
9994,0.9925,7.8176,4.3145,2.3141,15.4386,0.006833
9995,1.0121,7.8492,4.3657,2.2907,15.5176,0.007491
9996,0.9548,7.8593,4.3875,2.3103,15.5118,0.008312
9997,0.8897,7.8089,4.332,2.3513,15.3819,0.003996
9998,0.9358,7.9124,4.3256,2.334,15.5078,0.009568
9999,0.954,7.9106,4.3126,2.3358,15.5129,0.015625
10000,0.9538,7.7871,4.3371,2.3535,15.4314,0.009142
10001,0.9456,7.8834,4.3372,2.3293,15.4955,0.009
10002,0.9352,7.8668,4.3528,2.3265,15.4813,0.007821
10003,1.0089,7.8379,4.3272,2.3078,15.4819,0.007551
10004,0.9959,7.8289,4.3452,2.3062,15.4763,0.00622
10005,0.914,7.8402,4.3486,2.3247,15.4275,0.005606
10006,0.933,7.8467,4.3595,2.3437,15.4829,0.036648
10007,0.9565,7.8926,4.3238,2.3427,15.5156,0.137897
10008,0.9498,7.8586,4.2929,2.3385,15.4398,0.018295
10009,0.9249,7.9197,4.3543,2.3357,15.5346,0.018105
10010,0.9407,7.8048,4.3566,2.3098,15.4119,0.009826
10011,0.9905,7.8295,4.3518,2.3183,15.49,0.008563
10012,0.9908,7.8152,4.3817,2.3282,15.5159,0.008425
10013,0.9193,7.8699,4.3538,2.309,15.452,0.00898
10014,0.9588,7.8894,4.3826,2.3198,15.5507,0.017579
10015,0.9436,8.147,4.3971,2.3362,15.8239,0.008765
10016,0.9588,7.8641,4.3215,2.3279,15.4723,0.009198
10017,0.9269,7.8091,4.4121,2.3319,15.48,0.010707
10018,0.9501,7.8405,4.4013,2.3502,15.5422,0.01409
10019,0.9629,7.8258,4.3613,2.343,15.4931,0.011324
10020,0.9563,7.8215,4.3397,2.3024,15.4199,0.011065
10021,0.9658,7.8813,4.3856,2.3133,15.5461,0.01252
10022,0.9588,7.7966,4.4052,2.2955,15.4561,0.015141
10023,0.9649,7.8101,4.3469,2.3463,15.4683,0.015154
10024,0.9554,7.9093,4.35,2.3292,15.5439,0.001089
10025,0.9134,7.8966,4.3541,2.3437,15.5077,0.000845
10026,0.9358,7.8096,4.3889,2.3356,15.4698,0.001901
10027,0.9528,7.806,4.41,2.3279,15.4967,0.000896
10028,0.9684,7.8521,4.3165,2.3086,15.4455,0.001634
10029,0.9255,7.8914,4.4066,2.2982,15.5216,0.001637
10030,0.9547,7.8226,4.3432,2.306,15.4265,0.001207
10031,0.9951,7.7604,4.3423,2.323,15.4209,0.001608
10032,0.961,7.8045,4.4475,2.3007,15.5136,0.002082
10033,0.924,7.9102,4.4202,2.3402,15.5945,0.003183
10034,0.9377,7.7871,4.3282,2.3359,15.3889,0.002744
10035,0.9611,7.7778,4.3623,2.3599,15.461,0.002597
10036,0.9469,7.775,4.3852,2.3279,15.435,0.002998
10037,0.916,7.8396,4.3873,2.293,15.436,0.003171
10038,0.959,7.8317,4.2755,2.2917,15.3579,0.003108
10039,0.9923,7.8326,4.3931,2.308,15.526,0.004455
10040,0.9566,7.8632,4.3866,2.3076,15.514,0.00427
10041,0.9011,7.7705,4.3193,2.331,15.3219,0.00339
10042,0.9489,8.3392,4.3569,2.3397,15.9847,0.004122
10043,0.9702,7.8749,4.382,2.3349,15.5621,0.006582
10044,0.9576,7.7863,4.3344,2.3499,15.4282,0.008861
10045,0.8846,8.42,4.3245,2.3357,15.9649,0.025231
10046,0.9419,7.8891,4.3559,2.3285,15.5154,0.011588
10047,0.9622,7.8056,4.325,2.3198,15.4125,0.007562
10048,0.973,7.8482,4.3209,2.2945,15.4366,0.02109
10049,0.923,7.8764,4.388,2.3145,15.5019,0.008351
10050,0.9388,7.8954,4.3123,2.3162,15.4628,0.007142
10051,0.9433,7.9234,4.2926,2.3411,15.5004,0.008954
10052,0.9092,7.7675,4.3177,2.3277,15.3221,0.022424
10053,0.9092,7.8835,4.2865,2.3435,15.4227,0.310771
10054,0.9421,7.8376,4.3596,2.3308,15.4702,0.876304
10055,0.905,7.8634,4.3569,2.3211,15.4464,0.737557
10056,0.9886,8.0052,4.443,2.3316,15.7684,0.206316
10057,0.9793,7.8877,4.369,2.3134,15.5495,0.006352
10058,0.9404,7.7959,4.5525,2.2938,15.5825,0.013522
10059,0.9372,7.904,4.4324,2.2973,15.571,0.085177
10060,0.917,7.8755,4.3976,2.3373,15.5274,0.214195
10061,0.9082,7.8339,4.4792,2.322,15.5433,0.230476
10062,0.9497,7.8566,4.4402,2.3285,15.5749,0.216298
10063,0.958,7.9668,4.3758,2.3475,15.6482,0.512143
10064,0.9428,7.863,4.4137,2.4059,15.6253,0.626274
10065,0.917,7.9162,4.407,2.3504,15.5905,0.491954
10066,0.95,7.8636,4.3992,2.3092,15.522,0.795298
10067,0.975,7.8818,4.4203,2.3045,15.5816,0.70192
10068,0.9765,8.1202,4.4136,2.3104,15.8207,0.784009
10069,0.9253,7.852,4.4328,2.2949,15.5051,0.702973
10070,0.955,7.8392,4.5387,2.3093,15.6423,0.524979
10071,0.9672,7.8475,4.3985,2.3223,15.5355,0.599624
10072,0.9362,7.8545,4.3974,2.336,15.5241,0.753744
10073,0.9201,7.9548,4.4422,2.3302,15.6473,0.691437
10074,0.9294,7.8631,4.3874,2.3132,15.4931,0.652975
10075,0.9576,7.8534,4.3952,2.3319,15.538,0.577306
10076,0.9568,7.8414,4.4216,2.3452,15.565,0.595413
10077,0.9149,7.8838,4.5282,2.3422,15.6691,0.818542
10078,0.9312,7.8182,4.3835,2.3032,15.4361,0.748854
10079,1.0002,7.875,4.7363,2.3506,15.9622,0.819378
10080,0.9977,7.9241,4.4148,2.3121,15.6487,0.871104
10081,0.928,7.8778,4.5342,2.3098,15.6499,0.825218
10082,0.9388,7.9632,4.383,2.3014,15.5864,0.80675
10083,0.9556,7.8957,4.4029,2.3208,15.575,0.649728
10084,0.9669,7.8737,4.4018,2.3388,15.5812,0.615428
10085,0.8942,7.9207,4.4337,2.3219,15.5704,0.532605
10086,0.9585,7.8563,4.3843,2.3255,15.5246,0.741929
10087,0.9668,7.8508,4.5289,2.3543,15.7008,0.574949
10088,0.9203,7.7819,4.5165,2.3461,15.5649,0.536143
10089,0.9278,7.8664,4.413,2.2934,15.5006,0.469752
10090,0.9479,7.9501,4.5382,2.314,15.7501,0.488026
10091,0.962,7.8272,4.4065,2.3012,15.4969,0.952315
10092,0.9589,7.8053,4.3888,2.2919,15.4449,0.999989
10093,0.9148,7.9362,4.4481,2.3056,15.6048,0.999999
10094,0.9561,7.8667,4.5402,2.3155,15.6785,1.0
10095,0.9621,8.3377,4.3795,2.327,16.0063,0.999998
10096,0.9624,7.854,4.4363,2.3114,15.5641,0.99988
10097,0.8961,7.9162,4.4944,2.3408,15.6476,0.999409
10098,0.9493,7.8752,4.4273,2.3239,15.5756,0.990406
10099,0.9695,7.8083,4.4058,2.3578,15.5414,0.974648
10100,0.9628,7.8226,4.4737,2.3487,15.6078,0.960759
10101,0.8881,7.8145,4.4155,2.3075,15.4255,0.932476
10102,0.9593,7.8782,4.4059,2.3161,15.5595,0.889579
10103,0.9961,7.8545,4.5017,2.3004,15.6527,0.853134
10104,1.0128,7.776,4.4969,2.2954,15.5811,0.858456
10105,0.9199,7.9861,4.39,2.3087,15.6047,0.889499
10106,0.9292,7.8529,4.4057,2.3302,15.5179,0.887421
10107,0.9734,7.7618,4.3799,2.3384,15.4535,0.868157
10108,0.9719,7.767,4.376,2.3212,15.436,0.869386
10109,0.9017,7.7871,4.5037,2.338,15.5305,0.848351
10110,0.9648,7.8538,4.3875,2.3325,15.5387,0.846432
10111,0.9667,7.8135,4.5005,2.3439,15.6246,0.849808
10112,0.9303,7.802,6.4679,2.3361,17.5365,0.832572
10113,0.9186,7.7978,4.3869,2.3505,15.4539,0.802729
10114,0.9592,7.9216,4.3877,2.3281,15.5966,0.798976
10115,0.9487,7.8427,4.3774,2.3417,15.5105,0.885084
10116,0.9406,7.8003,4.4067,2.3086,15.4562,0.999988
10117,0.9517,7.8825,4.4885,2.3175,15.6402,1.0
10118,0.9981,7.8634,4.3884,2.3065,15.5563,1.0
10119,0.9956,7.8163,4.3809,2.3065,15.4994,1.0
10120,0.959,7.8167,4.3517,2.3309,15.4583,1.0
10121,0.9109,8.1183,4.3799,2.3181,15.7272,0.999997
10122,0.9308,7.8352,4.4994,2.3255,15.5909,0.999974
10123,0.9746,7.8252,4.4266,2.3273,15.5537,0.999781
10124,0.9668,7.831,4.3706,2.3423,15.5107,0.987646
10125,0.9208,7.87,4.4014,2.3549,15.5471,0.970316
10126,0.9344,7.8557,4.4907,2.3346,15.6155,0.945266
10127,0.9691,7.7993,4.3968,2.3027,15.4679,0.90176
10128,0.9849,7.8407,4.4102,2.3041,15.54,0.850664
10129,0.9842,7.9401,4.3488,2.3156,15.5887,0.757821
10130,0.9419,7.8085,4.4388,2.3045,15.4937,0.814418
10131,0.9189,8.5388,4.4713,2.3084,16.2374,0.832558
10132,0.9655,7.7749,4.4941,2.3019,15.5365,0.833189
10133,0.9465,7.9165,4.3403,2.3278,15.5311,0.984657
10134,0.9827,7.6862,4.3957,2.3251,15.3897,0.999988
10135,0.9077,7.8578,4.369,2.3551,15.4896,1.0
10136,0.9701,7.7569,4.3809,2.3438,15.4516,1.0
10137,0.9694,7.7712,4.3982,2.3146,15.4534,0.999975
10138,0.9953,7.6815,4.3955,2.312,15.3843,0.999789
10139,0.9374,7.8379,4.4978,2.3339,15.6069,0.98317
10140,1.0135,7.7363,4.3886,2.3178,15.4562,0.985179
10141,0.9662,7.7549,4.4263,2.3206,15.468,0.903507
10142,0.9615,7.7795,4.5113,2.3383,15.5907,0.903027
10143,0.9075,7.8202,4.4254,2.326,15.4791,0.904358
10144,0.9728,7.8224,4.4128,2.3491,15.557,0.883721
10145,0.9736,7.7653,4.5041,2.3342,15.5772,0.893196
10146,0.9524,7.7124,4.4249,2.3012,15.3909,0.88306
10147,0.9492,7.8642,4.5006,2.2916,15.6056,0.878559
10148,0.9996,8.1115,4.4383,2.3211,15.8705,0.905
10149,0.9644,7.7862,4.5227,2.3139,15.5873,0.945521
10150,1.0145,7.6594,4.3952,2.3156,15.3846,0.836625
10151,0.9298,7.8895,4.3841,2.3359,15.5393,0.72709
10152,0.9753,7.755,4.4278,2.3661,15.5243,0.892445
10153,0.9727,7.8069,4.3538,2.3331,15.4665,0.575896
10154,0.9532,7.8217,4.3665,2.336,15.4774,0.483762
10155,0.915,7.8071,4.4543,2.3445,15.5208,0.493434
10156,0.9676,7.876,4.3917,2.3097,15.5451,0.428811
10157,0.94,7.7585,4.5356,2.3169,15.551,0.405009
10158,1.0231,7.6798,4.4231,2.307,15.4329,0.322082
10159,0.9547,7.9267,4.513,2.3038,15.6982,0.480614
10160,0.9856,7.8206,4.4613,2.2984,15.5659,0.512177
10161,0.9426,7.8582,4.4285,2.334,15.5633,0.464637
10162,0.9783,7.7366,4.3752,2.3328,15.4229,0.451697
10163,0.9273,7.8224,4.4231,2.3225,15.4952,0.462294
10164,0.9832,7.7705,4.3818,2.3491,15.4846,0.485553
10165,0.9407,7.7795,4.4883,2.3458,15.5544,0.475637
10166,1.0024,7.7745,4.4313,2.3193,15.5274,0.483579
10167,0.951,7.7692,4.4827,2.2968,15.4997,0.477231
10168,1.0206,7.6894,4.4735,2.3163,15.4998,0.52797
10169,0.946,7.8322,4.3996,2.3012,15.479,0.551268
10170,0.9674,7.7235,4.4024,2.3329,15.4262,0.520763
10171,0.902,7.8718,4.3935,2.3361,15.5034,0.867944
10172,0.9407,7.7573,4.4181,2.342,15.4581,0.826798
10173,0.9611,7.7558,4.4379,2.3302,15.4849,0.8131
10174,0.9811,8.0395,4.5053,2.3876,15.9135,0.81381
10175,0.8935,7.9212,4.3859,2.3488,15.5495,0.702608
10176,0.9395,7.7592,4.4261,2.3143,15.4391,0.685513
10177,0.9799,7.8562,4.4102,2.3163,15.5627,0.795711
10178,0.9372,7.8553,4.4711,2.3116,15.5752,0.986942
10179,0.9282,7.7839,4.4371,2.3073,15.4566,0.999961
10180,0.95,7.7984,4.5095,2.3273,15.5851,0.999971
10181,0.8982,7.7623,4.4687,2.3265,15.4556,0.9999
10182,0.945,7.8173,4.4131,2.3412,15.5166,0.999669
10183,0.9454,7.8353,4.3788,2.3371,15.4966,0.995757
10184,0.941,7.8555,4.4448,2.3424,15.5837,0.983094
10185,0.9157,7.7505,4.3776,2.3225,15.3664,0.788795
10186,0.9922,7.6665,4.4552,2.3156,15.4296,0.469356
10187,0.9709,7.7578,4.5511,2.3119,15.5918,0.329718
10188,0.9578,7.6821,4.3811,2.33,15.351,0.38102
10189,0.9085,7.7872,4.3865,2.338,15.4202,0.126789
10190,0.9432,7.869,4.4727,2.3328,15.6176,0.183715
10191,0.9271,7.8159,4.3754,2.3431,15.4615,0.043114
10192,0.9356,7.7324,4.5127,2.3328,15.5134,0.038691
10193,0.8883,7.7683,4.498,2.368,15.5226,0.028888
10194,0.989,7.7159,4.4207,2.3118,15.4374,0.0268
10195,1.0059,7.8806,4.4186,2.313,15.6182,0.025081
10196,1.0289,7.7503,4.387,2.3057,15.472,0.024462
10197,0.9155,7.8532,4.3626,2.3321,15.4633,0.04347
10198,0.9781,7.6869,4.4323,2.3334,15.4307,0.036625
10199,0.962,7.8249,4.3564,2.3261,15.4694,0.01242
10200,0.9825,7.7234,4.3803,2.3378,15.424,0.008173
10201,0.9313,8.0522,4.464,2.3527,15.8001,0.006346
10202,0.9908,7.7044,4.522,2.3538,15.5711,0.011623
10203,0.9338,7.7375,4.4669,2.3156,15.4538,0.012669
10204,0.9992,7.7489,4.4451,2.3078,15.501,0.013451
10205,0.9436,7.7842,4.4181,2.3148,15.4607,0.01417
10206,0.9507,7.7663,4.4658,2.3071,15.4898,0.019558
10207,0.9359,7.8397,4.4328,2.3377,15.5461,0.05901
10208,1.0665,8.1889,4.5302,2.3282,16.1139,0.073888
10209,0.9174,7.8444,4.4125,2.3473,15.5215,0.050149
10210,0.9603,7.8441,4.4205,2.3478,15.5726,0.068306
10211,0.9657,7.7888,4.4368,2.363,15.5544,0.067582
10212,0.9749,7.7339,4.4258,2.3417,15.4763,0.066153
10213,0.9131,7.8405,4.4875,2.3533,15.5942,0.013544
10214,0.9936,7.7412,4.4597,2.3,15.4945,0.013873
10215,0.9957,7.8232,4.3522,2.3134,15.4845,0.01148
10216,1.0215,7.7251,4.4189,2.3048,15.4703,0.009189
10217,0.9262,7.8652,4.4001,2.3042,15.4956,0.006115
10218,1.002,7.7085,4.4306,2.3216,15.4628,0.006968
10219,0.9347,7.7418,4.4248,2.3288,15.43,0.009696
10220,0.9473,7.6805,4.3921,2.3305,15.3504,0.03681
10221,0.9099,7.8333,4.3763,2.35,15.4696,0.032127
10222,0.9602,7.7807,4.462,2.3228,15.5257,0.039029
10223,0.9758,7.81,5.5495,2.3527,16.688,0.046768
10224,0.9553,7.6494,4.432,2.2723,15.3091,0.048459
10225,0.9121,7.7757,4.4274,2.3284,15.4436,0.029383
10226,1.0215,7.718,4.4945,2.3076,15.5417,0.054271
10227,0.9679,8.128,6.4929,2.3366,17.9254,0.04969
10228,0.9482,7.7451,4.4533,2.3527,15.4993,0.043244
10229,0.9136,7.8175,4.402,2.3531,15.4863,0.050694
10230,0.9809,7.771,4.4452,2.2964,15.4935,0.068739
10231,0.9895,7.7884,4.4671,2.3004,15.5454,0.017963
10232,1.0077,7.7017,6.4927,2.3316,17.5337,0.012702
10233,0.9257,7.7973,4.4484,2.3487,15.5201,0.010817
10234,0.966,7.7385,4.4871,2.3429,15.5345,0.015632
10235,0.9532,7.7928,4.4828,2.3013,15.5303,0.016704
10236,0.9949,7.7406,4.4529,2.3199,15.5083,0.012635
10237,0.9546,7.8295,4.4436,2.2841,15.5118,0.007578
10238,0.9774,7.7693,4.453,2.3194,15.5191,0.006477
10239,0.9539,7.7972,4.4286,2.3349,15.5146,0.006556
10240,0.9776,7.682,4.4423,2.3449,15.4468,0.011005
10241,0.9255,7.8611,4.4152,2.3513,15.5531,0.005901
10242,0.9807,7.7709,4.5537,2.3331,15.6384,0.004198
10243,0.9602,7.7301,4.4079,2.3527,15.4509,0.005229
10244,0.9783,7.7359,4.4096,2.3203,15.4441,0.004363
10245,0.9333,7.8148,4.4256,2.3037,15.4773,0.016554
10246,1.0131,7.7118,4.4416,2.305,15.4715,0.005436
10247,0.9637,7.8457,4.4806,2.3107,15.6007,0.010202
10248,0.9431,7.7384,4.4306,2.347,15.4591,0.006515
10249,0.905,7.7988,4.4235,2.3304,15.4576,0.003822
10250,0.9895,7.7656,4.4424,2.331,15.5286,0.004796
10251,0.9387,7.715,4.4922,2.3498,15.4957,0.005826
10252,0.9438,7.693,4.4488,2.3532,15.4388,0.004821
10253,0.9147,7.8049,4.5033,2.2983,15.5211,0.004308
10254,1.0115,8.0582,4.4258,2.3156,15.8111,0.006596
10255,0.9618,7.8212,4.5105,2.3128,15.6063,0.006036
10256,0.9972,7.7026,4.4252,2.3147,15.4398,0.002916
10257,0.9322,7.807,4.5063,2.3225,15.5679,0.003573
10258,0.981,7.7857,4.3984,2.3376,15.5027,0.003632
10259,0.9352,7.8531,4.3507,2.3336,15.4726,0.002386
10260,0.9576,7.7798,4.4382,2.3503,15.526,0.003256
10261,0.914,7.8687,4.5027,2.3445,15.6299,0.002591
10262,0.9968,7.7394,4.4741,2.3326,15.5429,0.0043
10263,0.9704,7.7982,4.3962,2.325,15.4897,0.0044
10264,0.8835,7.7227,4.4337,2.2974,15.3373,0.004751
10265,0.8592,7.6934,4.4157,2.3093,15.2776,0.003202
10266,0.8425,7.666,4.4185,2.3196,15.2465,0.004543
10267,0.8173,7.6881,4.4358,2.3409,15.2822,0.004083
10268,0.8271,7.6157,4.4343,2.3274,15.2045,0.006168
10269,5.044,9.2285,4.5607,2.3148,21.1481,0.22826
10270,0.9461,7.937,4.3211,2.3181,15.5223,0.001042
10271,0.8987,7.9109,4.3979,2.3177,15.5252,0.002875
10272,0.9225,7.8918,4.4195,2.317,15.5508,0.004443
10273,0.9026,8.025,4.4093,2.3485,15.6854,0.001346
10274,0.9096,7.7699,4.4606,2.3336,15.4736,0.000911
10275,0.9027,7.9353,4.314,2.3227,15.4747,0.000447
10276,0.9294,7.8494,4.4342,2.3409,15.5538,0.0001
10277,0.8943,7.9929,4.3099,2.3347,15.5318,1.1e-05
10278,0.9104,7.92,4.4297,2.3116,15.5717,1.1e-05
10279,0.8854,7.9445,4.4179,2.31,15.5578,0.002183
10280,0.9152,8.1773,4.5368,2.3072,15.9365,0.984885
10281,0.9613,7.9788,4.4039,2.3048,15.6489,0.999802
10282,0.9207,7.8642,4.5265,2.3303,15.6417,0.999964
10283,0.9648,7.8776,4.34,2.3069,15.4893,0.999513
10284,0.8832,7.7751,4.2577,2.3437,15.2596,0.982826
10285,0.916,7.8753,4.3003,2.3263,15.4179,0.893796
10286,0.9199,7.9518,4.3043,2.3511,15.5271,0.939044
10287,0.9133,7.9744,4.3189,2.3514,15.558,0.972101
10288,0.9945,7.7664,4.3056,2.3236,15.3901,0.605649
10289,0.9278,7.99,4.2539,2.3094,15.4811,0.390691
10290,0.9483,7.959,4.349,2.3086,15.5649,0.891896
10291,0.983,7.931,4.0923,2.3035,15.3097,0.489721
10292,0.8934,8.1966,4.069,2.3249,15.4839,0.386787
10293,0.9253,8.0708,3.9611,2.3395,15.2967,0.752731
10294,0.945,7.9731,3.9218,2.3597,15.1997,0.913938
10295,0.9032,7.922,4.1963,2.3357,15.3572,0.969994
10296,0.8892,8.0282,3.8897,2.3366,15.1437,0.964985
10305,0.9906,11.9941,4.0747,2.331,19.3904,0.00192
10306,0.9469,7.9688,4.0116,2.3571,15.2844,3e-06
10307,0.8955,7.9869,4.1083,2.3588,15.3495,0.002246
10308,0.9201,8.298,4.4183,2.3589,15.9954,0.738601
10309,0.9461,7.9804,4.4205,2.3041,15.6512,0.999811
10310,0.9359,7.9204,4.3722,2.3164,15.5449,0.999924
10311,0.9504,7.9025,4.3362,2.3068,15.4959,0.093397
10312,0.925,7.8773,4.3267,2.3108,15.4398,0.01148
10313,0.9294,7.8961,4.3078,2.342,15.4753,0.056165
10314,0.9327,7.7866,4.2517,2.3303,15.3013,0.053574
10315,0.9197,7.7951,4.2554,2.3405,15.3107,0.013168
10316,0.9243,7.8199,4.5279,2.3556,15.6277,0.009939
10317,0.9417,7.9887,4.5683,2.3382,15.8369,0.142115
10318,0.9182,7.9191,4.4768,2.3173,15.6313,0.125673
10319,0.9433,7.8293,4.2831,2.318,15.3737,0.225362
10320,0.946,7.8603,4.2864,2.3192,15.412,0.379782
10321,0.9346,7.8949,4.4593,2.3061,15.5949,0.261458
10322,0.9078,7.901,4.3374,2.3398,15.486,0.199843
10323,0.9085,7.9527,4.2592,2.3284,15.4487,0.175336
10324,0.9146,7.9654,4.2303,2.3434,15.4537,0.251137
10325,0.9041,7.9987,4.2479,2.3471,15.4978,0.012847
10326,0.8913,7.9351,4.2873,2.3465,15.4602,0.005109
10327,0.9398,8.0049,4.3394,2.3157,15.5998,0.909882
10328,0.9392,7.8385,4.4588,2.3077,15.5442,0.969888
10330,0.9243,11.7632,4.2461,2.3073,19.241,0.186866
10331,0.9818,8.0031,4.4135,2.305,15.7034,0.423265
10332,0.9371,7.9081,4.2099,2.3195,15.3746,0.992451
10333,0.8922,7.8955,4.212,2.3238,15.3236,0.972228
10334,0.8995,8.2891,4.3091,2.3243,15.8219,0.992818
10335,0.9111,7.9634,4.2135,2.3517,15.4397,0.999389
10336,0.9091,7.9457,4.2273,2.3448,15.4269,0.989599
10338,0.9608,12.1511,4.4,2.2942,19.8061,0.123565
10339,0.907,7.8363,4.4443,2.3445,15.532,0.994605
10340,0.923,7.9386,4.4312,2.3515,15.6443,0.999817
10341,0.9414,8.1168,4.3773,2.3485,15.7841,0.999999
10342,0.9181,8.4396,4.4022,2.345,16.1049,0.999492
10343,0.9298,7.8309,4.4063,2.3089,15.4759,0.676362
10344,1.0025,7.8134,4.5085,2.2969,15.6213,0.46378
10345,0.9836,7.8394,4.4405,2.3041,15.5676,0.82369
10346,0.9353,7.7795,4.5231,2.3159,15.5537,0.744955
10347,0.9552,7.9163,4.4472,2.3057,15.6243,0.809461
10348,0.9325,7.7887,4.4995,2.3432,15.564,0.806173
10349,0.939,7.803,4.5185,2.3178,15.5784,0.762132
10350,0.8895,7.7094,4.4074,2.3296,15.3359,0.795462
10351,0.9446,7.8853,4.4468,2.344,15.6206,0.667976
10352,0.9389,7.8603,4.4181,2.3357,15.5529,0.668616
10353,0.9469,7.9029,4.4221,2.327,15.599,0.654222
10354,0.9013,7.8595,4.5557,2.3011,15.6176,0.480819
10355,0.9668,7.9057,4.4511,2.3074,15.631,0.42849
10356,0.9543,7.8137,4.4436,2.3075,15.5191,0.408988
10357,0.9256,7.8736,4.4517,2.3098,15.5607,0.466788
10358,0.8881,7.8483,4.5341,2.3204,15.5909,0.211348
10359,0.9356,7.8476,4.4167,2.3362,15.5361,0.253239
10360,0.9236,7.8446,4.5066,2.33,15.6049,0.311349
10361,0.908,8.1671,4.4348,2.3355,15.8454,0.339971
10362,0.9343,7.8205,4.3879,2.3329,15.4756,0.294141
10363,0.906,7.8385,4.4525,2.3533,15.5503,0.119618
10364,0.9205,7.9328,4.4257,2.3504,15.6294,0.121188
10365,0.8878,7.8879,4.4887,2.3237,15.5881,0.062987
10366,0.9789,7.9189,4.4566,2.3144,15.6689,0.023007
10367,0.9326,7.8252,4.4458,2.2984,15.5019,0.001942
10368,0.9562,7.8592,4.4496,2.3002,15.5652,0.001997
10369,0.9504,7.8969,4.4391,2.3152,15.6016,0.003599
10370,0.931,7.821,4.4062,2.3272,15.4855,0.004003
10371,0.9181,7.9543,4.4197,2.3249,15.617,0.00045
10372,0.9271,7.8151,4.4228,2.3249,15.4899,0.000296
10373,0.9377,7.7474,4.3826,2.3353,15.403,0.000519
10374,0.9307,7.8348,4.4498,2.3633,15.5786,0.000451
10375,0.915,7.8601,4.4164,2.3152,15.5067,0.000477
10376,0.9512,7.8799,4.4978,2.3204,15.6492,0.000528
10377,0.971,7.9133,4.5133,2.3055,15.703,0.00016
10378,1.0029,7.7516,4.4873,2.3055,15.5473,0.000206
10379,0.9107,7.9005,4.4115,2.314,15.5368,0.000226
10380,0.9177,7.8062,4.4128,2.327,15.4637,0.000505
10381,0.942,7.8003,4.4536,2.3087,15.5045,0.000549
10382,0.9308,7.7752,4.4105,2.34,15.4564,0.001213
10383,0.9224,7.8063,4.4209,2.3443,15.4939,0.001508
10384,0.9363,7.837,4.4533,2.3635,15.5901,0.942167
10385,0.9469,7.8148,4.3945,2.3441,15.5004,0.999944
10386,0.9691,7.806,4.3741,2.3026,15.4518,0.999988
10387,0.9682,8.1876,4.4302,2.3041,15.8902,0.999994
10388,0.9591,7.7695,4.4324,2.3088,15.4699,0.999874
10389,0.939,7.8177,4.442,2.3141,15.5129,0.998998
10390,0.9505,7.8482,4.3774,2.3304,15.5064,0.989888
10391,0.916,7.8567,4.3852,2.3399,15.4977,0.946626
10392,0.9336,7.7715,4.4262,2.3555,15.4869,0.853669
10393,0.9455,7.8838,4.405,2.3458,15.5801,0.495019
10394,0.9412,7.7945,4.428,2.3336,15.4973,0.456545
10395,0.9158,7.8264,4.4443,2.321,15.5075,0.404759
10396,0.9592,7.8237,4.4135,2.3104,15.5067,0.446333
10397,0.9719,7.8015,4.4287,2.3083,15.5103,0.430327
10398,0.9455,7.8333,4.4273,2.3047,15.5108,0.420938
10399,0.9257,7.8346,4.3996,2.3252,15.4851,0.414805
10400,0.9248,7.8081,4.473,2.322,15.5279,0.29915
10401,0.94,7.8437,4.4453,2.329,15.558,0.405777
10402,0.9309,7.725,4.4998,2.3361,15.4919,0.290361
10403,0.9139,7.7953,4.4061,2.3373,15.4526,0.469355
10404,0.9348,7.7552,4.4736,2.3163,15.4799,0.473071
10405,0.965,7.8302,4.4387,2.303,15.5368,0.54706
10406,0.9879,7.7973,4.3958,2.3316,15.5126,0.652177
10407,0.9166,7.8688,4.382,2.3092,15.4767,0.692159
10408,0.9311,7.8892,4.4031,2.329,15.5525,0.755133
10409,0.9441,7.8137,4.4193,2.3349,15.5121,0.791174
10410,0.9368,7.8528,4.3405,2.3619,15.4921,0.768801
10411,0.9207,7.9628,4.4198,2.3448,15.6481,0.747783
10412,0.9282,7.9484,4.447,2.3474,15.671,0.76024
10413,0.9364,7.9295,4.4074,2.355,15.6284,0.227616
10414,0.9312,8.2367,4.433,2.3387,15.9396,0.440284
10415,0.9277,7.8096,4.4065,2.3114,15.4553,0.444406
10416,0.9564,7.8564,4.4232,2.3145,15.5506,0.582639
10417,0.978,7.8978,4.4696,2.3082,15.6537,0.591415
10418,0.9702,7.7297,4.4391,2.2712,15.4102,0.453292
10419,0.9153,7.9607,4.4716,2.324,15.6716,0.255766
10420,0.9318,7.7948,4.4998,2.3399,15.5663,0.309039
10421,0.9469,7.8163,4.3899,2.3295,15.4825,0.400602
10422,0.9282,7.7879,4.4033,2.3462,15.4656,0.265343
10423,0.9155,7.7675,4.3942,2.3436,15.4208,0.186463
10424,0.9478,7.8615,4.4362,2.3309,15.5764,0.171826
10425,0.9413,7.7666,4.4457,2.3069,15.4605,0.177262
10426,0.9563,7.7847,4.3973,2.2938,15.4322,0.159181
10427,0.9626,7.8187,4.4374,2.3055,15.5242,0.216804
10428,0.9377,7.807,4.4077,2.3221,15.4745,0.151815
10429,0.9398,7.8702,4.4498,2.3355,15.5952,0.154599
10430,0.9384,7.784,4.4754,2.3428,15.5406,0.076856
10431,0.9217,7.812,4.4199,2.3445,15.4981,0.204571
10432,0.9345,7.7589,4.4783,2.3505,15.5222,0.182242
10433,0.9409,7.8737,4.5358,2.3506,15.701,0.217806
10434,0.9433,7.7887,4.4109,2.3152,15.4581,0.201528
10435,0.9423,7.8327,4.4485,2.2996,15.5231,0.158794
10436,0.9678,7.769,4.5106,2.3266,15.574,0.233647
10437,1.0141,7.8128,4.4286,2.3137,15.5693,0.221978
10438,0.9671,7.7975,4.4338,2.3268,15.5252,0.125973
10439,0.9225,7.8607,4.4463,2.3264,15.5558,0.202509
10440,0.9383,8.1594,4.3983,2.3358,15.8318,0.146658
10441,0.9465,7.8552,4.4134,2.3399,15.5551,0.154185
10442,0.9317,7.7724,4.3803,2.3516,15.4359,0.054462
10443,0.9156,7.8266,4.4319,2.3551,15.5292,0.078303
10444,0.9419,7.8007,4.3957,2.3006,15.439,0.07446
10445,0.9677,7.8525,4.4671,2.3249,15.6121,0.069823
10446,0.988,7.7378,4.4525,2.2996,15.4778,0.057975
10447,0.9778,7.807,4.4602,2.3133,15.5583,0.034259
10448,0.9413,7.8514,4.3808,2.3209,15.4944,0.032909
10449,0.9457,7.9036,4.3891,2.3385,15.577,0.031663
10450,0.936,7.8082,4.4221,2.3266,15.4929,0.037238
10451,0.9246,7.8703,4.4404,2.3356,15.5708,0.05093
10452,0.945,7.8194,4.3843,2.3512,15.5,0.048317
10453,0.9357,7.8164,4.4164,2.3497,15.5182,0.045022
10454,0.9361,7.6881,4.416,2.3181,15.3582,0.04929
10455,0.9521,7.8694,4.4195,2.3041,15.545,0.045767
10456,0.9708,7.8328,4.5195,2.306,15.6291,0.060407
10457,0.9476,7.8965,4.4042,2.3208,15.5691,0.050017
10458,0.9458,7.857,4.4076,2.3379,15.5483,0.054548
10459,0.9181,7.8874,4.4092,2.3252,15.5399,0.036704
10460,0.9478,7.9339,4.408,2.3375,15.6272,0.042169
10461,0.9417,7.8329,4.393,2.349,15.5166,0.040104
10462,0.9385,7.7792,4.4181,2.3474,15.4832,0.032878
10463,0.9127,7.8423,4.461,2.3281,15.5441,0.019146
10464,0.9391,7.8215,4.5122,2.3198,15.5926,0.011285
10465,0.9764,7.915,4.5231,2.3036,15.7181,0.014001
10466,0.975,7.7819,4.3974,2.445,15.5993,0.013793
10467,1.07,8.3974,4.4431,2.3052,16.2156,0.007633
10468,0.9789,7.8355,4.5646,2.3096,15.6886,0.009439
10469,0.9741,7.8304,4.4322,2.3045,15.5413,0.008796
10470,0.969,7.7678,4.4387,2.2983,15.4738,0.011104
10471,0.9145,7.8349,4.4995,2.334,15.5828,0.008077
10472,0.9668,7.9224,4.4507,2.34,15.6799,0.015746
10473,0.9391,7.8252,4.3907,2.3586,15.5137,0.021652
10474,0.9408,7.8571,4.4113,2.34,15.5492,0.017517
10475,0.9175,7.9655,4.5048,2.3331,15.721,0.007778
10476,0.9662,7.8406,4.4219,2.3514,15.5801,0.00749
10477,0.9794,7.7884,4.4016,2.3694,15.5388,0.003897
10478,0.9625,7.8311,4.5028,2.3175,15.6141,0.005532
10479,0.9256,7.8843,4.5114,2.3121,15.6334,0.005312
10480,0.9832,7.7992,4.3943,2.3171,15.4937,0.004018
10481,1.006,7.8159,4.4111,2.3076,15.5405,0.005291
10482,0.9701,7.8464,4.4864,2.2652,15.5682,0.004401
10483,0.9156,7.9281,4.4063,2.327,15.577,0.004173
10484,0.953,7.8139,4.4159,2.341,15.5239,0.004638
10485,0.9624,7.9192,4.3676,2.3276,15.5768,0.004708
10486,0.9709,7.7701,4.4122,2.3387,15.4919,0.004603
10487,0.9284,7.9072,4.4847,2.349,15.6693,0.002958
10488,0.9727,7.7698,4.5095,2.3529,15.605,0.002869
10489,0.9785,7.842,4.4335,2.302,15.556,0.003424
10490,0.9982,7.8391,4.4428,2.3063,15.5864,0.003641
10491,0.921,7.9401,4.4362,2.3125,15.6097,0.003376
10492,0.9887,7.7868,4.3947,2.3068,15.477,0.026798
10493,0.981,8.1886,4.4083,2.3253,15.9032,0.01724
10494,0.9747,7.8113,4.4442,2.3443,15.5745,0.014451
10495,0.976,7.8659,4.4279,2.3394,15.6092,0.012917
10496,0.9621,7.8577,4.4361,2.3349,15.5908,0.019682
10497,0.9591,7.779,4.4047,2.349,15.4919,0.025667
10498,0.959,7.7783,4.4539,2.3535,15.5446,0.023791
10499,0.892,7.9345,4.508,2.3457,15.6801,0.018614
10500,0.9688,7.8007,4.4428,2.3116,15.5239,0.016813
10501,0.9942,7.762,4.4334,2.3008,15.4906,0.017011
10502,1.0029,7.7951,4.3977,2.2948,15.4905,0.013954
10503,0.9454,7.8709,4.5307,2.3099,15.6569,0.014283
10504,0.9627,7.9282,4.4666,2.3347,15.6923,0.017903
10505,0.9503,7.8385,4.4272,2.342,15.558,0.019275
10506,0.9585,7.8621,4.4135,2.3369,15.571,0.023155
10507,0.9251,7.8588,4.4443,2.3206,15.5489,0.02149
10508,0.9729,7.8618,4.4273,2.3369,15.5989,0.023873
10509,0.9608,7.857,4.3994,2.3733,15.5905,0.033567
10510,0.9407,7.742,4.3826,2.3511,15.4163,0.028612
10511,0.9437,7.8269,4.4326,2.307,15.5101,0.025989
10512,0.9672,7.8262,4.4503,2.3216,15.5653,0.023853
10513,0.9875,7.8433,4.4436,2.316,15.5904,0.020289
10514,0.9332,7.8119,4.45,2.3212,15.5163,0.055526
10515,0.9019,7.8991,4.4117,2.341,15.5537,0.048489
10516,0.9388,7.8417,4.4043,2.3481,15.5328,0.048841
10517,0.9332,7.8379,4.365,2.3335,15.4695,0.047823
10518,0.9681,7.7924,4.4417,2.3619,15.5642,0.05049
10519,0.9103,8.1655,4.4672,2.343,15.886,0.012513
10520,0.9599,7.8632,4.4357,2.3419,15.6007,0.00652
10521,0.9534,7.85,4.4437,2.3379,15.585,0.011357
10522,0.9728,7.7825,4.4555,2.3177,15.5284,0.006782
10523,0.9322,7.8236,4.4465,2.3107,15.513,0.004566
10524,0.9865,7.7674,4.463,2.3193,15.5362,0.0061
10525,0.9341,7.9001,4.4898,2.3008,15.6248,0.006565
10526,0.9252,7.8155,4.3994,2.3233,15.4633,0.007472
10527,0.9184,7.9371,4.4505,2.3292,15.6352,0.005064
10528,0.9651,7.7538,4.4448,2.3411,15.5048,0.006132
10529,0.9848,7.7884,4.3773,2.3393,15.4898,0.007212
10530,0.9377,7.8388,4.4447,2.3548,15.576,0.006145
10531,0.9102,7.9223,4.4697,2.3708,15.6729,0.010968
10532,0.962,7.8068,4.4047,2.3113,15.4848,0.00891
10533,0.988,7.8631,4.3967,2.3095,15.5574,0.015589
10534,0.9793,7.811,4.3602,2.3005,15.451,0.010107
10535,0.9151,7.8099,4.41,2.3047,15.4397,0.006263
10536,0.9682,7.8118,4.4216,2.3285,15.5301,0.013109
10537,0.9533,7.8327,4.42,2.3559,15.5619,0.012203
10538,0.9771,7.7565,4.4145,2.3209,15.4691,0.013339
10539,0.8965,7.8615,4.4014,2.3447,15.5041,0.013512
10540,0.9662,7.7895,4.4564,2.3416,15.5537,0.012392
10541,0.9805,7.8737,4.4055,2.3045,15.5642,0.012113
10542,0.9725,7.836,4.3736,2.3081,15.4902,0.013643
10543,0.9577,8.0257,4.3838,2.3105,15.6776,0.011442
10544,0.9989,7.7436,4.4459,2.2954,15.4838,0.013849
10545,0.9719,7.842,4.4082,2.3207,15.5427,0.011691
10546,0.9323,8.0784,4.4551,2.3213,15.7871,0.012774
10547,0.936,7.8932,4.428,2.3435,15.6006,0.014433
10548,0.9434,7.9703,4.41,2.3514,15.6751,0.015055
10549,0.9732,7.8497,4.405,2.3319,15.5598,0.011725
10550,0.9608,7.8568,4.3897,2.3554,15.5627,0.013753
10551,0.9035,7.7899,4.3911,2.3411,15.4256,0.011101
10552,0.9384,7.801,4.504,2.3149,15.5583,0.010261
10553,1.0115,7.8353,4.3979,2.3152,15.5599,0.010945
10554,0.9966,7.7488,4.3713,2.3029,15.4196,0.010432
10555,0.8922,7.8773,4.389,2.3164,15.4749,0.007005
10556,0.9306,7.7541,4.4173,2.3397,15.4417,0.013062
10557,0.9843,7.876,4.397,2.3423,15.5996,0.009554
10558,0.9739,7.7927,4.3962,2.3286,15.4914,0.009553
10559,0.885,7.7602,4.3581,2.3354,15.3386,0.00959
10560,0.9265,7.7482,4.3959,2.2943,15.3649,0.009709
10561,0.959,7.8524,4.3727,2.3229,15.5069,0.00871
10562,0.986,7.8276,4.4194,2.3054,15.5384,0.010493
10563,0.9169,7.8095,4.4548,2.2952,15.4764,0.903668
10564,0.938,7.8055,4.3799,2.3241,15.4475,0.999993
10565,0.9596,7.8687,4.3866,2.3394,15.5543,0.999994
10566,0.9763,7.8073,4.3798,2.3282,15.4916,0.999946
10567,0.8928,7.8188,4.4666,2.3373,15.5155,0.9986
10568,0.9415,7.8405,4.4785,2.3383,15.5988,0.990338
10569,0.9482,7.864,4.3982,2.3456,15.556,0.600672
10570,0.9589,7.7962,4.4114,2.317,15.4835,0.493076
10571,0.9313,7.8266,4.3839,2.3116,15.4535,0.457396
10572,0.9793,8.0825,4.3899,2.3231,15.7749,0.10751
10573,1.0037,7.8591,4.5186,2.3115,15.6928,0.038958
10574,0.9544,7.7613,4.463,2.322,15.5007,0.053647
10575,0.9263,7.8784,4.4009,2.3245,15.5301,0.075702
10576,0.9479,7.7875,4.4378,2.3437,15.5169,0.101567
10577,0.9364,7.8372,4.3609,2.325,15.4596,0.06405
10578,0.9649,7.8047,4.3822,2.3399,15.4917,0.067376
10579,0.8894,7.8152,4.4039,2.3286,15.4371,0.040805
10580,0.9387,7.7653,4.3997,2.2975,15.4012,0.071156
10581,0.9962,7.859,4.3771,2.312,15.5444,0.235099
10582,1.0012,7.741,4.3744,2.3068,15.4233,0.242243
10583,0.8837,7.8585,4.3764,2.3438,15.4624,0.23077
10584,0.94,7.9069,4.4045,2.3379,15.5893,0.264677
10585,0.9841,7.8601,4.405,2.3401,15.5894,0.23925
10586,0.9601,7.8022,4.4052,2.3403,15.5078,0.248734
10587,0.9166,7.9185,4.53,2.3615,15.7266,0.151756
10588,0.9341,7.868,4.4078,2.3407,15.5506,0.177046
10589,0.9457,7.7973,4.4671,2.3074,15.5176,0.038556
10590,0.9732,7.8097,4.3947,2.3172,15.4949,0.028635
10591,0.9629,7.8495,4.4395,2.3041,15.556,0.02902
10592,1.0076,7.7778,4.4147,2.3049,15.505,0.029066
10593,0.9741,7.8254,4.3685,2.351,15.519,0.034519
10594,0.973,7.7745,4.3646,2.3387,15.4508,0.036952
10595,0.8925,7.9926,4.5788,2.4699,15.9338,0.034228
10596,0.9692,7.7909,4.4396,2.3251,15.5248,0.030601
10597,0.9376,7.8408,4.3715,2.3244,15.4743,0.035677
10598,0.9741,7.8375,4.4283,2.3583,15.5982,0.032894
10599,0.9291,8.1466,4.5413,2.3661,15.9832,0.030652
10600,0.9683,7.8112,4.4497,2.3437,15.573,0.022825
10601,0.9737,7.9163,4.5169,2.3043,15.7112,0.021634
10602,0.963,7.8054,4.4894,2.322,15.5798,0.022823
10603,0.9548,7.8662,4.5013,2.3049,15.6272,0.027553
10604,0.9742,7.9064,4.4479,2.2929,15.6214,0.031792
10605,0.942,7.8599,4.4138,2.3145,15.5301,0.028477
10606,0.9347,7.8254,4.4208,2.3367,15.5175,0.024487
10607,0.9184,7.8959,4.4817,2.3409,15.6369,0.019523
10608,0.94,7.8681,4.4191,2.3248,15.5519,0.025095
10609,0.9457,7.8402,4.4292,2.333,15.5481,0.036423
10610,0.941,7.7785,4.5302,2.3236,15.5734,0.033968
10611,0.9264,7.8866,4.4213,2.3504,15.5847,0.033529
10612,0.9417,7.9484,4.3915,2.3198,15.6014,0.022258
10613,0.9578,7.8035,4.4429,2.3163,15.5205,0.017422
10614,0.9599,7.8149,4.4425,2.3031,15.5204,0.022135
10615,0.9745,7.8114,4.4306,2.2995,15.5159,0.028
10616,0.9271,7.8347,4.403,2.34,15.5049,0.029995
10617,0.9626,7.9596,4.3893,2.3376,15.6491,0.033192
10618,0.9716,7.9387,4.3851,2.3384,15.6337,0.023525
10619,0.9057,7.8316,4.4025,2.3335,15.4733,0.013377
10620,0.9724,7.8075,4.4374,2.3364,15.5537,0.02339
10621,0.9638,7.8654,4.446,2.3479,15.6231,0.024108
10622,0.934,7.8387,4.3782,2.3182,15.4691,0.031093
10623,0.9153,7.8971,4.4005,2.3179,15.5309,0.030796
10624,0.965,7.8682,4.5168,2.3175,15.6675,0.033835
10625,0.9687,8.1706,4.459,2.3226,15.9208,0.02409
10626,0.9811,7.7702,4.4768,2.3065,15.5346,0.024421
10627,0.9079,7.8842,4.458,2.2879,15.538,0.023476
10628,0.9403,7.809,4.5091,2.3347,15.5931,0.019203
10629,0.9332,7.8196,4.4002,2.3245,15.4775,0.028811
10630,0.9317,7.8444,4.4425,2.344,15.5626,0.0232
10631,0.9364,7.9888,4.437,2.3345,15.6966,0.023421
10632,0.9443,7.8992,4.4417,2.3259,15.611,0.017615
10633,0.9465,7.8136,4.4132,2.3465,15.5198,0.018383
10634,0.9272,7.8351,4.4342,2.3114,15.5079,0.051504
10635,0.9542,7.8213,4.4272,2.3045,15.5073,0.047207
10636,0.9657,7.7626,4.4663,2.3099,15.5045,0.042786
10637,0.9401,7.8247,4.4052,2.3147,15.4846,0.036282
10638,0.9231,7.873,4.4256,2.3552,15.5769,0.063099
10639,0.9226,7.9905,4.4413,2.3414,15.6958,0.060608
10640,0.931,7.8945,4.5234,2.3302,15.6791,0.065493
10641,0.9472,7.8426,4.402,2.3179,15.5097,0.059966
10642,0.9406,7.7633,4.4443,2.3439,15.4921,0.078935
10643,0.9166,7.8094,4.453,2.3511,15.5301,0.08689
10644,0.9458,7.8923,4.4269,2.3036,15.5686,0.082721
10645,0.9552,7.8327,4.3972,2.3028,15.4879,0.085694
10646,0.9736,7.7894,4.3856,2.3062,15.4548,0.071475
10647,0.9151,7.8905,4.4386,2.3095,15.5537,0.071283
10648,0.9648,7.8592,4.4151,2.3396,15.5787,0.093713
10649,0.9655,7.8257,4.4298,2.3364,15.5574,0.085524
10650,0.9422,7.8659,4.4389,2.3411,15.5881,0.067299
10651,0.9176,7.9917,4.412,2.3348,15.6561,0.090415
10652,0.9561,8.1377,4.4348,2.3483,15.8769,0.07985
10653,0.9606,7.8633,4.4231,2.3324,15.5795,0.978846
10654,0.9271,7.8666,4.3994,2.3534,15.5465,0.999997
10655,0.9449,7.8798,4.4848,2.3527,15.6622,0.999983
10656,0.9664,7.8248,4.3131,2.3197,15.4239,0.999976
10657,0.9917,7.8605,4.3881,2.3061,15.5464,0.99968
10658,0.9669,7.7034,4.4571,2.3201,15.4475,0.999775
10659,0.9256,7.8266,4.5842,2.296,15.6324,0.99809
10660,0.9643,7.887,4.5033,2.3513,15.7059,0.991687
10661,0.9595,7.7835,4.3891,2.3289,15.461,0.922244
10662,0.9607,7.8247,4.4394,2.3481,15.5729,0.976658
10663,0.898,7.8498,4.3939,2.3415,15.4833,0.981921
10664,0.9317,7.8555,4.4169,2.3597,15.5638,0.839311
10665,0.9734,7.8836,4.4521,2.3548,15.6639,0.911748
10666,0.9476,7.8294,4.4449,2.3231,15.545,0.875594
10667,0.9757,7.8546,4.4155,2.3173,15.5632,0.831949
10668,0.9636,7.8129,4.4428,2.3217,15.5409,0.75871
10669,1.0124,7.8582,4.4074,2.3091,15.5871,0.792673
10670,0.9357,7.968,4.4391,2.3172,15.6601,0.796066
10671,0.9176,7.8429,4.4127,2.3296,15.5027,0.844443
10672,0.9395,7.8005,4.4395,2.3304,15.5099,0.86756
10673,0.9783,7.826,4.5156,2.3132,15.6331,0.854682
10674,0.9356,7.7006,4.4589,2.3131,15.4082,0.817341
10675,0.913,7.8558,4.5106,2.3485,15.628,0.857287
10676,0.9339,7.8159,4.4961,2.3171,15.563,0.829059
10677,1.0016,7.8692,4.4078,2.3017,15.5803,0.823119
10678,0.9785,8.0465,4.4577,2.3997,15.8824,0.869035
10679,1.0914,8.0226,4.4196,2.3057,15.8393,0.841694
10680,0.9779,7.8534,4.4485,2.2953,15.5752,0.835823
10681,1.0078,7.8016,4.5138,2.2958,15.619,0.833984
10682,0.9353,7.8025,4.3924,2.3198,15.4501,0.851603
10683,0.9276,7.8674,4.4254,2.3185,15.5389,0.860559
10684,0.9359,7.8524,4.4382,2.3443,15.5708,0.838863
10685,0.9726,7.8237,4.5108,2.33,15.6371,0.75038
10686,0.9457,7.7879,4.4383,2.326,15.498,0.821645
10687,0.9283,7.8578,4.5057,2.3367,15.6285,0.74606
10688,0.9693,7.8332,6.5377,2.3171,17.6574,0.682055
10689,0.9376,7.866,4.3954,2.325,15.524,0.645216
10690,0.9527,7.8017,4.4175,2.3467,15.5186,0.695679
10691,0.9156,7.9895,4.5193,2.3427,15.7671,0.583111
10692,0.951,7.8709,4.4561,2.3514,15.6293,0.472544
10693,0.9651,7.9077,4.4528,2.3495,15.6751,0.510805
10694,0.9374,7.8621,4.4138,2.3539,15.5672,0.512956
10695,0.9146,7.8497,4.4342,2.3086,15.507,0.518555
10696,0.9719,7.8196,4.5058,2.3153,15.6126,0.573649
10697,1.0171,7.8468,4.4284,2.3043,15.5966,0.570764
10698,0.9554,7.7566,4.434,2.3084,15.4545,0.564178
10699,0.9214,7.9759,4.4057,2.3342,15.6372,0.62725
10700,0.9407,7.7174,4.5037,2.3253,15.4872,0.417297
10701,0.9622,7.892,4.3931,2.3357,15.583,0.412956
10702,0.9565,7.7882,4.4246,2.3431,15.5124,0.32311
10703,0.9212,7.9146,4.5152,2.3436,15.6946,0.120028
10704,0.9375,7.8213,4.4441,2.3465,15.5494,0.122375
10705,0.9481,8.2102,4.4941,2.3529,16.0054,0.196991
10706,0.9625,7.7838,4.5185,2.3409,15.6057,0.253169
10707,0.9293,7.8678,4.4213,2.317,15.5354,0.327184
10708,0.9674,7.7929,4.3957,2.3115,15.4675,0.319718
10709,0.9752,7.7723,4.4075,2.2897,15.4446,0.257847
10710,0.9384,7.7676,4.4062,2.3175,15.4297,0.315263
10711,0.935,7.8449,4.4075,2.3226,15.5101,0.379199
10712,0.9417,7.8407,4.4084,2.3377,15.5284,0.312665
10713,0.956,7.8741,4.4077,2.3299,15.5676,0.293446
10714,0.9425,7.9209,4.4335,2.3522,15.6491,0.273285
10715,0.9394,7.911,4.4101,2.3785,15.639,0.233286
10716,0.9448,7.8662,4.5071,2.3375,15.6555,0.232379
10717,0.9495,7.826,4.3934,2.3166,15.4855,0.260184
10718,0.9571,7.803,4.4104,2.3033,15.4739,0.188876
10719,0.9531,7.8516,4.5114,2.3083,15.6244,0.151588
10720,0.9627,7.896,4.4474,2.3014,15.6075,0.187324
10721,0.9778,7.8168,4.4008,2.333,15.5284,0.221443
10722,0.9344,7.8435,4.4333,2.3274,15.5386,0.208218
10723,0.918,7.84,4.5784,2.4996,15.836,0.253163
10724,1.1558,7.9656,4.4354,2.3393,15.8962,0.224223
10725,0.9824,7.808,4.3974,2.3434,15.5312,0.183474
10726,0.9608,7.8063,4.4155,2.3573,15.5399,0.197235
10727,0.9091,7.7618,4.5017,2.3568,15.5295,0.150771
10728,0.961,7.8186,4.4273,2.3187,15.5256,0.207054
10729,0.9901,7.8841,4.4005,2.3156,15.5903,0.331821
10730,1.0107,7.8406,4.4199,2.3246,15.5957,0.276491
10731,0.9512,8.887,4.4967,2.3141,16.6491,0.205682
10732,1.0072,7.8147,4.4619,2.306,15.5897,0.277228
10733,1.0249,7.8188,4.3868,2.3113,15.5418,0.275722
10734,1.03,7.8166,4.3722,2.3146,15.5335,0.292926
10735,0.9204,7.8727,4.4189,2.3404,15.5525,0.083518
10736,0.9723,7.83,4.4744,2.3139,15.5906,0.081547
10737,0.9747,7.8044,4.4116,2.3343,15.5251,0.052203
10738,0.9676,7.9782,4.4449,2.344,15.7346,0.052802
10739,0.9064,7.8318,4.4381,2.3354,15.5118,0.055319
10740,0.9465,7.867,4.445,2.3578,15.6163,0.049847
10741,0.9702,7.9177,4.4401,2.3518,15.6799,0.049775
10742,0.9606,7.8548,4.4331,2.3058,15.5543,0.03546
10743,0.9321,7.96,4.5198,2.3063,15.7183,0.039903
10744,0.9948,7.9704,4.4253,2.3048,15.6954,0.16617
10745,1.0084,7.8463,4.4097,2.3028,15.5672,0.194671
10746,0.9897,7.903,4.4704,2.3083,15.6714,0.235494
10747,0.9002,7.9677,4.4453,2.315,15.6283,0.298444
10748,0.9637,7.8967,4.3705,2.3325,15.5634,0.273386
10749,0.9892,7.8268,4.3346,2.3355,15.4862,0.241255
10750,0.9741,7.8528,4.3874,2.3319,15.5461,0.235405
10751,0.8955,7.8656,4.3881,2.3454,15.4946,0.058014
10752,0.9701,7.8337,4.3984,2.3442,15.5464,0.078183
10753,0.9839,7.8539,4.3491,2.3066,15.4934,0.038863
10754,0.9963,7.805,4.3795,2.3118,15.4925,0.03534
10755,0.9685,7.9156,4.4749,2.3051,15.6641,0.02455
10756,1.0046,7.845,4.3591,2.3116,15.5203,0.1366
10757,0.9695,7.9356,4.4032,2.312,15.6203,0.164744
10758,0.9655,8.1295,4.4043,2.3378,15.8372,0.134745
10759,0.9075,7.8821,4.3999,2.3517,15.5411,0.161941
10760,0.968,7.8038,4.3637,2.347,15.4825,0.142667
10761,0.9838,7.815,4.3797,2.3446,15.5231,0.143238
10762,0.9778,7.8235,4.3845,2.3599,15.5457,0.200503
10763,0.9418,7.8235,4.3587,2.3505,15.4746,0.124829
10764,0.9309,7.8745,4.4442,2.3166,15.5662,0.072084
10765,0.9337,7.9268,4.4367,2.3139,15.6111,0.101309
10766,0.9738,7.8205,4.4464,2.2985,15.5393,0.09491
10767,0.9775,7.8235,4.5294,2.3108,15.6412,0.042085
10768,0.9768,7.7643,4.3795,2.3097,15.4303,0.040711
10769,0.9232,7.9201,4.3907,2.3221,15.5562,0.145276
10770,0.9445,7.8395,4.4275,2.3403,15.5519,0.147852
10771,0.9312,7.8117,4.4078,2.3385,15.4891,0.1531
10772,0.9695,7.7888,4.5008,2.3233,15.5826,0.131626
10773,0.9403,7.915,4.3785,2.3187,15.5526,0.125799
10774,0.9617,7.7843,4.4592,2.3008,15.5061,0.705063
10775,0.9631,7.8477,4.4704,2.3101,15.5913,0.999953
10776,0.9962,7.8129,4.3928,2.3242,15.5261,0.999999
10777,0.9352,7.9065,4.3823,2.3089,15.5328,0.999993
10778,0.9625,7.8408,4.3413,2.3332,15.4779,0.999974
10779,0.9357,7.7934,4.3722,2.3388,15.4401,0.999915
10780,0.9641,7.8348,4.4613,2.3198,15.5799,0.996902
10781,0.9195,7.8213,4.3792,2.3441,15.4641,0.738925
10782,0.9571,7.8334,4.4592,2.3593,15.609,0.414067
10783,0.9698,7.8005,4.3685,2.322,15.4607,0.302406
10784,0.9717,8.1541,4.4345,2.3107,15.8709,0.247563
10785,0.9227,7.912,4.4433,2.3109,15.5889,0.207025
10786,0.9488,7.8963,4.4127,2.3046,15.5624,0.188548
10787,1.0107,7.8425,4.5628,2.3045,15.7205,0.1404
10788,0.9605,7.8192,4.399,2.3031,15.4818,0.110673
10789,0.9221,7.9731,4.403,2.3353,15.6336,0.144108
10790,0.9609,7.7924,4.423,2.329,15.5053,0.148328
10791,0.9488,7.9176,4.385,2.3535,15.6049,0.192506
10792,0.9655,7.7985,4.5849,2.3518,15.7008,0.203929
10793,0.9342,7.8247,4.4449,2.3394,15.5431,0.189023
10794,0.9593,7.8149,4.3964,2.3441,15.5147,0.150086
10795,0.9441,7.7882,4.4912,2.311,15.5345,0.151156
10796,0.9955,7.8125,4.393,2.3067,15.5076,0.12625
10797,0.947,7.919,4.4168,2.3075,15.5903,0.196155
10798,0.9727,7.853,4.4661,2.3017,15.5935,0.170677
10799,0.9446,7.8738,4.4183,2.328,15.5647,0.109625
10800,0.9753,7.8296,4.4435,2.3213,15.5698,0.097141
10801,0.9109,7.7711,4.4061,2.3333,15.4214,0.047629
10802,0.9583,8.0434,4.429,2.321,15.7517,0.138193
10803,0.9394,7.8884,4.3911,2.346,15.5649,0.049492
10804,0.9133,7.8201,4.4625,2.3456,15.5416,0.056185
10805,0.9556,7.7952,4.4287,2.2992,15.4787,0.015766
10806,0.9486,7.8785,4.3638,2.309,15.5,0.013086
10807,0.9635,7.8589,4.4587,2.3011,15.5823,0.00934
10808,0.9661,7.7872,4.4303,2.3139,15.4975,0.010343
10809,0.9532,7.8497,4.4555,2.3035,15.5619,0.001852
10810,0.9599,7.8048,4.4222,2.3218,15.5086,0.000925
10811,0.9405,8.1672,4.4212,2.3365,15.8655,0.000856
10812,0.9186,7.7887,4.3818,2.3346,15.4237,5.4e-05
10813,0.9506,7.852,4.3664,2.3457,15.5147,0.000201
10814,0.9625,7.795,4.3924,2.3619,15.5117,0.000133
10815,0.9422,7.779,4.457,2.3044,15.4826,0.000149
10816,0.9246,7.8649,4.4025,2.3056,15.4976,8e-05
10817,0.9766,7.9235,4.5043,2.3253,15.7297,0.000124
10818,0.9768,7.7986,6.4443,2.3514,17.5712,0.000807
10819,0.9619,7.7816,4.4114,2.3452,15.5002,0.001262
10820,0.8889,7.793,4.4333,2.3479,15.4631,0.000469
10821,0.9302,8.005,4.4447,2.3087,15.6886,0.000322
10822,0.9525,7.892,4.3806,2.3283,15.5534,0.000342
10823,0.9834,7.8711,4.3976,2.3026,15.5548,0.000506
10824,0.9101,7.8617,4.4331,2.3007,15.5056,0.000488
10825,0.9185,7.898,4.3856,2.3516,15.5537,0.001589
10826,0.9397,7.7554,4.3589,2.3174,15.3715,0.000968
10827,0.9598,7.9137,4.4177,2.3318,15.6232,0.000735
10828,0.8872,7.7586,4.4099,2.3475,15.4031,0.000423
10829,0.9217,7.8796,4.4093,2.3395,15.55,0.001591
10830,0.9273,7.8817,4.3989,2.3218,15.5297,0.001807
10831,0.9784,7.8398,4.4359,2.3103,15.5644,0.004984
10832,0.9151,7.7967,4.4467,2.3145,15.473,0.001132
10833,0.9641,7.8296,4.3808,2.294,15.4685,0.019291
10834,0.942,7.8302,4.384,2.3528,15.5089,0.014649
10835,0.9703,7.8963,4.4273,2.319,15.6129,0.022666
10836,0.8981,7.7944,4.4238,2.3424,15.4586,0.012192
10837,0.9305,8.2281,4.396,2.3407,15.8952,0.011577
10838,0.9356,7.8839,4.4035,2.3542,15.5771,0.006372
10839,0.9617,7.842,4.4875,2.3543,15.6455,0.006535
10840,0.9095,7.8408,4.4322,2.3441,15.5266,0.011591
10841,0.9372,7.8478,4.4116,2.3007,15.4973,0.002726
10842,0.9617,7.8666,4.428,2.3015,15.5577,0.003354
10843,0.998,7.7794,4.4194,2.3151,15.5118,0.010677
10844,0.8966,7.8485,4.4388,2.3071,15.491,0.012187
10845,0.9324,7.9131,4.411,2.3364,15.593,0.010895
10846,0.9456,7.8307,4.4003,2.353,15.5295,0.009366
10847,0.9627,7.8683,4.3951,2.3252,15.5514,0.011396
10848,0.8957,7.8383,4.4065,2.346,15.4866,0.008517
10849,0.9317,7.8905,4.3729,2.3509,15.546,0.007325
10850,0.9283,7.7846,4.3869,2.3064,15.4062,0.009662
10851,0.9842,7.8461,4.3952,2.3043,15.5298,0.0037
10852,0.922,8.3898,4.399,2.2893,16.0002,0.001847
10853,0.9525,7.935,4.3727,2.3032,15.5634,0.00179
10854,0.9819,7.8915,4.3827,2.3202,15.5763,0.004791
10855,0.9572,7.964,4.4911,2.339,15.7513,0.004206
10856,0.9151,7.8984,4.4323,2.3252,15.571,0.002347
10857,0.9218,7.9542,4.4089,2.3443,15.6292,0.005318
10858,0.9316,7.795,4.4237,2.3381,15.4884,0.040882
10859,0.9648,7.8837,4.3927,2.3521,15.5934,0.040606
10860,0.8851,7.7756,4.4325,2.3458,15.439,0.013201
10861,0.932,7.9056,4.4066,2.3638,15.608,0.001764
10862,0.9648,7.7877,4.4322,2.3147,15.4994,0.000452
10863,0.988,7.8453,4.4098,2.3248,15.5679,0.000859
10864,0.9215,8.0874,4.4429,2.3342,15.7861,0.000322
10865,0.9571,7.8872,4.454,2.3003,15.5987,0.000347
10866,0.9468,7.9455,4.4305,2.306,15.6289,0.00018
10867,0.9475,7.8988,4.3362,2.3235,15.5059,0.000878
10868,0.9064,7.8184,4.3694,2.3462,15.4404,0.001047
10869,0.9327,7.9089,4.3799,2.3214,15.5429,0.002735
10870,0.9578,7.849,4.3467,2.3513,15.5048,0.001213
10871,0.9526,7.8036,4.343,2.3457,15.445,0.004691
10872,0.9015,7.7628,4.3562,2.3234,15.3438,0.000594
10873,0.9689,7.9129,4.3436,2.3053,15.5307,0.007072
10874,0.9982,7.7586,4.2736,2.312,15.3424,0.006019
10875,0.9572,7.8345,4.3256,2.3283,15.4456,0.001175
10876,0.9092,7.7878,4.342,2.3443,15.3833,0.0037
10877,0.9185,7.8568,4.3357,2.3342,15.4452,0.001323
10878,0.9503,7.8047,4.3042,2.3527,15.4119,0.005415
10879,0.9754,7.8416,4.2928,2.3442,15.4541,0.002733
10880,0.9001,7.7441,4.3321,2.3067,15.283,0.00692
10881,0.9616,7.9022,4.328,2.3136,15.5055,0.01421
10882,1.0193,7.756,4.2981,2.3137,15.3871,0.003999
10883,0.9807,7.836,4.2866,2.3415,15.4447,0.02097
10884,0.9015,7.9029,4.2971,2.3316,15.4331,0.002856
10885,0.9336,7.8559,4.2852,2.3363,15.4111,0.007524
10886,0.9641,7.8095,4.2972,2.3438,15.4146,0.020092
10887,0.9611,7.7669,4.2794,2.3109,15.3182,0.019937
10888,0.9219,7.7615,4.3051,2.3176,15.3061,0.017404
10889,0.9596,7.9069,4.3105,2.3075,15.4845,0.031843
10890,0.9758,8.0935,4.2782,2.3016,15.6491,0.052333
10891,0.9842,7.7874,4.2749,2.324,15.3705,0.008735
10892,0.924,7.7671,4.3217,2.3432,15.356,0.015895
10893,0.9435,7.8897,4.304,2.3435,15.4807,0.012523
10894,0.9553,7.8102,4.2949,2.3486,15.409,0.059329
10895,0.9717,7.8992,4.2875,2.2997,15.4581,0.050533
10896,0.9192,8.55,4.3171,2.3183,16.1046,0.05047
10897,0.9309,7.912,4.3166,2.303,15.4626,0.055619
10898,0.9954,7.9236,4.2829,2.3204,15.5223,0.05244
10899,0.944,7.9209,4.293,2.314,15.4719,0.047316
10900,0.906,8.1718,4.3058,2.3232,15.7068,0.035472
10901,0.9343,7.7805,4.279,2.3189,15.3127,0.104539
10902,0.9142,7.7905,4.2773,2.349,15.3311,0.142314
10903,0.9299,7.9646,4.2722,2.3419,15.5085,0.187501
10904,0.9066,7.8435,4.3358,2.3601,15.4461,0.983314
10905,0.9312,7.811,4.2921,2.3136,15.3478,0.998931
10906,0.9442,7.8294,4.2808,2.3127,15.3671,0.999914
10907,0.965,7.8591,4.3006,2.3109,15.4356,0.999945
10908,0.9318,7.7681,4.2648,2.3336,15.2982,0.999793
10909,0.8957,7.8969,4.2825,2.3248,15.3998,0.99828
10910,0.9612,7.8111,4.2695,2.348,15.3898,0.944705
10911,0.9722,7.8402,4.2823,2.3426,15.4373,0.346269
10912,0.9606,7.776,4.3333,2.3074,15.3773,0.066528
10913,0.9548,7.8294,4.2904,2.2969,15.3715,0.060685
10914,0.9362,7.8005,4.2728,2.3021,15.3117,0.063141
10915,0.9412,7.759,4.2681,2.329,15.2974,0.061534
10916,0.9628,7.7987,4.2879,2.3351,15.3845,0.03701
10917,0.9152,8.1377,4.2836,2.3413,15.6777,0.022837
10918,0.9362,7.8876,4.3057,2.3394,15.4689,0.033658
10919,0.9648,7.8156,4.2815,2.299,15.3609,0.029384
10920,0.9915,7.8277,4.3057,2.2996,15.4244,0.024095
10921,0.9524,7.9598,4.293,2.3055,15.5106,0.028495
10922,0.9554,7.8901,4.3274,2.2948,15.4676,0.019686
10923,0.9571,7.8482,4.2969,2.3338,15.436,0.008665
10924,0.9594,7.7444,4.2753,2.3413,15.3205,0.006798
10925,0.9171,8.5969,4.3063,2.3299,16.1502,0.012107
10926,0.9359,7.7817,4.2626,2.3277,15.3079,0.013634
10927,0.9416,7.8644,4.2842,2.3509,15.4411,0.01016
10928,0.9686,7.8227,4.3395,2.2909,15.4218,0.0079
10929,0.955,7.7971,4.305,2.2965,15.3536,0.033124
10930,0.9922,7.8396,4.3268,2.3677,15.5263,0.026387
10931,0.9418,7.8344,4.2894,2.3496,15.4152,0.021514
10932,0.9514,7.7953,4.2657,2.3439,15.3564,0.036268
10933,0.9144,7.8271,4.327,2.339,15.4074,0.038285
10934,0.9428,7.8094,4.3074,2.3506,15.4102,0.040137
10935,0.9354,7.9494,4.2813,2.3336,15.4997,0.035528
10936,0.9706,7.7557,4.2687,2.3182,15.3132,0.041855
10937,0.9688,7.8346,4.294,2.3116,15.4089,0.035835
10938,0.9331,7.8255,4.314,2.3114,15.384,0.040926
10939,0.958,7.88,4.2959,2.3471,15.4811,0.044006
10940,0.9647,7.8706,4.2988,2.3304,15.4645,0.037013
10941,0.9126,7.8158,4.3397,2.3336,15.4017,0.029896
10942,0.9343,7.8507,4.3539,2.3422,15.4811,0.023385
10943,0.9388,8.1603,4.3655,2.354,15.8186,0.015323
10944,0.9649,7.8037,4.2914,2.3213,15.3813,0.014513
10945,0.9344,7.7736,4.3533,2.3265,15.3878,0.013575
10946,0.9935,7.8522,4.2892,2.3093,15.4443,0.014805
10947,0.9821,7.8622,4.3357,2.3316,15.5116,0.016324
10948,0.9621,7.903,4.409,2.3515,15.6256,0.016705
10949,0.9266,7.8481,4.353,2.3438,15.4716,0.005503
10950,0.9652,7.8069,4.2908,2.3478,15.4107,0.010073
10951,0.9575,7.9336,4.3337,2.3517,15.5765,0.014433
10952,0.963,7.8028,4.4194,2.3561,15.5413,0.974351
10953,0.8901,7.7773,6.4024,2.3309,17.4008,0.999707
10954,0.9422,7.8367,4.2709,2.3418,15.3915,0.999815
10955,0.9905,7.8185,4.2796,2.3354,15.4239,0.999965
10956,0.9399,7.7702,4.317,2.3037,15.3309,0.999963
10957,0.9029,7.8932,4.2876,2.3168,15.4006,0.999975
10958,0.9566,7.7973,4.2907,2.291,15.3356,0.999938
10959,0.9704,7.8808,4.3029,2.3052,15.4593,0.999929
10960,0.9392,7.8185,4.269,2.339,15.3658,0.999314
10961,0.8937,7.8314,4.39,2.3398,15.4549,0.996519
10962,0.9481,7.7545,4.3781,2.3371,15.4177,0.974278
10963,0.9535,7.8559,4.3175,2.3468,15.4737,0.747736
10964,0.9367,7.7323,4.3354,2.3212,15.3256,0.300292
10965,0.9252,7.8076,4.3284,2.3166,15.3779,0.044753
10966,0.9744,7.8411,4.319,2.3347,15.4692,0.021427
10967,0.9837,7.8151,4.2835,2.3405,15.4229,0.021988
10968,0.9373,7.7417,4.2753,2.3316,15.286,0.027585
10969,0.8957,7.8343,4.2852,2.358,15.3732,0.016627
10970,0.9692,8.0838,4.2944,2.3534,15.7009,0.024969
10971,0.9703,7.792,4.3129,2.3636,15.4388,0.016279
10972,0.9655,7.7943,4.2913,2.3031,15.3542,0.016922
10973,0.9621,7.8508,4.2918,2.318,15.4227,0.015006
10974,0.9362,7.8189,4.3132,2.3127,15.381,0.012265
10975,0.9783,7.8888,4.3269,2.3128,15.5068,0.019414
10976,0.9702,7.7984,4.3048,2.3342,15.4077,0.010407
10977,0.9399,7.7978,4.288,2.3423,15.3681,0.005026
10978,0.932,7.7919,4.3013,2.3478,15.373,0.014078
10979,0.9712,7.8322,4.3308,2.3124,15.4465,0.004904
10980,0.9843,7.8603,4.3243,2.322,15.4909,0.008173
10981,0.9495,8.409,4.4402,2.2813,16.08,0.011547
10982,0.9956,7.8377,4.3152,2.3056,15.4541,0.008201
10983,1.0238,7.8522,4.3137,2.3202,15.51,0.005658
10984,0.9764,7.8287,4.2996,2.4291,15.5338,0.005228
10985,0.9209,7.8268,4.3066,2.3453,15.3996,0.00398
10986,0.9686,7.8322,4.3132,2.3252,15.4392,0.004363
10987,0.9816,7.7923,4.3254,2.3491,15.4484,0.005499
10988,0.9407,7.7627,4.287,2.314,15.3044,0.004685
10989,0.8979,7.8085,4.3086,2.3106,15.3256,0.004183
10990,0.988,7.7988,4.2913,2.306,15.3841,0.004283
10991,0.9656,7.9123,4.2849,2.303,15.4657,0.003978
10992,0.9359,7.7823,4.2587,2.3418,15.3187,0.004136
10993,0.9018,7.8574,4.2883,2.34,15.3876,0.003408
10994,0.951,7.8231,4.3472,2.3348,15.4561,0.003699
10995,1.011,7.9888,4.3358,2.3422,15.6778,0.003827
10996,0.9543,8.1654,4.2941,2.3517,15.7655,0.003926
10997,0.9136,7.8065,4.2756,2.3075,15.3032,0.002119
10998,1.0051,7.7751,4.3061,2.3083,15.3947,0.003678
10999,0.9977,7.8191,4.3034,2.3152,15.4354,0.002266
11000,0.969,7.7806,4.3371,2.3288,15.4154,0.00188
11001,0.9334,7.8864,4.3524,2.3301,15.5024,0.001581
11002,0.9502,7.8525,4.3093,2.3537,15.4657,0.001919
11003,0.9595,7.7586,4.3737,2.3515,15.4432,0.001781
11004,0.9699,7.8725,4.2965,2.3839,15.5228,0.001995
11005,0.9219,7.8283,4.328,2.3067,15.3848,0.002211
11006,0.975,7.8039,4.3427,2.3249,15.4464,0.00167
11007,0.995,7.8994,4.3218,2.3188,15.5349,0.001504
11008,0.9681,7.8303,4.331,2.3338,15.4632,0.001644
11009,0.9126,7.8637,4.3138,2.3268,15.417,0.001651
11010,0.9435,7.7836,4.3057,2.3435,15.3764,0.002558
11011,0.9399,7.8043,4.3086,2.3265,15.3793,0.032685
11012,0.971,7.8277,4.314,2.3386,15.4513,0.039301
11013,0.9951,7.7554,4.3587,2.3105,15.4197,0.003911
11014,0.9532,7.8087,4.2941,2.3219,15.3779,0.031091
11015,0.943,7.8375,4.3211,2.3059,15.4075,0.031421
11016,0.9237,7.7758,4.3297,2.3403,15.3695,0.021071
11017,0.9433,7.8386,4.3373,2.3389,15.4581,0.022684
11018,0.9677,7.7283,4.2988,2.3507,15.3455,0.020792
11019,0.9158,7.8703,4.2965,2.3498,15.4324,0.025552
11020,0.9716,7.828,4.3243,2.313,15.4369,0.023958
11021,0.9611,7.7988,4.362,2.3058,15.4277,0.030134
11022,0.9917,7.8095,4.2918,2.3155,15.4085,0.025843
11023,0.892,8.1915,4.3566,2.3076,15.7477,0.034249
11024,0.9672,7.8956,4.2919,2.3413,15.4961,0.03204
11025,0.9679,7.797,4.2958,2.3401,15.4008,0.027936
11026,0.9362,7.8907,4.274,2.339,15.4398,0.029407
11027,0.9083,7.816,4.3251,2.3455,15.3949,0.015646
11028,0.9699,7.7571,4.2685,2.3003,15.2958,0.030469
11029,0.999,7.847,4.2909,2.2947,15.4315,0.017814
11030,0.9657,7.8196,4.3355,2.3081,15.429,0.029378
11031,0.9071,7.8373,4.372,2.321,15.4374,0.0191
11032,0.9737,7.8258,4.2852,2.3402,15.4249,0.026646
11033,0.9685,7.8269,4.2917,2.3433,15.4305,0.024068
11034,0.9751,7.798,4.351,2.3457,15.4698,0.032039
11035,0.9001,7.7635,4.2827,2.348,15.2943,0.035709
11036,0.9838,7.8703,4.3022,2.3174,15.4736,0.059864
11037,1.015,7.8101,4.3722,2.3033,15.5006,0.956768
11038,0.9907,7.813,4.3442,2.3061,15.454,0.999713
11039,0.9119,7.8765,4.3278,2.3406,15.4567,0.999947
11040,0.9644,7.8285,4.2841,2.3122,15.3892,0.999959
11041,0.9701,7.787,4.3319,2.3373,15.4263,0.999806
11042,0.973,7.7963,4.3022,2.3328,15.4042,0.999038
11043,0.8915,7.811,4.3665,2.343,15.4121,0.943952
11044,0.9694,7.8354,4.2956,2.3189,15.4192,0.603804
11045,0.9963,7.7874,4.308,2.321,15.4127,0.078824
11046,0.9938,7.8104,4.3599,2.3057,15.4698,0.051996
11047,0.9137,7.8422,4.3348,2.3272,15.418,0.044543
11048,0.9797,7.839,4.297,2.3463,15.462,0.039565
11049,0.9813,8.2443,4.288,2.3284,15.842,0.033615
11050,0.9751,7.7958,4.2812,2.4419,15.494,0.0334
11051,0.9219,7.837,4.2956,2.3486,15.4031,0.081065
11052,0.9439,7.7364,4.2904,2.3198,15.2906,0.032062
11053,0.9684,7.9298,4.3159,2.305,15.519,0.032346
11054,0.9935,7.7681,4.3017,2.3228,15.3861,0.031129
11055,0.9279,7.8023,4.3099,2.3129,15.353,0.020662
11056,0.948,7.7156,4.273,2.3224,15.2591,0.03662
11057,0.9431,7.902,4.2904,2.3294,15.4649,0.011048
11058,0.9634,7.8635,4.2828,2.3562,15.466,0.013202
11059,0.9145,7.8481,4.3386,2.3029,15.4041,0.010509
11060,0.954,7.7791,4.2763,2.3257,15.3351,0.012713
11061,0.975,7.7571,4.2615,2.3112,15.3047,0.010833
11062,0.9622,7.759,4.2741,2.3182,15.3135,0.014071
11063,0.9133,7.8526,4.2898,2.3413,15.3971,0.012622
11064,0.9422,7.8828,4.3162,2.3232,15.4645,0.013821
11065,0.9475,7.8414,4.2944,2.3496,15.4329,0.010073
11066,0.9761,7.748,4.2975,2.3505,15.3721,0.012538
11067,0.9199,7.9411,4.3128,2.2898,15.4636,0.008295
11068,0.9851,7.7897,4.3367,2.3265,15.4379,0.014364
11069,0.9831,7.7902,4.2926,2.2964,15.3624,0.017404
11070,0.9805,7.813,4.2913,2.3406,15.4254,0.02291
11071,0.9298,7.917,4.3124,2.3492,15.5084,0.031649
11072,0.9648,7.817,4.2857,2.3397,15.4071,0.005901
11073,0.9812,7.8874,4.2836,2.3573,15.5095,0.003624
11074,0.9695,7.8521,4.2807,2.3407,15.4431,0.00313
11075,0.8929,7.859,4.3275,2.3065,15.3858,0.003498
11076,0.9981,8.2002,4.3061,2.334,15.8384,0.001914
11077,0.9955,7.8168,4.3174,2.3135,15.4432,0.00307
11078,0.9645,7.833,4.312,2.3186,15.4281,0.006187
11079,0.8931,7.8161,4.2977,2.3348,15.3417,0.006667
11080,0.9649,7.77,4.28,2.3431,15.3581,0.016487
11081,0.9683,7.809,4.2727,2.3552,15.4053,0.0318
11082,0.9656,7.74,4.299,2.3371,15.3417,0.045713
11083,0.8895,7.9195,4.3229,2.3192,15.451,0.060694
11084,0.996,7.8391,4.3057,2.3142,15.455,0.076422
11085,1.002,7.7642,4.3162,2.3108,15.3933,0.170779
11086,0.9272,7.7987,4.2895,2.3291,15.3445,0.296836
11087,0.9103,7.8387,4.3,2.3358,15.3848,0.08042
11088,1.0257,7.8552,4.2751,2.3422,15.4983,0.115159
11089,0.9522,7.9308,4.2768,2.3386,15.4984,0.208106
11090,0.9385,7.7962,4.293,2.311,15.3387,0.170089
11091,0.921,7.7986,4.3482,2.3538,15.4215,0.207462
11092,0.9877,7.7945,4.2908,2.3214,15.3944,0.221207
11093,0.9503,7.7998,4.2806,2.3172,15.3479,0.36925
11094,0.9872,7.7606,4.2872,2.3263,15.3614,0.464496
11095,0.8956,7.8177,4.2771,2.3405,15.3309,0.506773
11096,0.9718,7.8296,4.3169,2.3472,15.4655,0.494631
11097,0.9447,7.7684,4.3169,2.3049,15.3348,0.518767
11098,0.9727,7.8105,4.2952,2.3131,15.3915,0.520606
11099,0.9497,7.8464,4.3062,2.3331,15.4354,0.565732
11100,0.9727,7.8477,4.3205,2.3071,15.448,0.48623
11101,0.975,7.7862,4.272,2.331,15.3642,0.442394
11102,0.9387,8.107,4.2977,2.3283,15.6717,0.440389
11103,0.919,7.9154,4.2847,2.358,15.4771,0.383331
11104,0.9669,7.8425,4.2776,2.3574,15.4444,0.334363
11105,0.9431,7.8155,4.3465,2.3091,15.4143,0.489283
11106,0.9659,7.8282,4.2917,2.3226,15.4084,0.475975
11107,0.9428,7.8627,4.3253,2.3253,15.4561,0.491461
11108,1.0072,7.7914,4.313,2.3112,15.4228,0.244839
11109,0.9809,7.8553,4.3142,2.3386,15.489,0.251822
11110,0.9614,7.7182,4.3001,2.48,15.4597,0.327288
11111,1.0934,8.4571,4.3575,2.3347,16.2427,0.322276
11112,0.9703,7.8304,4.3023,2.3511,15.4541,0.307992
11113,0.9408,7.8962,4.3217,2.3389,15.4976,0.347621
11114,0.9655,7.7385,4.3063,2.3733,15.3836,0.316268
11115,0.8926,7.8534,4.3215,2.3109,15.3784,0.296033
11116,0.9835,7.7785,4.2993,2.3097,15.3709,0.231012
11117,0.9681,7.9277,4.303,2.3068,15.5056,0.211771
11118,0.9573,7.8352,4.2933,2.3451,15.431,0.308819
11119,0.8943,7.7923,4.3131,2.346,15.3458,0.149691
11120,0.9493,7.7785,4.277,2.3534,15.3582,0.283546
11121,0.951,7.8062,4.3168,2.3399,15.4139,0.324236
11122,0.9641,7.7204,4.3056,2.3067,15.2968,0.274236
11123,0.9214,7.89,4.2865,2.3248,15.4227,0.337689
11124,0.9723,8.0157,4.3093,2.3105,15.6078,0.453896
11125,0.967,7.8191,4.3117,2.3212,15.419,0.418992
11126,0.9685,7.8309,4.3065,2.3253,15.4311,0.348867
11127,0.9144,7.8735,4.2919,2.3326,15.4124,0.292651
11128,0.9625,8.1504,4.2955,2.3344,15.7428,0.321878
11129,0.9627,7.7919,4.3231,2.3365,15.4144,0.381969
11130,0.9463,7.7988,4.2921,2.3395,15.3767,0.376541
11131,0.9306,8.3349,4.3381,3.3031,16.9066,0.978113
11132,0.9481,7.7786,4.3148,2.3463,15.3879,0.999895
11133,0.9503,7.8206,4.3211,2.3511,15.4431,0.999975
11134,0.9474,7.7718,4.2886,2.3012,15.309,0.999941
11135,0.9479,7.7969,4.2765,2.3139,15.3353,0.999938
11136,0.9719,7.7549,4.2637,2.3335,15.3239,0.999955
11137,0.9715,7.7745,4.2547,2.3392,15.3399,0.999775
11138,0.9674,7.7523,4.2978,2.3442,15.3617,0.999816
11139,0.9195,7.7722,4.3347,2.3479,15.3742,0.999259
11140,0.9522,7.8092,4.3091,2.3265,15.3971,0.978884
11141,0.9794,7.8289,4.2983,2.3068,15.4135,0.761577
11142,0.9991,7.7153,4.2929,2.3222,15.3295,0.884012
11143,0.8934,7.838,4.3172,2.3418,15.3904,0.872312
11144,0.9545,7.862,4.2916,2.3239,15.432,0.607559
11145,0.9438,7.8073,4.3023,2.3373,15.3907,0.593435
11146,0.9386,7.7336,4.2812,2.3354,15.2887,0.695069
11147,0.916,7.8809,4.3257,2.2957,15.4182,0.675526
11148,0.9947,7.7825,4.3198,2.3026,15.3996,0.621734
11149,1.0082,7.7951,4.295,2.3039,15.4022,0.513441
11150,0.9305,7.815,4.2801,2.3314,15.3569,0.464261
11151,0.9236,7.9024,4.2904,2.3493,15.4657,0.512933
11152,0.9453,7.7694,4.3038,2.3331,15.3516,0.422276
11153,0.9466,7.8627,4.3084,2.3321,15.4497,0.346836
11154,0.9549,7.7604,4.3059,2.3481,15.3694,0.262033
11155,0.8965,8.1227,4.3222,2.3324,15.6738,0.251459
11156,0.9972,7.7707,4.3002,2.3106,15.3788,0.223962
11157,1.0054,7.8364,4.2819,2.3122,15.4358,0.146643
11158,0.9417,7.7915,4.2949,2.334,15.3621,0.193638
11159,0.9103,7.8532,4.3024,2.3378,15.4037,0.048304
11160,0.9704,7.8817,4.2986,2.3473,15.4981,0.061892
11161,0.9885,7.805,4.3027,2.3336,15.4297,0.073496
11162,0.9488,7.7601,4.2668,2.3319,15.3076,0.08494
11163,0.9141,7.8763,4.3026,2.3059,15.3989,0.041319
11164,1.0077,7.786,4.2764,2.3023,15.3725,0.125879
11165,0.9701,7.8693,4.2965,2.3073,15.4433,0.188092
11166,0.9386,7.8673,4.3165,2.3579,15.4804,0.200004
11167,0.9219,7.8562,4.2847,2.3383,15.4011,0.15896
11168,0.9697,7.8897,4.2816,2.3528,15.4939,0.11943
11169,0.963,7.7642,4.2969,2.3555,15.3797,0.105411
11170,0.9327,7.8408,4.2804,2.3364,15.3903,0.093634
11171,0.9544,7.811,4.3072,2.3052,15.3779,0.096628
11172,1.0135,7.8323,4.3115,2.3092,15.4665,0.495594
11173,0.9564,7.8182,4.2777,2.333,15.3852,0.182422
11174,0.9442,7.7582,4.2629,2.3364,15.3017,0.146897
11175,0.9225,7.8205,4.2644,2.3332,15.3406,0.126685
11176,0.975,7.7765,4.2982,2.3514,15.4011,0.132678
11177,0.976,7.8107,4.3026,2.3128,15.4021,0.124395
11178,0.9572,7.8933,4.3019,2.3076,15.46,0.090695
11179,0.95,7.8841,4.2923,2.3275,15.4538,0.072468
11180,0.9595,7.8747,4.3043,2.3227,15.4612,0.091307
11181,0.9676,8.2262,4.2711,2.3226,15.7874,0.101318
11182,0.9474,7.7694,4.2863,2.344,15.347,0.11364
11183,0.9188,7.8722,4.2977,2.3331,15.4218,0.135953
11184,0.9449,7.7537,4.27,2.3471,15.3157,0.143019
11185,0.9921,7.8315,4.2954,2.3153,15.4344,0.113328
11186,0.9712,7.8211,4.3095,2.3162,15.418,0.923717
11187,0.9381,7.8441,4.2959,2.3235,15.4016,0.999754
11188,0.9505,7.8559,4.3048,2.3238,15.4351,0.999468
11189,0.9414,7.8853,4.3167,2.347,15.4904,0.999778
11190,0.9754,7.7822,4.2821,2.333,15.3727,0.991236
11191,0.9294,7.838,4.2877,2.3468,15.4019,0.897799
11192,0.9648,7.7784,4.292,2.3573,15.3926,0.434641
11193,0.9634,7.8147,4.2677,2.3044,15.3502,0.371136
11194,1.0005,7.7823,4.2988,2.3018,15.3835,0.15702
11195,0.9591,7.8038,4.3136,2.3059,15.3824,0.125623
11196,0.9767,7.8365,4.2903,2.3427,15.4461,0.14622
11197,0.9382,7.8161,4.2656,2.3468,15.3668,0.111422
11198,0.9488,7.8228,4.2776,2.3373,15.3865,0.098245
11199,0.9108,7.803,4.2975,2.3319,15.3431,0.098404
11200,0.9477,7.7741,4.3416,2.3124,15.3758,0.102206
11201,0.9675,7.8238,6.26,2.335,17.3862,0.121467
11202,0.947,7.7334,4.278,2.3624,15.3208,0.137534
11203,0.8963,7.9096,4.2678,2.352,15.4258,0.136069
11204,0.9759,7.8759,4.3008,2.305,15.4575,0.113996
11205,1.0091,7.7738,4.2854,2.3217,15.39,0.168613
11206,1.0005,7.785,4.2876,2.3305,15.4036,0.136466
11207,0.8948,7.8746,4.2782,2.3591,15.4067,0.118944
11208,0.9813,8.1605,4.3072,2.3365,15.7854,0.101825
11209,0.9666,7.8278,4.2758,2.3318,15.4021,0.105538
11210,0.9647,7.7733,4.2788,2.3265,15.3433,0.102674
11211,0.8988,7.786,4.2912,2.3516,15.3276,0.118554
11212,0.962,7.7524,4.3152,2.3153,15.3448,0.112364
11213,1.0193,7.7407,4.3042,2.316,15.3801,0.114389
11214,0.9523,7.7981,4.2483,2.3303,15.329,0.122242
11215,0.9117,7.8766,4.2848,2.3243,15.3975,0.110029
11216,0.9547,7.8125,6.2328,2.3041,17.3041,0.083256
11217,0.9737,7.7561,4.2886,2.3069,15.3253,0.098289
11218,0.9449,7.8141,4.2976,2.3429,15.3996,0.089195
11219,0.9189,8.1603,4.306,2.3299,15.7151,0.087262
11220,0.9411,7.9183,4.2924,2.3272,15.4789,0.10407
11221,0.9345,7.7882,4.2952,2.3435,15.3613,0.096216
11222,0.941,7.7707,4.3025,2.3358,15.35,0.106112
11223,0.9189,7.817,4.2823,2.3025,15.3207,0.258242
11224,0.9693,7.8288,4.2888,2.3193,15.4062,0.269997
11225,0.9716,7.8489,4.2844,2.3285,15.4335,0.077065
11226,0.9599,7.7897,4.2601,2.3394,15.3492,0.084426
11227,0.9165,7.8694,4.2948,2.3377,15.4184,0.076272
11228,0.9457,7.7698,4.2499,2.3615,15.327,0.092095
11229,0.9344,7.8277,4.3018,2.3501,15.414,0.107514
11230,0.9658,7.8066,4.3063,2.3325,15.4112,0.038709
11231,0.9559,7.8914,4.2954,2.3211,15.4638,0.024916
11232,1.0013,7.8082,4.3237,2.3172,15.4505,0.046318
11233,0.9887,7.8148,4.2757,2.3469,15.426,0.03467
11234,0.9369,8.1241,4.2768,2.3325,15.6703,0.062631
11235,0.9177,7.9666,4.2964,2.3463,15.527,0.06205
11236,0.9653,7.8454,4.3014,2.3508,15.4629,0.059509
11237,0.968,7.8672,4.2927,2.3562,15.4841,0.055164
11238,0.9424,7.7526,4.3428,2.3166,15.3544,0.06561
11239,0.9566,7.8592,4.281,2.31,15.4067,0.067586
11240,0.9978,8.4945,4.3629,2.3115,16.1667,0.05823
11241,0.9986,7.8046,4.3035,2.3068,15.4136,0.043942
11242,0.9782,7.8149,4.3801,2.3197,15.493,0.042773
11243,0.9091,7.8874,4.303,2.3396,15.4391,0.032685
11244,0.9773,7.7858,4.2966,2.3535,15.4133,0.049604
11245,0.9612,7.7971,4.3013,2.3468,15.4064,0.05285
11246,0.9463,7.7657,4.2543,2.364,15.3304,0.04678
11247,0.92,7.7805,4.3312,2.3189,15.3506,0.036357
11248,0.9814,7.787,4.3238,2.317,15.4092,0.166642
11249,0.9941,7.8295,4.2898,2.3078,15.4212,0.99781
11250,0.9659,7.7799,4.2975,2.3403,15.3836,0.999949
11251,0.8995,7.8481,4.2914,2.3342,15.3731,0.99998
11252,0.9549,7.7705,4.3041,2.3411,15.3707,0.999972
11253,0.9556,7.9729,4.3121,2.3374,15.5781,0.999904
11254,0.9696,7.7796,4.2925,2.348,15.3897,0.999377
11255,0.9163,7.8348,4.3199,2.3185,15.3895,0.928269
11256,0.9811,7.7638,4.3023,2.3191,15.3664,0.765861
11257,0.9514,7.8481,4.3078,2.297,15.4043,0.211918
11258,0.9638,7.8477,4.2886,2.3509,15.451,0.192965
11259,0.9181,7.8158,4.2841,2.3473,15.3653,0.123317
11260,0.9762,7.8084,4.289,2.3534,15.427,0.126905
11261,0.9832,8.0951,4.2678,2.3492,15.6952,0.113648
11262,0.9366,7.7767,4.2813,2.3145,15.3091,0.091781
11263,0.9479,7.8226,4.2953,2.3154,15.3812,0.085141
11264,0.966,7.8545,4.3157,2.3179,15.454,0.083864
11265,0.9038,7.8021,4.3074,2.3211,15.3343,0.083637
11266,0.9226,7.8484,4.294,2.3333,15.3983,0.090308
11267,0.9805,7.8782,4.3049,2.3608,15.5244,0.107026
11268,0.941,7.8088,4.2703,2.3362,15.3563,0.101182
11269,0.905,7.8507,4.3071,2.3401,15.4029,0.045091
11270,0.9667,7.79,4.3332,2.328,15.4178,0.044604
11271,0.9818,7.8552,4.3665,2.326,15.5296,0.045079
11272,0.9989,7.8372,4.3352,2.3117,15.4831,0.045133
11273,0.9074,7.8186,4.3067,2.3334,15.3661,0.03589
11274,0.977,7.9484,4.2733,2.3489,15.5477,0.05069
11275,0.9638,7.8913,4.2801,2.3332,15.4685,0.058527
11276,0.9451,7.7583,4.338,3.1387,16.18,0.059738
11277,0.9168,7.8309,4.288,2.3613,15.3969,0.071439
11278,0.9612,7.8586,4.2915,2.3528,15.4642,0.082831
11279,0.9422,7.775,4.3242,2.2938,15.3352,0.055798
11280,0.9698,7.767,4.2679,2.3222,15.3268,0.066924
11281,0.9383,7.7898,4.2817,2.3011,15.3109,0.054067
11282,0.9509,7.9315,4.2835,2.3419,15.5077,0.077208
11283,0.9321,7.8516,4.318,2.3254,15.4271,0.065308
11284,0.9718,7.8045,4.294,2.3453,15.4156,0.084908
11285,0.9114,7.8476,4.3163,2.3581,15.4335,0.062868
11286,0.961,7.8951,4.3238,2.3461,15.5259,0.066949
11287,0.9627,8.157,4.3047,2.3416,15.766,0.074158
11288,0.9653,7.8175,4.3064,2.32,15.4092,0.05728
11289,0.9415,7.7851,4.2958,2.3209,15.3433,0.066447
11290,0.9752,7.8173,4.3036,2.3049,15.401,0.077568
11291,0.9411,7.8193,4.2695,2.3295,15.3595,0.086916
11292,0.957,7.7972,4.2856,2.3491,15.3889,0.098652
11293,0.9371,7.8426,4.2995,2.3554,15.4346,0.096144
11294,0.9665,7.8228,4.2815,2.3477,15.4185,0.100598
11295,0.9417,7.7981,4.3001,2.3145,15.3543,0.122719
11296,0.9941,7.8206,4.303,2.3164,15.4342,0.130109
11297,0.9581,7.7767,4.3337,2.3105,15.3789,0.091864
11298,0.9625,7.8729,4.3035,2.346,15.4849,0.087868
11299,0.9498,7.8251,4.2516,2.3483,15.3749,0.107982
11300,0.9666,7.7616,4.3483,2.3398,15.4163,0.093061
11301,0.9174,7.7764,4.3247,2.3485,15.3671,0.077448
11302,0.9754,7.8554,4.3084,2.3131,15.4523,0.124953
11303,0.9466,7.8669,4.289,2.3142,15.4166,0.119331
11304,0.9882,7.84,4.2837,2.3089,15.4208,0.11975
11305,0.9131,7.8747,4.3033,2.3203,15.4114,0.110284
11306,0.9553,7.9798,4.2839,2.3333,15.5523,0.09457
11307,0.9442,7.9393,4.3047,2.3326,15.5208,0.108363
11308,0.9694,7.8439,4.289,2.3747,15.477,0.310294
11309,0.9189,7.8326,4.3032,2.3772,15.4318,0.436778
11310,0.9515,7.8852,4.3207,2.3721,15.5295,0.423266
11311,0.9607,7.8202,4.2767,2.2984,15.356,0.308617
11312,0.9945,7.7621,4.281,2.3055,15.3432,0.213773
11313,0.9261,7.8598,4.3155,2.3024,15.4038,0.132275
11314,0.9635,8.1597,4.2848,2.3402,15.7482,0.169621
11315,0.9638,7.8514,4.2925,2.3365,15.4441,0.147234
11316,0.9862,7.8048,4.2779,2.3253,15.3941,0.151573
11317,0.911,7.8785,4.3481,2.2978,15.4354,0.076972
11318,0.9558,7.8964,4.3199,2.3463,15.5184,0.279722
11319,0.9313,7.8293,4.3148,2.3115,15.3869,0.982712
11320,0.984,7.8418,4.272,2.312,15.4097,0.999888
11321,0.9576,7.8163,4.3556,2.3163,15.4459,0.999956
11322,0.9291,7.8157,4.2843,2.34,15.3692,0.999934
11323,0.9626,7.7823,4.3158,2.3265,15.3871,0.999715
11324,0.9769,7.8797,4.2949,2.337,15.4884,0.99984
11325,0.9244,7.8057,4.3067,2.3503,15.3871,0.999336
11326,0.9202,7.7971,4.304,2.3178,15.3392,0.997807
11327,0.98,7.8666,4.3264,2.3057,15.4788,0.990468
11328,0.998,7.7969,4.3311,2.3085,15.4346,0.975246
11329,0.9296,7.9137,4.3803,2.3141,15.5376,0.92328
11330,0.9485,7.8868,4.3793,2.324,15.5386,0.9287
11331,0.9678,7.7988,4.4298,2.3363,15.5327,0.881372
11332,0.9693,7.8005,4.3823,2.3448,15.4968,0.850045
11333,0.907,7.8636,4.3856,2.3296,15.4859,0.716678
11334,0.9281,7.828,4.3885,2.343,15.4875,0.809627
11335,0.9687,7.8465,4.41,2.32,15.5453,0.26151
11336,0.9635,7.825,4.4391,2.3101,15.5378,0.419963
11337,0.9333,7.8857,4.4852,2.301,15.6052,0.226217
11338,0.9796,7.7998,4.4201,2.3187,15.5182,0.174132
11339,0.9358,7.925,4.4546,2.3108,15.6261,0.133373
11340,0.9714,8.1512,4.4511,2.3373,15.9109,0.152469
11341,0.9067,7.8531,4.4468,2.3328,15.5394,0.2122
11342,0.9344,7.8691,4.4083,2.3484,15.5602,0.219685
11343,0.9409,7.8572,4.4122,2.3465,15.5568,0.166495
11344,0.9833,7.8121,4.4916,2.3273,15.6144,0.147194
11345,0.9345,7.8791,4.4167,2.3495,15.5798,0.144004
11346,0.9326,7.9083,4.4302,2.3463,15.6173,0.567813
11347,0.968,7.8055,4.3698,2.3086,15.4518,0.447031
11348,0.9803,7.8581,4.494,2.3261,15.6586,0.496706
11349,0.9362,7.8654,4.4745,2.3132,15.5893,0.386016
11350,0.9825,7.7855,4.4472,2.32,15.5351,0.480692
11351,0.9404,7.8816,4.3866,2.3127,15.5214,0.548652
11352,0.9624,7.8339,4.4469,2.3358,15.579,0.826462
11353,0.9248,7.9491,4.4113,2.3267,15.6119,0.799643
11354,0.9416,7.9229,4.4088,2.3365,15.6099,0.761728
11355,0.9451,7.8235,4.4313,2.3431,15.543,0.61895
11356,0.962,7.7917,4.397,2.3572,15.5079,0.616722
11357,0.9129,7.805,4.4163,2.3131,15.4474,0.51867
11358,0.9808,7.8389,4.425,2.3119,15.5565,0.512908
11359,0.9709,7.8471,4.4022,2.307,15.5272,0.490878
11360,1.0061,7.8484,4.492,2.3082,15.6547,0.174572
11361,0.9253,8.3984,4.489,2.3014,16.1141,0.452853
11362,0.9408,7.8185,4.4095,2.2969,15.4658,0.171023
11363,0.9854,7.8686,4.3572,2.3423,15.5536,0.53395
11364,0.9723,7.8021,4.3881,2.3328,15.4954,0.23871
11365,0.9332,7.8211,4.5081,2.3195,15.582,0.256212
11366,0.925,7.8697,4.3738,2.3448,15.5133,0.23051
11367,0.963,8.3352,4.4331,2.3493,16.0805,0.181958
11368,0.9761,7.7221,4.5081,2.3516,15.5579,0.096959
11369,0.9034,8.5112,4.4669,2.3259,16.2073,0.181462
11370,0.9327,7.8713,4.4147,2.3545,15.5733,0.228792
11371,0.9706,7.9116,4.4022,2.3548,15.6392,0.256299
11372,0.9753,7.8246,4.4375,2.311,15.5484,0.230317
11373,0.9615,7.7925,4.4248,2.3003,15.479,0.165906
11374,0.9725,7.8487,4.4549,2.3096,15.5857,0.164183
11375,0.9974,7.8628,4.441,2.332,15.6332,0.104804
11376,0.981,7.7489,4.3818,2.3287,15.4404,0.163428
11377,0.9243,7.9749,4.4366,2.3373,15.6732,0.163915
11378,0.9358,7.8196,4.391,2.3343,15.4807,0.144636
11379,0.9697,7.8915,4.4805,2.3135,15.6552,0.203349
11380,0.9639,7.78,4.4863,2.3395,15.5697,0.187179
11381,0.9207,8.6413,4.523,2.3699,16.4549,0.138024
11382,0.957,7.86,4.3868,2.356,15.5599,0.150233
11383,0.9631,7.7331,4.4724,2.3412,15.5098,0.143435
11384,0.9695,7.798,4.5594,2.3347,15.6616,0.134378
11385,0.9342,7.9461,4.5628,2.3137,15.7568,0.455921
11386,0.9608,7.8373,4.4252,2.3224,15.5457,0.18607
11387,0.9773,7.8189,4.4982,2.3122,15.6066,0.171702
11388,0.9631,7.7405,4.4408,2.3083,15.4527,0.411671
11389,0.9012,7.8164,4.4226,2.3347,15.4749,0.341872
11390,0.9463,7.884,4.4337,2.3247,15.5887,0.303634
11391,0.9448,7.7944,4.386,2.339,15.4642,0.091291
11392,0.9377,7.7746,4.4118,2.3321,15.4561,0.232316
11393,0.9004,8.2233,4.4104,2.3364,15.8705,0.2151
11394,0.9548,7.8967,4.507,2.3399,15.6984,0.262019
11395,0.9342,7.824,4.4178,2.3432,15.5192,0.278811
11396,0.9535,7.804,4.4364,2.3183,15.5122,0.247598
11397,0.9579,7.9302,4.5087,2.3195,15.7163,0.221092
11398,0.9904,7.852,4.4481,2.3195,15.6099,0.270077
11399,0.9614,7.8009,4.503,2.3098,15.5751,0.298231
11400,0.9459,7.8427,4.5489,2.3101,15.6476,0.301451
11401,0.9159,7.9141,4.4504,2.3272,15.6076,0.295081
11402,0.9516,7.8672,4.3946,2.326,15.5393,0.260572
11403,0.9864,7.8075,4.3821,2.3455,15.5215,0.257334
11404,0.9716,7.7851,4.3602,2.3463,15.4631,0.316108
11405,0.9052,7.9079,4.4263,2.3584,15.5978,0.251947
11406,0.9649,7.8478,4.4092,2.3503,15.5722,0.227395
11407,0.9482,7.833,4.5076,2.3123,15.6012,0.281636
11408,0.9822,7.7368,4.5019,2.3173,15.5381,0.218442
11409,0.9414,7.8395,4.3965,2.3111,15.4885,0.127891
11410,0.9898,7.85,4.4236,2.3177,15.5811,0.157323
11411,0.9487,7.7953,4.488,2.3366,15.5686,0.143143
11412,0.9454,7.7644,4.3669,2.3298,15.4065,0.18664
11413,0.898,7.8942,4.4971,2.3318,15.6212,0.187857
11414,0.9725,7.7929,4.444,2.3458,15.5553,0.209988
11415,0.9632,7.7851,4.4192,2.339,15.5066,0.211882
11416,0.9445,7.7719,4.4139,2.3468,15.4771,0.242064
11417,0.8986,7.8046,4.4443,2.3156,15.4631,0.22512
11418,0.9883,7.8131,4.509,2.3105,15.6209,0.248135
11419,1.0145,7.8887,4.3979,2.3133,15.6144,0.243008
11420,0.9766,8.1377,4.3758,2.3095,15.7996,0.281668
11421,0.9166,7.9227,4.416,2.3116,15.567,0.280399
11422,0.9346,7.7492,4.4221,2.3254,15.4313,0.272916
11423,0.9736,7.822,4.4119,2.3393,15.5469,0.31551
11424,0.9828,7.792,4.4236,2.3466,15.545,0.309145
11425,0.9372,7.8454,4.4221,2.333,15.5376,0.260008
11426,0.938,7.8385,4.4371,2.3421,15.5557,0.368107
11427,0.9779,7.7918,4.5043,2.3107,15.5847,0.341051
11428,0.9419,7.852,4.4998,2.3174,15.611,0.344124
11429,0.933,7.837,4.5199,2.3161,15.606,0.282674
11430,1.013,7.7419,4.4566,2.3125,15.5241,0.453193
11431,0.9458,7.8084,4.5105,2.3151,15.5797,0.470181
11432,0.9383,7.7336,4.3921,2.3204,15.3843,0.482849
11433,0.915,7.7388,4.4415,2.3236,15.4189,0.448594
11434,0.9675,7.8024,4.3757,2.3367,15.4822,0.592018
11435,0.9403,7.8474,4.4505,2.3592,15.5973,0.602759
11436,0.9639,7.7579,4.3625,2.3399,15.4242,0.621267
11437,0.9319,7.8071,4.4177,2.3162,15.4729,0.596943
11438,0.9926,7.8602,4.4135,2.3051,15.5715,0.591363
11439,1.0106,7.8547,4.4675,2.3162,15.649,0.544855
11440,0.9371,7.8163,4.5357,2.3068,15.596,0.478192
11441,0.9142,7.8993,4.367,2.3398,15.5203,0.345229
11442,0.9583,7.8226,4.3773,2.3225,15.4808,0.383489
11443,0.975,7.94,4.3951,2.343,15.6532,0.374377
11444,0.9488,7.7882,4.4025,2.347,15.4864,0.374632
11445,0.9125,7.82,4.4352,2.3118,15.4794,0.396333
11446,0.9527,8.2577,4.484,2.3446,16.039,0.42581
11447,0.9586,7.8014,4.4545,2.3478,15.5622,0.404714
11448,0.9517,7.7644,4.4891,2.3147,15.5198,0.415435
11449,0.933,7.859,4.5229,2.3282,15.6431,0.500273
11450,1.0183,7.9217,4.4676,2.3151,15.7227,0.457488
11451,1.0092,7.8074,4.4216,2.3129,15.5511,0.474435
11452,0.9761,7.8205,4.4292,2.3173,15.5431,0.468994
11453,0.9193,7.8303,4.386,2.3446,15.4803,0.423221
11454,0.9388,7.8068,4.3895,2.3452,15.4803,0.425339
11455,0.9727,7.8451,4.3909,2.3452,15.5539,0.47552
11456,0.9689,7.7456,4.3793,2.3622,15.456,0.457008
11457,0.9178,7.8592,4.3686,2.3398,15.4854,0.524745
11458,0.9355,7.8355,4.4876,2.293,15.5516,0.468238
11459,1.0027,7.8629,4.4222,2.3125,15.6003,0.429261
11460,1.0098,7.7504,4.4418,2.3199,15.5218,0.428234
11461,0.9497,7.8705,4.4453,2.3097,15.5751,0.436197
11462,0.9415,7.8313,4.4178,2.3469,15.5375,0.510613
11463,0.9632,7.8215,4.4737,2.3287,15.587,0.687719
11464,0.9364,7.7645,4.4142,2.3376,15.4527,0.914097
11465,0.9017,7.831,4.4791,2.3477,15.5595,0.999989
11466,0.9621,7.793,4.356,2.3426,15.4537,0.999996
11467,0.939,7.7629,4.4403,2.3605,15.5027,0.999991
11468,0.9363,7.7969,4.3145,2.3244,15.3722,0.999994
11469,0.9429,7.8995,4.3848,2.3099,15.5372,0.999997
11470,1.0143,7.7633,4.4022,2.3227,15.5025,0.999995
11471,0.9505,7.8593,4.4551,2.3226,15.5875,0.999873
11472,0.9442,7.8419,4.4163,2.3436,15.546,0.999457
11473,0.8955,8.4788,4.4247,2.3414,16.1404,0.998621
11474,0.9703,7.8499,4.4048,2.3377,15.5627,0.988711
11475,0.95,7.799,4.3928,2.3239,15.4657,0.954025
11476,0.9394,7.7476,4.4203,2.3449,15.4522,0.954937
11477,0.896,7.8438,4.4915,2.3529,15.5843,0.917086
11478,0.9644,7.8524,4.4291,2.3451,15.591,0.807556
11479,0.9713,7.818,4.3695,2.314,15.4728,0.970019
11480,1.0137,7.7916,4.4436,2.3151,15.5641,0.947605
11481,0.9504,7.8628,4.4265,2.3182,15.5579,0.908931
11482,0.9305,7.8272,4.4649,2.3138,15.5363,0.91291
11483,0.9588,7.8412,4.3901,2.3322,15.5224,0.856164
11484,0.9738,7.7538,4.3998,2.3398,15.4673,0.840653
11485,0.9182,7.8155,4.3542,2.3401,15.4279,0.880424
11486,0.9336,7.7648,4.3987,2.3429,15.44,0.840643
11487,0.9728,7.8208,4.4879,2.3455,15.6271,0.840191
11488,0.9481,7.7872,4.5049,2.3135,15.5536,0.888485
11489,0.9584,7.8079,4.5071,2.3124,15.5858,0.880133
11490,1.0057,7.8774,4.4451,2.3049,15.6331,0.890096
11491,0.9613,7.8172,4.5028,2.3105,15.5918,0.806812
11492,0.9411,7.8309,4.4207,2.3361,15.5288,0.757894
11493,0.9022,7.8661,4.4322,2.3271,15.5277,0.743915
11494,0.9745,7.9019,4.4063,2.3427,15.6254,0.828122
11495,0.943,7.9181,4.4082,2.3252,15.5944,0.824418
11496,0.9468,7.7474,4.3976,2.345,15.4368,0.740097
11497,0.8915,7.8282,4.462,2.5804,15.7621,0.854232
11498,1.1459,8.1108,4.4421,2.3393,16.038,0.777626
11499,0.9743,8.1764,4.4117,2.3488,15.9112,0.753018
11500,0.9675,7.9622,4.3988,2.3464,15.6748,0.653431
11501,0.9216,7.9092,4.4091,2.3163,15.5561,0.716104
11502,0.9352,7.8225,4.4092,2.3096,15.4765,0.521501
11503,1.008,7.8815,4.4705,2.2987,15.6586,0.554447
11504,1.0033,7.8483,4.4736,2.305,15.6301,0.450032
11505,0.9226,7.8744,4.4409,2.3079,15.5459,0.395888
11506,0.9284,7.9234,4.4403,2.3344,15.6264,0.391056
11507,0.9705,7.9967,4.4931,2.353,15.8133,0.436817
11508,0.9557,7.7297,4.3557,2.3305,15.3716,0.449316
11509,0.9216,7.843,4.4517,2.2923,15.5086,0.500911
11510,0.9714,7.8402,4.5682,2.3307,15.7104,0.445624
11511,0.9766,7.9116,4.5111,2.3424,15.7417,0.37713
11512,0.9609,7.7413,4.4803,2.3249,15.5074,0.345756
11513,0.9684,7.7697,4.4236,2.3097,15.4712,0.426244
11514,0.9797,7.841,4.4682,2.3283,15.6172,0.504182
11515,0.9456,7.7992,4.3781,2.3305,15.4535,0.596396
11516,0.918,7.7957,4.3203,2.3335,15.3674,0.392498
11517,0.9579,7.8685,4.3632,2.3303,15.5199,0.425148
11518,0.9787,7.8123,4.3482,2.3424,15.4816,0.316647
11519,0.9111,7.8698,4.3862,2.3868,15.5539,0.263284
11520,0.9387,7.8229,4.3927,2.3648,15.519,0.262563
11521,0.9476,7.8191,4.3431,2.3531,15.4629,0.278972
11522,0.9843,7.7883,4.3976,2.3309,15.5012,0.261272
11523,0.9588,7.8556,4.4077,2.3194,15.5415,0.2237
11524,1.017,7.8445,4.4085,2.312,15.582,0.228542
11525,0.9368,7.9099,4.4892,2.3029,15.6388,0.260219
11526,0.9374,8.1424,4.4416,2.3065,15.8279,0.165521
11527,0.9411,7.8441,4.4466,2.3302,15.5619,0.136995
11528,0.9705,7.7586,4.3985,2.3461,15.4737,0.15842
11529,0.978,7.8281,4.4244,2.3317,15.5621,0.14492
11530,0.9353,7.8186,4.4399,2.3598,15.5537,0.126439
11531,0.9296,7.8829,4.4144,2.351,15.578,0.130864
11532,0.9648,7.9061,4.4041,2.344,15.619,0.16695
11533,0.973,7.8382,4.3831,2.3122,15.5065,0.191772
11534,0.9692,7.7673,4.5257,2.3221,15.5843,0.191194
11535,0.9535,7.9028,4.387,2.3153,15.5585,0.554933
11536,0.9858,7.7949,4.3909,2.3109,15.4825,0.590698
11537,0.9693,7.7878,4.4394,2.3484,15.5449,0.477917
11538,0.939,7.7957,4.4363,2.3397,15.5107,0.43336
11539,0.929,7.9585,4.3946,2.3384,15.6205,0.351124
11540,0.9687,7.7789,4.3792,2.3475,15.4743,0.336094
11541,0.9852,7.8056,4.4108,2.355,15.5567,0.413637
11542,0.9446,7.8507,4.3777,2.3419,15.5149,0.416988
11543,0.9293,7.8979,4.3875,2.309,15.5237,0.305005
11544,0.9882,7.814,4.4012,2.3144,15.5179,0.323316
11545,1.0038,7.813,4.393,2.3096,15.5196,0.273458
11546,0.9502,7.8467,4.4045,2.3125,15.5139,0.283898
11547,0.9177,7.8903,4.3894,2.3383,15.5357,0.453076
11548,0.9665,7.9071,4.3955,2.319,15.5882,0.458303
11549,0.9592,7.8144,4.3631,2.3382,15.4749,0.388983
11550,0.9377,7.8353,4.4688,2.3515,15.5933,0.348889
11551,0.9507,7.9061,4.4123,2.3553,15.6245,0.352588
11552,0.943,8.1903,4.4728,2.3354,15.9415,0.257092
11553,0.9156,7.855,4.3707,2.315,15.4563,0.437492
11554,0.9294,7.8117,4.4165,2.3089,15.4665,0.405871
11555,0.9348,7.888,4.4109,2.3186,15.5524,0.870006
11556,0.9828,7.8395,4.5174,2.2953,15.635,0.817569
11557,0.9074,7.7488,4.515,2.311,15.4822,0.998148
11558,0.9387,7.8284,4.3295,2.3457,15.4423,0.999998
11559,0.9312,8.2608,4.3777,2.3398,15.9095,0.999997
11560,0.9531,7.8095,4.3185,2.3582,15.4393,0.999999
11561,0.9802,7.7972,4.3564,2.3425,15.4762,0.999999
11562,0.9336,7.8418,4.447,2.344,15.5664,0.999975
11563,0.9205,7.8371,4.3902,2.3111,15.4589,0.999839
11564,0.9585,7.8046,4.4332,2.3119,15.5081,0.999619
11565,0.9998,7.77,4.3785,2.3182,15.4665,0.994511
11566,0.9613,7.7901,4.5255,2.3039,15.5808,0.941269
11567,0.9293,7.8451,4.3812,2.3321,15.4877,0.771269
11568,0.9691,7.8545,4.3657,2.3494,15.5387,0.51297
11569,0.97,7.73,4.415,2.3344,15.4495,0.488165
11570,0.9372,7.7735,4.406,2.3648,15.4815,0.490841
11571,0.9121,7.9297,4.3829,2.3645,15.5892,0.487196
11572,0.9662,7.8409,4.5091,2.3678,15.684,0.428879
11573,0.9801,7.8752,4.4459,2.2818,15.583,0.477785
11574,0.9849,7.8016,4.4667,2.3204,15.5736,0.431344
11575,0.9534,7.9287,4.4065,2.2971,15.5858,0.408937
11576,1.0383,7.7667,4.5144,2.3269,15.6463,0.43778
11577,0.9879,7.9398,4.5269,2.3095,15.7641,0.478126
11578,0.9373,7.7448,4.4119,2.3419,15.4359,0.52121
11579,0.9387,8.1695,4.3548,2.3445,15.8074,0.614918
11580,0.9615,7.8425,4.3678,2.3297,15.5016,0.519753
11581,0.9783,7.8125,4.3755,2.333,15.4992,0.466597
11582,0.9419,7.7923,4.3805,2.3449,15.4596,0.48274
11583,0.9222,7.8863,4.37,2.3496,15.5282,0.631144
11584,0.9702,7.8626,4.3857,2.3133,15.5318,0.475746
11585,0.9987,7.806,4.3992,2.31,15.514,0.366133
11586,0.9765,7.7923,4.4398,2.3188,15.5274,0.346273
11587,0.9454,7.8597,4.4187,2.2967,15.5205,0.309756
11588,0.9616,7.83,4.4851,2.3346,15.6113,0.279031
11589,0.9526,7.8535,4.3811,2.3302,15.5174,0.298026
11590,0.969,7.7472,4.3817,2.328,15.4258,0.287491
11591,0.9275,8.3179,4.4574,2.3387,16.0415,0.285
11592,0.9711,7.8456,4.4028,2.343,15.5625,0.132198
11593,0.9818,7.8506,4.4133,2.3411,15.5867,0.120257
11594,0.9678,7.8888,4.4737,2.3525,15.6828,0.126554
11595,0.9181,7.9319,4.397,2.3458,15.5929,0.074476
11596,0.965,7.8152,4.3764,2.3206,15.4773,0.118707
11597,0.9893,7.8385,4.4111,2.3144,15.5534,0.101461
11598,0.9655,7.7852,4.3837,2.3127,15.4471,0.074677
11599,0.9157,7.8755,4.4107,2.3317,15.5336,0.085371
11600,0.97,7.8103,4.3912,2.3462,15.5177,0.108476
11601,0.9716,7.8555,4.3658,2.3327,15.5255,0.11602
11602,0.9449,7.8088,4.3781,2.3512,15.483,0.12841
11603,0.9343,7.8195,4.4094,2.3472,15.5104,0.1507
11604,0.9621,7.7791,4.4625,2.3523,15.556,0.173485
11605,0.9933,8.1611,4.399,2.341,15.8944,0.20134
11606,0.9662,7.8532,4.3945,2.3066,15.5205,0.180544
11607,0.9279,7.8652,4.3975,2.3216,15.5121,0.150005
11608,0.9944,7.8055,4.4076,2.309,15.5165,0.158798
11609,0.9627,7.8956,4.4156,2.3051,15.5789,0.118829
11610,0.9682,7.8776,4.3802,2.3374,15.5634,0.110736
11611,0.9,7.8077,4.4319,2.3179,15.4575,0.08295
11612,0.9532,7.9301,4.3874,2.329,15.5998,0.091114
11613,0.9677,7.776,4.4166,2.3499,15.5103,0.104935
11614,0.9699,7.7797,4.4671,2.3581,15.5748,0.072435
11615,0.8943,7.8428,4.366,2.3219,15.425,0.091253
11616,0.9996,7.8289,4.4831,2.3088,15.6204,0.114763
11617,1.0122,7.7469,4.4682,2.2928,15.5201,0.147417
11618,0.9787,7.8829,4.4406,2.3084,15.6106,0.07736
11619,0.902,7.9291,4.3896,2.3099,15.5306,0.062153
11620,0.9592,8.0061,4.39,2.3365,15.6918,0.074872
11621,0.9738,7.7732,4.3892,2.3418,15.478,0.098371
11622,0.956,7.78,4.4011,2.32,15.4571,0.197197
11623,0.9321,8.503,4.4093,2.3248,16.1692,0.097452
11624,0.9579,7.8322,4.3902,2.361,15.5414,0.087638
11625,0.9635,7.8197,4.3727,2.3497,15.5056,0.072882
11626,0.9605,8.5565,4.4524,2.3423,16.3117,0.086605
11627,0.9014,7.8653,4.4221,2.3524,15.5412,0.066522
11628,0.9627,7.8368,4.4926,2.3467,15.6387,0.155396
11629,0.972,7.8054,4.3854,2.3,15.4628,0.099725
11630,0.9665,7.8076,4.4857,2.3143,15.5741,0.134777
11631,0.9538,8.3536,4.4491,2.3068,16.0634,0.116482
11632,0.958,8.1209,4.4689,2.3158,15.8637,0.108977
11633,0.9814,7.7687,4.3531,2.3154,15.4186,0.108538
11634,0.9585,7.895,4.3869,2.3361,15.5766,0.101243
11635,0.8985,7.8808,4.4017,2.3398,15.5207,0.088659
11636,0.9522,7.8684,4.3713,2.3414,15.5333,0.063309
11637,0.9692,7.8196,4.5119,2.2962,15.5969,0.063189
11638,0.9779,7.7806,4.3952,2.3444,15.4981,0.072315
11639,0.9006,7.8624,4.3841,2.3406,15.4877,0.0787
11640,0.9647,7.8739,4.5177,2.3608,15.7172,0.142873
11641,0.9576,7.785,4.4581,2.3237,15.5244,0.089768
11642,1.0071,7.7668,4.3808,2.2966,15.4513,0.125511
11643,0.9727,7.8035,4.4545,2.3222,15.5528,0.150216
11644,0.9426,7.8831,4.3992,2.3122,15.5372,0.098233
11645,0.9527,7.8991,4.3497,2.3217,15.5232,0.081454
11646,0.9648,7.839,4.4593,2.3279,15.591,0.080628
11647,0.9279,7.8152,4.3854,2.3303,15.4588,0.054465
11648,0.927,7.8522,4.3726,2.3491,15.501,0.061567
11649,0.9502,7.8218,4.3915,2.342,15.5055,0.062111
11650,0.9647,7.8815,4.4638,2.3648,15.6748,0.062285
11651,0.9285,7.845,4.3969,2.3195,15.49,0.06632
11652,0.953,7.8689,4.4601,2.3174,15.5994,0.115886
11653,0.985,7.8677,4.4323,2.3247,15.6098,0.383956
11654,0.9667,7.7438,4.4129,2.2954,15.4188,0.418665
11655,0.922,7.8967,4.3853,2.3266,15.5307,0.420554
11656,0.9379,7.8121,4.4976,2.3417,15.5893,0.411058
11657,0.9519,7.8082,4.3672,2.3202,15.4475,0.326903
11658,0.9662,8.03,4.4369,2.3645,15.7976,0.109803
11659,0.9137,7.8571,4.4301,2.3425,15.5434,0.105335
11660,0.9245,7.8092,4.4738,2.3539,15.5614,0.387204
11661,0.9605,7.7698,4.4292,2.3159,15.4754,0.391236
11662,0.9841,7.7062,4.3505,2.3075,15.3483,0.324165
11663,0.9549,7.8964,4.3893,2.3206,15.5612,0.191664
11664,0.9537,7.8244,4.4783,2.312,15.5684,0.229254
11665,0.9456,7.7943,4.3538,2.3287,15.4224,0.27138
11666,0.9662,7.8268,4.452,2.3536,15.5986,0.228625
11667,0.9125,7.8387,4.3824,2.3593,15.4929,0.2947
11668,0.9523,7.8088,4.3918,2.3336,15.4865,0.249967
11669,0.9465,7.8035,4.3965,2.3447,15.4913,0.198273
11670,0.9753,7.7563,4.3943,2.3066,15.4326,0.23108
11671,0.9391,7.9509,4.4017,2.323,15.6146,0.165209
11672,0.9613,7.7738,4.3617,2.3237,15.4205,0.106782
11673,0.9312,7.8127,4.379,2.3331,15.456,0.160126
11674,0.9573,7.8961,4.3974,2.3501,15.6009,0.160147
11675,0.9214,7.8257,4.3923,2.337,15.4764,0.123688
11676,0.9763,7.8345,4.3777,2.3433,15.5317,0.213315
11677,0.9746,7.8315,4.3548,2.3404,15.5012,0.205958
11678,0.9389,7.7786,4.3734,2.3173,15.4082,0.126375
11679,0.9296,7.8425,4.3933,2.3153,15.4807,0.087564
11680,0.9899,7.8766,4.5,2.3142,15.6807,0.069165
11681,0.9907,7.8197,4.4259,2.3083,15.5446,0.072712
11682,0.9645,7.8238,4.3822,2.3182,15.4886,0.062973
11683,0.9213,7.8863,4.4052,2.3454,15.5582,0.048798
11684,0.9281,7.8579,4.3771,2.3543,15.5173,0.072089
11685,0.9706,8.3119,4.3772,2.3306,15.9904,0.055061
11686,0.9335,7.7746,4.3672,2.3378,15.413,0.057477
11687,0.9304,7.8488,4.4154,2.3364,15.5309,0.095333
11688,0.9577,7.8323,4.3712,2.3343,15.4956,0.187289
11689,0.9812,7.8047,4.384,2.3013,15.4713,0.090085
11690,0.9637,7.7415,4.494,2.3108,15.5101,0.123085
11691,0.9502,7.8609,4.4676,2.3108,15.5894,0.112307
11692,1.046,7.7193,4.5468,2.3232,15.6354,0.151704
11693,0.9796,7.8181,4.3881,2.3532,15.5389,0.148177
11694,0.968,7.8212,4.3793,2.3479,15.5164,0.215957
11695,0.8945,7.8485,4.3929,2.3312,15.4671,0.233367
11696,0.9585,7.8081,4.4056,2.3558,15.528,0.21347
11697,0.981,7.788,4.3866,2.3444,15.5,0.121073
11698,0.9788,7.7608,4.4428,2.3398,15.5223,0.235209
11699,0.8962,7.875,4.4205,2.3182,15.5099,0.183265
11700,0.9918,7.8272,4.4328,2.3247,15.5766,0.154854
11701,1.0058,7.8681,4.4371,2.375,15.686,0.178325
11702,1.0044,7.8328,4.4355,2.3101,15.5828,0.191927
11703,0.9223,7.8031,4.3775,2.3424,15.4452,0.182236
11704,0.9739,7.8123,4.4673,2.3257,15.5792,0.149025
11705,0.975,7.7687,4.3432,2.3344,15.4213,0.132181
11706,0.9566,7.7867,4.3971,2.3559,15.4963,0.134793
11707,0.9235,7.899,4.412,2.3495,15.5841,0.13974
11708,0.9757,7.8104,4.4789,2.3334,15.5983,0.115157
11709,0.9668,7.8038,4.4814,2.3229,15.5749,0.125489
11710,0.9794,7.8217,4.3897,2.311,15.5018,0.129272
11711,0.9412,8.2591,4.4227,2.3132,15.9362,0.068496
11712,0.9653,7.7642,4.4388,2.3204,15.4886,0.078583
11713,0.9433,7.8636,4.398,2.3069,15.5119,0.055391
11714,0.969,7.8163,4.4134,2.3381,15.5369,0.086959
11715,0.923,7.935,4.4515,2.3121,15.6217,0.066208
11716,0.949,7.7955,4.3983,2.3593,15.5021,0.118812
11717,0.9832,7.7393,4.3714,2.348,15.4419,0.137553
11718,0.9318,7.8065,4.417,2.3461,15.5014,0.137984
11719,0.9197,7.9229,4.4792,2.3367,15.6586,0.124754
11720,0.9344,7.8003,4.3784,2.3175,15.4306,0.117198
11721,0.9685,7.8387,4.396,2.2915,15.4946,0.063339
11722,1.0049,7.7399,4.3833,2.309,15.4372,0.090968
11723,0.917,7.9727,4.396,2.3528,15.6383,0.083249
11724,0.9498,7.8471,4.4287,2.3363,15.5619,0.120211
11725,0.9719,7.8034,4.402,2.3223,15.4995,0.106689
11726,0.9488,7.815,4.4437,2.3508,15.5583,0.160589
11727,0.9126,7.8506,4.4869,2.3365,15.5866,0.164235
11728,0.974,7.8376,4.3428,2.3592,15.5136,0.999961
11729,0.9684,7.8463,4.3396,2.3101,15.4644,0.999995
11730,0.9879,7.7885,4.3463,2.3035,15.4261,0.999996
11731,0.9528,7.8993,4.5004,2.319,15.6715,0.999998
11732,0.9821,7.7857,4.4003,2.3073,15.4755,0.999983
11733,0.9562,7.837,4.3683,2.3389,15.5004,0.999915
11734,0.9564,7.8261,4.3588,2.3261,15.4674,0.999149
11735,0.9087,7.8927,4.5151,2.337,15.6535,0.998609
11736,0.9585,7.931,4.4295,2.336,15.655,0.991895
11737,0.967,7.808,4.3765,2.3485,15.5001,0.953413
11738,0.9714,8.1299,4.4012,2.3531,15.8557,0.934552
11739,0.901,7.806,4.4793,2.3635,15.5498,0.921621
11740,0.9701,7.8379,4.436,2.3136,15.5576,0.886866
11741,1.0092,7.7858,4.3954,2.2907,15.4811,0.81811
11742,0.9965,7.7796,4.4433,2.3108,15.5301,0.822198
11743,0.899,7.8571,4.3715,2.33,15.4576,0.857812
11744,0.9653,7.9398,4.3765,2.332,15.6137,0.847288
11745,0.9769,7.839,4.4083,2.3354,15.5596,0.802451
11746,0.9638,7.7915,4.4258,2.3295,15.5107,0.818189
11747,0.8962,7.8017,4.4944,2.3488,15.5411,0.775192
11748,0.9578,7.9331,4.4018,2.342,15.6347,0.757201
11749,0.976,7.7784,4.3933,2.3026,15.4502,0.688956
11750,0.9702,7.804,4.4029,2.3052,15.4824,0.7453
11751,0.945,7.9107,4.4757,2.3154,15.6467,0.704967
11752,0.9897,7.778,4.4122,2.3056,15.4854,0.705213
11753,0.9721,7.8381,4.3861,2.3033,15.4996,0.668432
11754,0.9761,7.8103,4.4594,2.5944,15.8402,0.682358
11755,1.0243,7.9675,4.414,2.3304,15.7361,0.66639
11756,0.9325,7.833,4.3747,2.3443,15.4845,0.666707
11757,0.9491,7.8696,4.416,2.3515,15.5862,0.440445
11758,0.9587,7.7749,4.3994,2.347,15.4801,0.599846
11759,0.8978,7.8421,4.3962,2.3522,15.4883,0.430497
11760,0.9427,7.877,4.383,2.3175,15.5202,0.469658
11761,0.9668,7.8613,4.4095,2.3134,15.551,0.402995
11762,0.9975,7.786,4.408,2.295,15.4865,0.314731
11763,0.9481,7.813,4.4005,2.3176,15.4793,0.318225
11764,0.9154,11.6686,4.4134,2.3397,19.3371,0.410655
11765,0.8817,7.8525,4.4641,2.2922,15.4905,0.349752
11766,0.9493,7.8692,4.422,2.3252,15.5657,0.347498
11767,0.9465,7.8447,4.4545,2.3418,15.5876,0.365648
11768,0.9356,7.7944,4.4399,2.3444,15.5143,0.345367
11769,0.8997,7.8268,4.4088,2.3137,15.449,0.114797
11770,0.9869,7.8586,4.4288,2.3173,15.5916,0.189811
11771,0.9792,7.9095,4.4373,2.3069,15.6329,0.158578
11772,0.9615,7.8208,4.4325,2.3123,15.5272,0.209443
11773,0.8995,7.8798,4.4946,2.3513,15.6251,0.184476
11774,0.9731,8.0027,4.4133,2.3306,15.7197,0.244272
11775,0.9446,7.8413,4.4382,2.3471,15.5712,0.389664
11776,0.9334,7.8687,4.4487,2.3367,15.5876,0.391521
11777,0.8987,7.9275,4.439,2.3396,15.6049,0.380331
11778,0.9611,7.8099,4.4044,2.3401,15.5154,0.402846
11779,0.9441,7.8375,4.3914,2.3302,15.5032,0.317744
11780,0.9481,7.7943,4.365,2.3193,15.4267,0.28294
11781,0.9149,7.8216,4.4098,2.3268,15.4731,0.270289
11782,1.0049,7.8951,4.3943,2.3078,15.6021,0.256564
11783,0.9529,7.8192,4.3782,2.3143,15.4646,0.244059
11784,0.9373,7.785,4.3667,2.339,15.428,0.267541
11785,0.8966,7.8915,4.39,2.3407,15.5187,0.22264
11786,0.9665,7.8469,4.4239,2.3527,15.59,0.232744
11787,0.9379,7.7795,4.3936,2.3452,15.4562,0.260413
11788,0.967,7.8513,4.4826,2.3425,15.6434,0.273998
11789,0.9205,7.9082,4.3672,2.3121,15.508,0.185154
11790,0.9888,7.9551,4.4067,2.3197,15.6703,0.139358
11791,0.9995,8.2232,4.3739,2.3212,15.9178,0.218138
11792,0.9969,7.7951,4.4149,2.3162,15.5232,0.146198
11793,0.9697,7.8619,4.3813,2.3104,15.5233,0.089773
11794,0.9829,7.8289,4.4497,2.3191,15.5806,0.09372
11795,0.9661,7.872,4.4098,2.3411,15.5889,0.139695
11796,0.9697,7.8239,4.3753,2.3347,15.5036,0.101407
11797,0.9252,7.8569,4.3975,2.336,15.5155,0.084949
11798,0.9484,7.7958,4.3986,2.3468,15.4896,0.124924
11799,0.9887,7.7988,4.4053,2.3517,15.5444,0.141302
11800,0.9591,7.8124,4.4062,2.3128,15.4904,0.14142
11801,0.9387,7.8701,4.3978,2.3115,15.5181,0.143712
11802,0.9778,7.8697,4.4227,2.301,15.5712,0.151817
11803,1.0093,7.7967,4.4303,2.3116,15.5479,0.225162
11804,0.9683,7.8817,4.5089,2.3088,15.6677,0.194126
11805,0.9173,7.8596,4.3866,2.3358,15.4993,0.133685
11806,0.9785,7.8331,4.4114,2.3336,15.5566,0.211467
11807,0.9728,7.7688,4.3869,2.3451,15.4735,0.195667
11808,0.9749,7.895,4.4332,2.3458,15.6489,0.187597
11809,0.8978,7.8839,4.4193,2.3428,15.5438,0.121818
11810,0.9646,7.8032,4.3869,2.311,15.4657,0.165784
11811,0.9909,7.8506,4.3872,2.2995,15.5283,0.182069
11812,0.9563,7.786,4.3581,2.3107,15.4111,0.144312
11813,0.8914,7.8402,4.3615,2.3029,15.396,0.245953
11814,0.9901,7.8606,4.3817,2.3124,15.5447,0.154891
11815,0.9775,7.8448,4.4072,2.3336,15.5631,0.062309
11816,0.9467,7.7605,4.351,2.3395,15.3978,0.061142
11817,0.9082,8.1466,4.4469,2.3336,15.8353,0.039136
11818,0.9733,7.9042,4.4665,2.371,15.715,0.052878
11819,0.9764,7.8186,4.4456,2.3383,15.5789,0.057554
11820,0.9655,7.8017,4.4528,2.3109,15.5309,0.052179
11821,0.9205,7.8682,4.4952,2.3115,15.5954,0.036189
11822,1.01,7.7746,4.405,2.3171,15.5067,0.051181
11823,1.0064,7.9377,4.4081,2.3174,15.6695,0.044369
11824,0.9263,7.7903,4.4395,2.3124,15.4685,0.064991
11825,0.9,7.8538,4.3915,2.3176,15.4629,0.070294
11826,0.9643,7.8664,4.3742,2.3376,15.5425,0.068531
11827,0.9775,7.8832,4.3862,2.3293,15.5762,0.0805
11828,0.9456,7.7849,4.3611,2.3547,15.4463,0.075451
11829,0.9207,7.8615,4.439,2.3132,15.5344,0.083623
11830,0.9798,7.8241,4.4508,2.3086,15.5632,0.078217
11831,0.9741,7.8323,4.3845,2.309,15.4999,0.081635
11832,0.9874,7.7561,4.5015,2.3044,15.5495,0.051102
11833,0.9555,8.3981,4.6861,2.2987,16.3384,0.056627
11834,1.0292,7.8664,4.5363,2.306,15.7379,0.095508
11835,0.9777,7.82,4.4042,2.304,15.5059,0.090118
11836,0.9748,7.8555,4.446,2.307,15.5833,0.098373
11837,0.9347,7.8362,4.4118,2.3183,15.501,0.087054
11838,0.9435,7.8453,4.5218,2.3301,15.6406,0.085694
11839,0.9482,7.8421,4.4222,2.3464,15.5589,0.077679
11840,0.9204,7.7925,4.4232,2.3338,15.4699,0.371327
11841,0.9,7.8911,4.4744,2.3455,15.611,0.392075
11842,0.9333,7.8303,4.4613,2.3435,15.5684,0.352121
11843,0.9706,7.8464,4.3915,2.311,15.5195,0.29338
11844,0.9894,8.163,4.5226,2.3086,15.9836,0.314733
11845,0.9527,7.9369,4.406,2.3143,15.6099,0.190264
11846,1.0029,7.8061,4.4189,2.316,15.5439,0.180891
11847,0.9898,7.7593,4.4282,2.3085,15.4859,0.183612
11848,0.946,7.7537,4.3954,2.3337,15.4288,0.12469
11849,0.899,7.8163,4.3855,2.3268,15.4276,0.159611
11850,0.9816,7.8305,4.4958,2.3275,15.6354,0.117319
11851,0.9703,7.8247,4.4132,2.3358,15.5441,0.131687
11852,0.9404,7.81,4.5018,2.3539,15.6061,0.168831
11853,0.9231,7.8603,4.4441,2.3627,15.5901,0.102685
11854,0.9864,7.742,4.5169,2.3058,15.5511,0.119323
11855,1.0062,7.8182,4.4561,2.3118,15.5924,0.124707
11856,1.0126,7.8197,4.4335,2.3098,15.5755,0.092464
11857,0.9285,7.8522,4.5316,2.3141,15.6264,0.11788
11858,0.9655,7.8284,4.4353,2.3334,15.5627,0.180095
11859,0.9713,7.8579,4.4087,2.3331,15.5711,0.148834
11860,0.9364,7.7811,4.3918,2.331,15.4404,0.148478
11861,0.8986,7.9178,4.4168,2.3513,15.5845,0.193743
11862,0.9695,7.8302,4.4047,2.3531,15.5575,0.163147
11863,0.9732,7.8672,4.4022,2.3483,15.5909,0.17
11864,0.9482,7.8106,4.4428,2.3139,15.5155,0.184919
11865,0.9442,7.8671,4.518,2.3154,15.6447,0.165853
11866,0.9972,7.8543,4.4,2.3193,15.5708,0.19321
11867,1.0119,7.8243,4.4846,2.3057,15.6265,0.19701
11868,0.9644,7.8266,4.4399,2.3002,15.5311,0.191241
11869,0.9212,7.8641,4.4146,2.3391,15.5391,0.2183
11870,0.986,8.1084,4.4737,2.3328,15.9009,0.26132
11871,0.9525,7.8678,4.3951,2.3204,15.5358,0.990891
11872,0.9736,7.8317,4.4079,2.3433,15.5565,0.999999
11873,0.9272,7.8418,4.4134,2.3605,15.5429,0.999999
11874,0.9886,7.8365,4.3623,2.3474,15.5348,0.999999
11875,0.9394,7.8055,4.3853,2.3114,15.4417,0.999997
11876,0.9816,7.7897,4.4074,2.3086,15.4872,0.999847
11877,0.95,7.8717,4.389,2.3199,15.5306,0.999817
11878,1.016,7.8142,4.4087,2.3261,15.565,0.99703
11879,0.9375,7.7938,4.4493,2.3383,15.5188,0.96393
11880,0.9647,7.7587,4.3918,2.345,15.4602,0.912006
11881,0.9194,7.8492,4.4082,2.341,15.5178,0.688715
11882,0.9765,7.8767,4.4806,2.4551,15.7888,0.758296
11883,1.1706,8.2821,4.4026,2.3283,16.1835,0.608242
11884,0.9815,7.8277,4.392,2.3403,15.5415,0.518057
11885,0.924,7.8212,4.3776,2.3459,15.4687,0.612651
11886,0.9504,7.8078,4.3785,2.3563,15.493,0.376647
11887,0.9415,7.8393,4.4015,2.3152,15.4975,0.208504
11888,0.9905,7.8739,4.3945,2.3155,15.5744,0.24658
11889,0.9566,7.9222,4.3763,2.3087,15.5639,0.207068
11890,0.944,7.8228,4.5033,2.2964,15.5665,0.184083
11891,0.9355,7.8536,4.4518,2.328,15.569,0.244742
11892,0.9787,7.7541,4.4165,2.3202,15.4695,0.438662
11893,0.9244,8.0199,4.4548,2.3052,15.7042,0.13733
11894,0.9724,7.873,4.4618,2.3323,15.6395,0.10998
11895,0.9508,7.8114,4.4997,2.3396,15.6016,0.121608
11896,0.9638,7.7195,4.438,2.3484,15.4697,0.087109
11897,0.9382,8.1469,4.4228,2.3478,15.8558,0.092086
11898,0.9527,7.7908,4.5233,2.3232,15.5899,0.086899
11899,0.9848,7.9149,4.4492,2.3118,15.6606,0.094655
11900,0.9976,7.8139,4.516,2.3279,15.6555,0.107365
11901,0.9444,7.8496,4.4356,2.3123,15.5419,0.109095
11902,0.9838,7.8197,4.4444,2.3182,15.5661,0.118969
11903,0.9763,7.8888,4.446,2.3352,15.6463,0.107616
11904,0.9507,7.7729,4.382,2.3458,15.4513,0.139307
11905,0.9175,7.8944,4.3837,2.3462,15.5418,0.101389
11906,0.9767,7.7462,4.4218,2.3534,15.4981,0.099774
11907,0.9364,7.8394,4.4377,2.345,15.5586,0.098417
11908,0.9625,7.8616,4.5653,2.3593,15.7488,0.133745
11909,0.9078,7.8681,4.4899,2.3019,15.5677,0.079641
11910,0.9911,7.7905,4.4528,2.318,15.5524,0.11644
11911,1.0878,7.8771,4.4509,2.3113,15.7271,0.121606
11912,0.9696,7.8818,4.4273,2.3156,15.5943,0.141101
11913,0.8986,7.785,4.5212,2.3177,15.5226,0.138626
11914,0.9518,7.7901,4.524,2.3367,15.6026,0.121283
11915,0.976,7.8305,4.4063,2.3348,15.5476,0.173336
11916,0.9324,7.787,4.4261,2.3336,15.4792,0.165214
11917,0.9074,7.8831,4.5094,2.3432,15.6431,0.110921
11918,0.9513,7.782,4.4408,2.3564,15.5306,0.180509
11919,0.97,7.8379,4.5276,2.3318,15.6674,0.196476
11920,0.9804,7.853,4.4448,2.2958,15.5741,0.236866
11921,0.9535,7.9386,4.449,2.3075,15.6486,0.20037
11922,1.0058,7.7964,4.4462,2.3065,15.555,0.201184
11923,1.006,8.1984,4.4428,2.3136,15.9608,0.158973
11924,1.0071,7.7751,4.5065,2.3084,15.597,0.183834
11925,0.9126,7.9202,4.4303,2.3152,15.5783,0.203777
11926,0.9703,7.8786,4.3709,2.3378,15.5577,0.260464
11927,0.9745,7.8311,4.3671,2.3295,15.5022,0.253085
11928,0.9696,7.8727,4.4057,2.3494,15.5974,0.207828
11929,0.9261,7.9158,4.3685,2.3469,15.5573,0.217141
11930,0.9638,7.799,4.4523,2.351,15.5661,0.250857
11931,0.9696,7.8053,4.3829,2.3449,15.5026,0.20885
11932,0.9704,7.7768,4.4846,2.3017,15.5336,0.180645
11933,0.9487,7.883,4.4176,2.3109,15.5602,0.142985
11934,1.0067,7.7996,4.4325,2.3121,15.551,0.178262
11935,0.971,7.8813,4.396,2.3051,15.5534,0.208401
11936,0.9591,7.8015,4.4068,2.3276,15.495,0.247549
11937,0.92,7.9884,4.3933,2.3348,15.6366,0.304538
11938,0.9484,7.8533,4.4538,2.3548,15.6103,0.299385
11939,0.988,7.7911,4.3645,2.346,15.4895,0.349039
11940,0.9386,7.7301,4.4374,2.3474,15.4535,0.335985
11941,0.8996,7.8261,4.4597,2.346,15.5314,0.324296
11942,0.954,7.8023,4.4941,2.3134,15.5637,0.555371
11943,1.0125,7.7339,4.4129,2.3049,15.4642,0.311017
11944,0.9807,7.7689,4.4206,2.3151,15.4852,0.396681
11945,0.9002,7.9001,4.4417,2.3142,15.5562,0.383651
11946,0.944,7.8058,4.4147,2.3212,15.4858,0.403506
11947,0.9734,7.8558,4.4061,2.3448,15.5801,0.213955
11948,0.9656,7.7645,4.4163,2.3513,15.4978,0.223688
11949,0.9257,7.8583,4.4414,2.386,15.6114,0.26431
11950,0.9773,8.1416,4.4519,2.341,15.9118,0.207693
11951,0.9691,7.7952,4.4468,2.3548,15.5658,0.206882
11952,0.9339,7.8325,4.4566,2.3103,15.5334,0.17702
11953,0.9013,7.8257,4.4608,2.3267,15.5145,0.145265
11954,1.0067,7.854,4.4569,2.3051,15.6228,0.144897
11955,1.0046,7.8403,4.445,2.307,15.5969,0.250292
11956,0.9442,7.8431,4.4297,2.3195,15.5366,0.221831
11957,0.9066,7.8742,4.4561,2.3462,15.5831,0.129512
11958,0.9457,7.8009,4.4121,2.3435,15.5021,0.200989
11959,0.9595,7.8353,4.4073,2.3304,15.5325,0.162459
11960,0.9428,7.7233,4.42,2.3626,15.4488,0.175831
11961,0.9319,7.8485,4.4382,2.3391,15.5577,0.152634
11962,0.9765,7.8147,4.4458,2.3056,15.5426,0.15133
11963,0.9678,7.865,4.4979,2.3064,15.6371,0.189262
11964,0.9584,7.7846,4.4272,2.3036,15.4738,0.299939
11965,0.9452,7.8502,4.3887,2.31,15.4941,0.22403
11966,0.9502,7.7644,4.5344,2.3038,15.5529,0.456844
11967,1.0464,7.8424,4.4304,2.342,15.6612,0.421211
11968,0.9347,7.8102,4.38,2.3443,15.4692,0.424386
11969,0.9066,7.9178,4.4027,2.3338,15.5608,0.355398
11970,0.9464,7.8333,4.3897,2.337,15.5064,0.210327
11971,0.9719,7.8301,4.5003,2.328,15.6303,0.286224
11972,0.9606,7.7669,4.4188,2.3067,15.453,0.204354
11973,0.8962,7.8528,4.4266,2.2975,15.4732,0.585188
11974,0.972,7.8084,4.4079,2.3107,15.499,0.469699
11975,1.0084,7.829,4.5362,2.3021,15.6758,0.999985
11976,0.978,8.2032,4.4131,2.3135,15.9079,0.999998
11977,0.907,7.8499,4.4453,2.307,15.5092,0.999999
11978,0.9407,7.8178,4.425,2.3438,15.5274,0.999997
11979,0.9691,7.9103,4.4152,2.338,15.6326,0.999997
11980,0.9756,7.7662,4.3986,2.3396,15.48,0.999932
11981,0.9014,7.8059,4.4501,2.3469,15.5042,0.999799
11982,0.9595,7.7927,4.4173,2.3448,15.5143,0.996153
11983,0.9707,7.8426,4.5115,2.3119,15.6367,0.951306
11984,0.9626,7.826,4.4316,2.3187,15.5389,0.837918
11985,0.9517,7.9111,4.4296,2.3155,15.608,0.890172
11986,0.9947,7.8204,4.4226,2.3103,15.548,0.720504
11987,0.9684,7.8422,4.4605,2.3155,15.5867,0.6984
11988,0.9427,7.8116,4.4179,2.3278,15.4999,0.61413
11989,0.9187,7.8399,4.4228,2.3258,15.5072,0.540041
11990,0.9532,7.8036,4.4509,2.3226,15.5302,0.4982
11991,0.9653,7.8797,4.4059,2.3383,15.5892,0.461206
11992,0.9388,7.7419,4.3952,2.3234,15.3993,0.47341
11993,0.9076,7.8189,4.4195,2.3048,15.4507,0.350751
11994,0.974,7.8028,4.4492,2.3023,15.5283,0.385007
11995,1.0172,7.8997,4.5152,2.3195,15.7517,0.435078
11996,1.0118,7.7708,4.4544,2.3037,15.5406,0.459608
11997,0.9246,7.8668,4.4524,2.2997,15.5434,0.691131
11998,0.9657,7.855,4.4259,2.3301,15.5767,0.631735
11999,0.9404,7.8252,4.4483,2.3169,15.5308,0.658513
12000,0.962,7.8455,4.4403,2.3293,15.577,0.694506
12001,0.9303,7.8623,4.4487,2.3414,15.5827,0.436107
12002,0.9646,7.87,4.436,2.3669,15.6375,0.696597
12003,0.9445,8.3303,4.4206,2.3435,16.0388,0.742325
12004,0.9468,7.7997,4.494,2.3819,15.6224,0.433777
12005,0.9072,7.8758,4.4354,2.312,15.5304,0.489297
12006,0.9487,7.7698,4.4537,2.3069,15.4792,0.542528
12007,0.9967,7.8387,4.4935,2.3129,15.6419,0.489134
12008,0.9851,7.7494,4.4487,2.3145,15.4977,0.642619
12009,0.9033,7.9011,4.4488,2.3063,15.5594,0.551435
12010,0.9559,7.8042,4.4397,2.3343,15.534,0.373927
12011,0.9734,8.2286,4.6117,2.3268,16.1405,0.3183
12012,0.975,7.7988,4.466,2.3326,15.5723,0.317848
12013,0.9871,7.8043,4.4242,2.361,15.5766,0.249858
12014,0.9309,7.7985,4.4997,2.3554,15.5845,0.239351
12015,0.8854,7.9468,4.4156,2.3473,15.595,0.218334
12016,0.9448,7.87,4.4151,2.3674,15.5973,0.375474
12017,0.9736,7.8346,4.4035,2.3276,15.5392,0.389499
12018,0.9721,7.8447,4.442,2.2947,15.5535,0.392857
12019,0.9201,7.8183,4.5058,2.3217,15.566,0.131956
12020,1.0174,7.7679,4.381,2.306,15.4723,0.175785
12021,0.9565,7.9211,4.4597,2.2635,15.6007,0.824709
12022,0.9811,7.7734,4.4085,2.3223,15.4853,0.353041
12023,0.9012,7.9111,4.477,2.3368,15.6261,0.05851
12024,0.9751,7.8179,4.4101,2.3337,15.5368,0.042046
12025,0.9434,7.7493,4.3905,2.3344,15.4176,0.046
12026,0.9388,7.704,4.4519,2.3483,15.4431,0.022916
12027,0.9247,7.8547,4.4991,2.3102,15.5887,0.020724
12028,1.0129,7.8436,4.3744,2.2971,15.528,0.128939
12029,1.0008,8.1428,4.443,2.3218,15.9084,0.347374
12030,1.0221,7.7494,4.4394,2.3083,15.5192,0.329952
12031,0.9163,7.8786,4.4478,2.2998,15.5424,0.418271
12032,0.9731,7.9331,4.4294,2.3253,15.6608,0.393333
12033,0.9723,7.9167,4.4058,2.3342,15.6289,0.390542
12034,0.9733,7.7898,4.3878,2.3403,15.4913,0.363774
12035,0.904,7.8511,4.4923,2.3502,15.5976,0.340896
12036,0.9776,7.7858,4.4445,2.3452,15.5531,0.109362
12037,0.9716,7.847,4.4282,2.3361,15.583,0.07684
12038,0.973,7.7899,4.4245,2.3512,15.5386,0.060271
12039,0.8968,7.8723,4.5073,2.3066,15.583,0.034294
12040,1.017,7.7877,4.467,2.3015,15.5731,0.06835
12041,1.0,7.9556,4.4576,2.315,15.7282,0.075254
12042,1.0056,7.7575,4.4359,2.3042,15.5031,0.3232
12043,0.9043,7.9077,4.5319,2.2953,15.6392,0.429817
12044,0.9707,7.9097,4.4461,2.3433,15.6697,0.356029
12045,0.9709,7.832,4.4345,2.3326,15.57,0.392786
12046,0.9699,7.8334,4.4731,2.3438,15.6202,0.362143
12047,0.9165,7.8403,4.4481,2.3487,15.5536,0.427716
12048,0.9474,7.8158,4.4572,2.3382,15.5585,0.453697
12049,0.9417,7.9198,4.4297,2.3428,15.634,0.413393
12050,0.9347,7.8,4.4464,2.3196,15.5006,0.491397
12051,0.9653,7.8987,4.4275,2.3184,15.6099,0.041007
12052,0.9628,7.8159,4.4901,2.3096,15.5784,0.28382
12053,0.9891,7.7821,4.4733,2.3152,15.5597,0.643173
12054,0.9298,7.8501,4.4272,2.3145,15.5216,0.99998
12055,0.917,7.8563,4.3895,2.3343,15.4972,1.0
12056,0.9417,8.0887,4.4159,2.3412,15.7875,1.0
12057,0.9459,7.8107,4.4023,2.338,15.4969,0.999999
12058,0.9534,7.7491,4.443,2.3465,15.4921,0.999994
12059,0.9227,7.8139,4.448,2.3745,15.559,0.999989
12060,0.9506,7.7703,4.5126,2.3449,15.5785,0.999992
12061,0.9501,7.8529,4.4512,2.3144,15.5686,0.998062
12062,0.9728,7.7648,4.4702,2.3118,15.5196,0.975822
12063,0.9574,7.8477,4.4307,2.3087,15.5445,0.926771
12064,0.9471,7.8246,4.4975,2.3106,15.5798,0.801405
12065,0.9573,7.8565,4.3973,2.3372,15.5483,0.593941
12066,0.9449,7.7944,4.4601,2.341,15.5404,0.57605
12067,0.9178,7.9465,4.427,2.3392,15.6305,0.577506
12068,0.9591,7.7618,4.4554,2.3341,15.5104,0.442095
12069,0.9471,7.824,4.4436,2.3556,15.5702,0.060147
12070,0.9515,7.7565,4.4471,2.3511,15.5062,0.1515
12071,0.9234,7.7774,4.4545,2.3054,15.4606,0.142592
12072,0.9919,7.7484,4.4752,2.3091,15.5248,0.151733
12073,0.9783,7.7762,4.4377,2.3051,15.4973,0.213887
12074,0.9436,7.7298,4.4681,2.3097,15.4512,0.258324
12075,0.9171,7.8316,4.3995,2.3272,15.4753,0.244459
12076,0.9492,7.8177,4.4142,2.3647,15.5458,0.485025
12077,0.9351,7.8268,4.4803,2.3353,15.5775,0.61813
12078,0.9332,7.7913,4.3971,2.3653,15.4869,0.624543
12079,0.9202,7.8693,4.3886,2.3505,15.5287,0.689145
12080,0.9513,7.7554,4.4609,2.3208,15.4884,0.590453
12081,0.991,7.7921,4.4066,2.3246,15.5143,0.653881
12082,0.9661,8.0788,4.4156,2.3349,15.7953,0.650399
12083,0.9653,7.8875,4.437,2.3174,15.6072,0.677569
12084,0.9397,7.8323,4.4707,2.3091,15.5519,0.712067
12085,0.9389,7.9455,4.4705,2.2945,15.6495,0.847381
12086,0.945,7.8805,4.4385,2.3225,15.5865,0.79144
12087,0.9164,7.867,4.4572,2.3381,15.5787,0.735936
12088,0.9539,7.8452,4.4708,2.3372,15.607,0.812796
12089,0.9408,7.7877,4.4609,2.3197,15.5091,0.746111
12090,0.9505,7.7938,4.4726,2.3467,15.5637,0.750244
12091,0.9191,7.8543,4.444,2.3018,15.5192,0.882352
12092,0.9776,7.8944,4.4848,2.3232,15.6801,0.778961
12093,0.9779,7.8841,4.5204,2.3168,15.6992,0.735262
12094,0.9705,7.7648,4.4541,2.3166,15.506,0.677567
12095,0.9357,7.9518,4.4479,2.3077,15.6431,0.716765
12096,0.9481,7.9036,4.5024,2.3068,15.6609,0.797294
12097,0.9327,7.817,4.4509,2.3443,15.5449,0.720961
12098,0.9365,7.738,4.4634,2.34,15.478,0.678723
12099,0.9224,7.8192,4.4415,2.3439,15.5271,0.599594
12100,0.952,7.8057,4.4398,2.3394,15.537,0.715885
12101,0.9485,7.6988,4.4468,2.3326,15.4267,0.496348
12102,0.9287,7.7835,4.4603,2.3087,15.4812,0.329865
12103,0.9538,7.79,4.4387,2.2911,15.4736,0.415554
12104,0.97,7.7852,4.4907,2.3149,15.5608,0.361903
12105,0.9356,7.8565,4.4533,2.2966,15.5419,0.287925
12106,0.938,7.8258,4.4596,2.3174,15.5408,0.558484
12107,0.916,7.8189,4.4231,2.3378,15.4957,0.41222
12108,0.9442,7.788,4.4785,2.3446,15.5554,0.561703
12109,0.9592,8.1832,4.4429,2.3444,15.9297,0.405314
12110,0.9334,7.7997,4.45,2.3537,15.5367,0.423747
12111,0.9231,7.891,4.5283,2.3505,15.693,0.323721
12112,0.9539,7.8917,4.4859,2.3391,15.6706,0.383065
12113,0.9397,7.8818,4.4398,2.3115,15.5728,0.498783
12114,0.9556,7.7604,4.4097,2.3234,15.4491,0.287955
12115,0.9773,7.9106,4.4407,2.3004,15.629,0.33554
12116,0.9427,7.859,4.5175,2.3238,15.6429,0.527204
12117,0.9376,7.8731,4.5833,2.3096,15.7037,0.531613
12118,0.9502,7.7756,4.4351,2.3375,15.4985,0.560276
12119,0.9253,7.8652,4.4538,2.3395,15.5839,0.44901
12120,0.9618,7.8702,4.4282,2.3567,15.6169,0.474002
12121,0.9732,7.917,4.4403,2.3583,15.6888,0.455448
12122,0.9712,7.792,4.3932,2.352,15.5083,0.528515
12123,0.8873,7.8343,4.4074,2.3573,15.4862,0.438945
12124,0.9736,7.7899,4.4015,2.316,15.4809,0.385881
12125,0.9786,7.7742,4.3979,2.3305,15.4813,0.405768
12126,1.0002,7.7392,4.4461,2.316,15.5016,0.291167
12127,0.9275,7.9404,4.4313,2.3325,15.6317,0.459257
12128,0.9741,7.9718,4.4756,2.3222,15.7437,0.422232
12129,0.9649,7.8817,4.4083,2.3331,15.5879,0.363242
12130,0.9461,7.7397,4.4461,2.3282,15.4601,0.319909
12131,0.9234,7.9097,4.4695,2.3388,15.6414,0.319841
12132,0.9826,7.7764,4.449,2.3518,15.5598,0.278298
12133,0.9708,7.8259,4.4253,2.3335,15.5555,0.264488
12134,0.9376,7.7771,4.5009,2.298,15.5136,0.238594
12135,0.9283,8.253,4.4718,2.3156,15.9687,0.23951
12136,0.968,7.8175,4.4757,2.3054,15.5667,0.336619
12137,1.013,7.8677,4.4448,2.3086,15.6341,0.268996
12138,0.9979,7.858,4.4216,2.3248,15.6024,0.275952
12139,0.9126,7.821,4.5935,2.4437,15.7708,0.177464
12140,1.0185,7.8996,4.4666,2.3209,15.7056,0.292743
12141,0.9651,7.8212,4.4138,2.3351,15.5352,0.315689
12142,0.9674,7.855,4.443,2.3436,15.609,0.340505
12143,0.9008,7.8511,4.4192,2.3277,15.4987,0.335624
12144,0.9735,7.8789,4.3695,2.3695,15.5914,0.096231
12145,0.9647,7.8869,4.4152,2.3278,15.5946,0.136903
12146,0.9834,7.8519,4.4965,2.3818,15.7136,0.1138
12147,0.9054,7.9697,4.4155,2.3424,15.6329,0.004985
12148,0.9711,7.8148,4.4634,2.312,15.5614,0.002265
12149,0.9901,7.9013,4.4961,2.3005,15.688,0.000789
12150,1.0013,7.8741,4.472,2.3023,15.6496,0.000474
12151,0.9407,7.9505,4.4336,2.3158,15.6406,0.000343
12152,0.9796,7.8217,4.4679,2.3157,15.5849,0.000462
12153,0.9654,7.9401,4.4454,2.3281,15.6789,0.000207
12154,0.962,7.8127,4.5263,2.3313,15.6322,0.000334
12155,0.9247,7.9084,4.4192,2.323,15.5753,0.000212
12156,0.9872,7.7864,4.4606,2.3311,15.5654,0.000301
12157,0.9675,7.8467,4.4127,2.3283,15.5552,0.000292
12158,0.9393,7.7881,4.4929,2.3639,15.5842,0.000404
12159,0.9078,7.9217,4.4347,2.3424,15.6067,0.000363
12160,0.9622,7.8023,4.5136,2.2991,15.5772,0.000486
12161,0.9863,7.8866,4.5015,2.2962,15.6706,0.000471
12162,0.9812,8.1114,4.4536,2.3077,15.8539,0.000582
12163,0.9588,7.8722,4.443,2.3097,15.5838,0.000522
12164,0.9891,7.8256,4.475,2.3083,15.5979,0.000705
12165,0.9844,7.8281,4.4387,2.3297,15.5809,0.000869
12166,0.9344,7.7998,4.4231,2.3302,15.4875,0.000928
12167,0.9239,7.9685,4.4444,2.3305,15.6673,0.000741
12168,0.9877,7.839,4.4335,2.3343,15.5946,0.000896
12169,0.9669,7.7831,4.4226,2.3518,15.5244,0.000751
12170,0.9444,7.7408,4.3991,2.3342,15.4185,0.000925
12171,0.9202,7.8291,4.4414,2.3225,15.5133,0.000873
12172,0.9993,7.8722,4.398,2.3316,15.6011,0.000676
12173,1.0027,7.8298,4.428,2.3213,15.5819,0.000854
12174,1.013,7.784,4.5092,2.3146,15.6208,0.001006
12175,0.9276,7.9535,4.4354,2.3121,15.6286,0.001051
12176,0.9772,7.7943,4.4949,2.3457,15.6121,0.00195
12177,0.9476,7.885,4.4978,2.328,15.6585,0.00222
12178,0.9704,7.7713,4.4947,2.3316,15.568,0.002271
12179,0.9258,7.9181,4.4337,2.3276,15.6051,0.003136
12180,0.9735,7.798,4.4609,2.3392,15.5715,0.00265
12181,0.9675,7.8322,4.4166,2.3385,15.5547,0.002187
12182,0.9449,7.7379,4.4081,2.3127,15.4036,0.003265
12183,0.9575,7.8908,4.4349,2.3082,15.5914,0.40887
12184,1.0143,7.8151,4.399,2.3095,15.5379,0.999999
12185,0.9942,7.7235,4.4057,2.2995,15.4229,0.999999
12186,0.9393,7.805,4.4402,2.3462,15.5307,0.999999
12187,0.916,7.8421,4.4211,2.3151,15.4944,0.999998
12188,0.9727,8.0742,4.3862,2.3368,15.77,0.999996
12189,0.968,7.85,4.3725,2.3332,15.5236,0.999999
12190,0.9403,7.7144,4.3794,2.3498,15.3839,0.997468
12191,0.9155,7.8576,4.451,2.3333,15.5575,0.886579
12192,0.9784,7.8403,4.4733,2.3181,15.6101,0.402135
12193,0.9932,7.8086,4.4448,2.3053,15.5519,0.077387
12194,0.959,7.7531,4.381,2.3058,15.3989,0.011655
12195,0.9158,7.9254,4.4567,2.3116,15.6095,0.014394
12196,0.9617,7.8172,4.4599,2.3258,15.5646,0.010233
12197,0.9676,7.8589,4.4334,2.3263,15.5862,0.012246
12198,0.9354,7.7508,4.3989,2.3316,15.4168,0.010066
12199,0.9132,7.8685,4.4323,2.34,15.5539,0.007756
12200,0.9721,7.7955,4.4667,2.343,15.5774,0.00793
12201,0.96,7.8468,4.4222,2.3445,15.5736,0.023876
12202,0.956,7.8867,4.4255,2.3029,15.571,0.008372
12203,0.9368,7.8846,4.4457,2.3265,15.5935,0.062896
12204,1.0141,7.8216,4.4632,2.3121,15.611,0.041531
12205,1.0088,7.7601,4.4057,2.2999,15.4745,0.065051
12206,0.9451,7.791,4.4118,2.3326,15.4806,0.049389
12207,0.9247,7.9326,4.4609,2.3359,15.6542,0.037797
12208,0.9481,7.8055,4.44,2.3529,15.5465,0.056682
12209,0.9693,7.8708,4.3774,2.3351,15.5526,0.135958
12210,0.9373,7.7447,4.391,2.3587,15.4318,0.111374
12211,0.916,7.8303,4.4274,2.3354,15.5091,0.115406
12212,0.9732,7.7319,4.4614,2.308,15.4745,0.098457
12213,1.001,7.7934,4.5212,2.3056,15.6212,0.108095
12214,1.0089,7.7406,4.3875,2.2979,15.4349,0.119011
12215,0.8976,8.169,4.4241,2.3242,15.8148,0.11325
12216,0.9822,7.7815,4.4322,2.3498,15.5458,0.062677
12217,0.9687,7.858,4.4102,2.459,15.6959,0.075041
12218,0.9775,7.8863,4.3995,2.3316,15.5948,0.051018
12219,0.8974,7.9292,4.4277,2.3488,15.6031,0.041707
12220,0.9753,7.8906,4.3816,2.3427,15.5903,0.065724
12221,0.9699,7.8216,4.3855,2.3522,15.5292,0.077214
12222,0.9629,7.75,4.3496,2.3157,15.3782,0.074919
12223,0.8969,7.839,4.4196,2.2995,15.4551,0.072125
12224,0.999,7.8044,4.4253,2.3062,15.5348,0.05626
12225,1.0076,7.8719,4.3909,2.3102,15.5806,0.047948
12226,0.9574,7.8382,4.4442,2.3108,15.5506,0.048709
12227,0.9032,7.8353,4.3757,2.32,15.4343,0.065842
12228,0.99,7.8456,4.4712,2.3382,15.6449,0.041094
12229,0.9691,7.808,4.3902,2.3417,15.509,0.058301
12230,0.9811,7.7549,4.4065,2.3483,15.4908,0.044239
12231,0.8985,7.8394,4.4517,2.3424,15.532,0.056914
12232,0.9837,7.8473,4.3975,2.3152,15.5437,0.055639
12233,0.995,7.8674,4.4784,2.3216,15.6623,0.072463
12234,0.9972,7.7818,4.3884,2.3145,15.4819,0.074294
12235,0.9234,7.8048,4.4896,2.3061,15.5239,0.063264
12236,0.9709,7.8574,4.4322,2.3277,15.5881,0.085176
12237,0.9695,7.8254,4.422,2.3485,15.5654,0.080846
12238,0.9698,7.7078,4.4298,2.3443,15.4517,0.118174
12239,0.9023,7.9065,4.4298,2.364,15.6026,0.119589
12240,0.9656,7.8876,4.3938,2.3344,15.5814,0.086148
12241,0.9731,8.127,4.4772,2.3455,15.9228,0.087392
12242,0.965,7.8909,4.4992,2.358,15.7131,0.107238
12243,0.8981,7.8308,4.4585,2.3351,15.5224,0.080858
12244,0.9725,7.8226,4.5293,2.2963,15.6207,0.07202
12245,0.9655,7.8765,4.4866,2.3095,15.638,0.095003
12246,1.0067,7.7988,4.4797,2.2971,15.5823,0.081961
12247,0.943,7.8634,4.4589,2.3146,15.5798,0.071376
12248,0.9802,7.8327,4.4793,2.3038,15.596,0.084128
12249,0.9585,7.8148,4.3961,2.327,15.4965,0.06585
12250,0.9653,7.7983,4.4281,2.3447,15.5365,0.079955
12251,0.93,7.8717,4.4334,2.3328,15.568,0.075592
12252,0.9852,7.7965,4.4056,2.3263,15.5136,0.067894
12253,0.9618,7.8633,4.4873,2.3375,15.6499,0.066085
12254,0.9479,7.8852,4.4248,2.2966,15.5545,0.221467
12255,0.913,7.9136,4.3897,2.3217,15.538,0.074344
12256,0.9781,7.8517,4.4893,3.5724,16.8916,0.037053
12257,0.9732,7.8671,4.5273,2.3291,15.6967,0.052596
12258,0.9472,7.7264,4.4778,2.3175,15.4689,0.044751
12259,0.9251,7.8075,4.4024,2.3075,15.4426,0.051706
12260,1.0049,7.8325,4.4116,2.3138,15.5628,0.093611
12261,0.9735,7.8286,4.4008,2.3116,15.5146,0.117513
12262,0.9495,7.793,4.4271,2.3274,15.497,0.130676
12263,0.9182,7.7997,4.3952,2.3382,15.4514,0.240449
12264,0.9593,7.7434,4.3916,2.3438,15.4381,0.261843
12265,0.9012,7.8005,4.3849,2.3541,15.4408,0.424837
12266,0.9261,7.8225,4.4174,2.3496,15.5157,0.878766
12267,0.9465,7.9244,4.3941,2.4377,15.7027,0.822788
12268,1.3713,8.3524,4.4518,2.3474,16.5229,0.725644
12269,0.9416,7.8501,4.4393,2.3392,15.5702,0.462263
12270,0.9493,7.8677,4.3999,2.3226,15.5395,0.829
12271,0.9722,7.867,4.4082,2.315,15.5624,0.737858
12272,1.0052,7.8588,4.4093,2.3108,15.5841,0.746804
12273,0.9201,7.865,4.4656,2.3099,15.5605,0.752399
12274,0.9371,7.9108,4.4187,2.3359,15.6025,0.758353
12275,0.9769,7.8633,4.5007,2.3318,15.6728,0.837726
12276,0.9672,7.8774,4.4505,2.3254,15.6205,0.775084
12277,0.9175,7.9703,4.4123,2.3286,15.6287,0.777204
12278,0.9531,7.8683,4.404,2.3399,15.5653,0.752321
12279,0.9516,7.8382,4.3493,2.3576,15.4967,0.620907
12280,0.9731,7.7362,4.4261,2.3103,15.4456,0.74676
12281,0.9229,7.9263,4.4366,2.3108,15.5966,0.609772
12282,0.9674,7.7915,4.3917,2.2936,15.4441,0.27718
12283,1.0077,7.7976,4.3659,2.3132,15.4844,0.425731
12284,0.9612,7.8119,4.3808,2.3317,15.4855,0.486825
12285,0.925,7.8788,4.4531,2.337,15.594,0.61327
12286,0.952,7.867,4.3869,2.3188,15.5247,0.600896
12287,0.9651,7.8503,4.3519,2.3425,15.5097,0.551434
12288,0.9364,7.796,4.4421,2.3464,15.521,0.628759
12289,0.9158,7.9109,4.3621,2.3391,15.5278,0.630072
12290,0.9565,7.8265,4.4432,2.3213,15.5476,0.530379
12291,0.9945,7.8741,4.5304,2.3007,15.6997,0.515004
12292,0.998,7.8813,4.3929,2.3034,15.5755,0.60823
12293,0.9544,7.7716,4.4415,2.3032,15.4707,0.808973
12294,0.931,8.2086,4.4317,2.3116,15.8828,0.695277
12295,0.9781,7.7957,4.378,2.3353,15.4871,0.676402
12296,0.9568,7.858,4.4434,2.3499,15.6081,0.660709
12297,0.8972,7.8286,4.3781,2.3444,15.4482,0.683331
12298,0.9668,7.7919,4.388,2.34,15.4867,0.57562
12299,0.9821,7.875,4.3805,2.353,15.5905,0.671031
12300,0.968,7.7863,4.4026,2.3408,15.4976,0.651107
12301,0.9218,7.8829,4.4034,2.3105,15.5185,0.381918
12302,0.975,7.8775,4.4366,2.2891,15.5783,0.369336
12303,0.9968,7.8387,4.397,2.2992,15.5318,0.465666
12304,0.9635,7.8521,4.4301,2.3204,15.5662,0.521378
12305,0.8973,7.8961,4.4186,2.3495,15.5615,0.342506
12306,0.9587,7.8231,4.411,2.3485,15.5413,0.280298
12307,0.9658,7.85,4.3656,2.323,15.5044,0.341035
12308,0.9672,7.8186,4.3787,2.3407,15.5052,0.571467
12309,0.9182,7.8277,4.4001,2.3382,15.4842,0.689056
12310,0.9208,7.7677,4.435,2.2978,15.4214,0.707631
12311,1.0042,7.8501,4.5012,2.3097,15.6653,0.582973
12312,0.9715,7.7819,4.5077,2.3111,15.5722,0.635554
12313,0.9566,7.8566,4.3853,2.3104,15.5089,0.593207
12314,0.9485,7.9181,4.4456,2.3124,15.6246,0.607623
12315,0.9572,7.8704,4.3989,2.3213,15.5479,0.481965
12316,0.9469,7.7862,4.3812,2.3283,15.4426,0.409408
12317,0.925,7.8886,4.4754,2.3222,15.6111,0.578841
12318,0.9527,7.8537,4.464,2.3312,15.6015,0.44174
12319,0.9737,7.8517,4.4325,2.333,15.591,0.621129
12320,0.9629,8.2903,4.3908,2.3413,15.9853,0.627631
12321,0.9048,7.876,4.4682,2.3383,15.5873,0.601619
12322,0.9539,7.769,4.552,2.3118,15.5866,0.810152
12323,0.9935,7.8165,4.4155,2.3184,15.544,0.795196
12324,0.9862,7.8987,4.4549,2.3144,15.6542,0.750476
12325,0.9219,7.8144,4.4902,2.299,15.5255,0.604944
12326,0.9217,7.8109,4.4228,2.3373,15.4928,0.830862
12327,0.9727,7.9268,4.3848,2.3272,15.6115,0.818823
12328,0.9758,7.7631,4.3641,2.3325,15.4355,0.755271
12329,0.9137,7.8417,4.4426,2.3447,15.5427,0.675039
12330,0.9291,7.7728,4.3806,2.3452,15.4277,0.506456
12331,0.9702,7.8511,4.4968,2.3758,15.6939,0.648812
12332,0.9294,7.8281,4.4335,2.3106,15.5016,0.666596
12333,0.9223,7.8283,4.3751,2.3105,15.4363,0.779639
12334,0.9889,7.8907,4.3087,2.3022,15.4904,0.766365
12335,0.9705,7.9519,4.3525,2.3125,15.5874,0.560132
12336,0.938,7.7622,4.3275,2.3275,15.3552,0.526178
12337,0.9146,7.8077,4.3948,2.3359,15.453,0.509428
12338,0.9559,7.813,4.5457,2.3439,15.6585,0.39495
12339,0.9538,7.9177,4.4726,2.3382,15.6822,0.707373
12340,0.9746,7.7849,4.467,2.3303,15.5568,0.501051
12341,0.9225,7.9109,4.4387,2.3337,15.6058,0.424203
12342,0.9538,7.8489,4.4424,2.2884,15.5335,0.540285
12343,0.9807,7.8118,4.3857,2.3026,15.4808,0.47491
12344,1.0124,7.8018,4.4535,2.3005,15.5684,0.319081
12345,0.9221,7.8833,4.4433,2.3079,15.5566,0.422878
12346,0.9645,7.8938,4.3691,2.345,15.5725,0.470259
12347,0.9456,8.165,4.336,2.3271,15.7737,0.588387
12348,0.9383,7.7667,4.3995,2.3302,15.4347,0.545912
12349,0.9322,7.9371,4.3337,2.3236,15.5266,0.361975
12350,0.975,7.7782,4.3408,2.3565,15.4506,0.389339
12351,0.9346,7.8339,4.4295,2.3205,15.5185,0.385121
12352,0.9456,7.7654,4.4567,3.5794,16.7471,0.325852
12353,0.9199,7.9337,4.4003,2.3308,15.5847,0.34586
12354,0.9656,7.7818,4.3409,2.3091,15.3974,0.309793
12355,0.9669,7.8273,4.3828,2.318,15.495,0.288368
12356,0.9955,7.8143,4.3212,2.3059,15.437,0.271881
12357,0.9479,7.8744,4.4095,2.3138,15.5456,0.225903
12358,0.9516,7.8321,4.3913,2.3289,15.5039,0.191514
12359,0.9736,7.864,4.3882,2.3209,15.5467,0.175271
12360,0.9286,7.8164,4.3732,2.3521,15.4704,0.197064
12361,0.9134,7.8082,4.3754,2.344,15.441,0.13369
12362,0.9537,7.8757,4.375,2.3541,15.5586,0.422616
12363,0.9725,7.8432,4.3711,2.3046,15.4914,0.486289
12364,0.9398,7.7572,4.3765,2.31,15.3835,0.435764
12365,0.9497,7.899,4.4209,2.3075,15.5771,0.362162
12366,0.9818,7.788,4.4121,2.3207,15.5027,0.202186
12367,0.9649,7.934,4.3727,2.318,15.5896,0.185764
12368,0.9436,7.772,4.4181,2.3378,15.4714,0.223999
12369,0.9406,7.9421,4.4026,2.3422,15.6276,0.289543
12370,0.9505,7.8049,4.4316,2.3453,15.5322,0.278615
12371,0.9648,7.9855,4.4086,2.3264,15.6853,0.174484
12372,0.9751,7.7568,4.3587,2.3429,15.4334,0.137419
12373,0.8909,8.1433,4.4749,2.374,15.8831,0.157507
12374,0.9536,7.8204,4.4379,2.3204,15.5322,0.104616
12375,1.0027,7.874,4.4382,2.3057,15.6206,0.085769
12376,0.9876,7.819,4.3492,2.3217,15.4775,0.25805
12377,0.9271,7.8299,4.3869,2.3105,15.4543,0.079229
12378,0.9621,7.8364,4.3818,2.3353,15.5157,0.096513
12379,0.9608,7.8627,4.3481,2.3524,15.5239,0.066058
12380,0.9433,7.8144,4.3255,2.3254,15.4087,0.098974
12381,0.8973,7.7837,4.4702,2.3336,15.4849,0.034047
12382,0.9475,7.7342,4.305,2.3306,15.3173,0.096488
12383,0.9766,7.7897,4.3428,2.3226,15.4317,0.059141
12384,1.007,7.7948,4.3372,2.3054,15.4444,0.076172
12385,0.9448,7.7705,4.3356,2.3061,15.3571,0.100787
12386,0.9259,7.7876,4.3197,2.3416,15.3749,0.103804
12387,0.9832,7.7768,4.3509,2.3427,15.4535,0.081125
12388,0.9394,7.7334,4.2948,2.3615,15.3291,0.059282
12389,0.9134,7.8664,4.3263,2.3481,15.4542,0.031436
12390,0.9568,7.8067,4.3061,2.3039,15.3735,0.040484
12391,1.0001,7.8402,4.3102,2.3134,15.4639,0.047444
12392,0.9739,7.7707,4.3112,2.3037,15.3595,0.035521
12393,0.9073,7.8176,4.3263,2.3385,15.3897,0.029583
12394,0.9663,7.7991,4.3078,2.3407,15.4138,0.037363
12395,0.9685,7.9263,4.3576,2.3302,15.5826,0.047716
12396,0.9355,7.8435,4.4973,2.5688,15.8451,0.069972
12397,0.9575,8.0784,4.3434,2.3473,15.7266,0.096331
12398,0.9361,7.8847,4.353,2.3751,15.5489,0.095628
12399,0.9752,7.7916,4.2995,2.3164,15.3828,0.135107
12400,0.9961,8.1128,4.3645,2.3116,15.785,0.12978
12401,0.9509,7.8919,4.3268,2.3128,15.4823,0.142236
12402,0.9848,7.7653,4.3483,2.3067,15.405,0.127162
12403,0.973,7.8887,4.3468,2.2999,15.5084,0.113705
12404,0.9642,7.8844,4.2993,2.3269,15.4747,0.083708
12405,0.8953,7.868,4.5729,2.3328,15.669,0.988622
12406,0.948,7.7488,4.2682,2.3346,15.2996,0.999999
12407,0.9725,7.9359,4.3071,2.3511,15.5664,0.999999
12408,0.9695,7.9077,4.2817,2.3457,15.5045,0.999985
12409,0.9063,7.8063,4.418,2.299,15.4297,0.999709
12410,0.9951,7.813,4.3462,2.3092,15.4636,0.995399
12411,1.0325,7.8484,4.2901,2.2988,15.4698,0.927515
12412,0.9683,7.8931,4.3045,2.3496,15.5155,0.876879
12413,0.8906,7.84,4.3191,2.3368,15.3866,0.88855
12414,0.9354,7.9176,4.3253,2.3443,15.5226,0.840446
12415,0.9724,7.8418,4.3512,2.3477,15.5132,0.819168
12416,0.9583,7.8151,4.3263,2.3501,15.4498,0.531012
12417,0.899,7.8437,4.3542,2.309,15.4058,0.442923
12418,0.9602,7.8966,4.3336,2.3165,15.5068,0.472632
12419,1.0027,7.8121,4.3681,2.3129,15.4959,0.421497
12420,0.978,7.8492,4.3336,2.3065,15.4673,0.437032
12421,0.9047,7.933,4.3307,2.3284,15.4968,0.410408
12422,0.9317,7.8914,4.3589,2.345,15.527,0.466956
12423,0.9633,7.8807,4.3468,2.3627,15.5534,0.462855
12424,0.9475,7.7552,4.4141,2.3479,15.4648,0.581349
12425,0.9046,7.8774,4.3255,2.3413,15.4488,0.586396
12426,0.965,8.1344,4.3504,2.3614,15.8111,0.509032
12427,0.9631,7.7794,4.3649,2.3072,15.4146,0.500953
12428,0.9652,7.7602,4.3951,2.3177,15.4383,0.455901
12429,0.9062,7.8848,4.4131,2.311,15.5152,0.472988
12430,0.9543,7.9077,4.3994,2.3269,15.5883,0.577701
12431,0.988,7.7573,4.3264,2.3065,15.3781,0.560943
12432,0.9421,7.8086,4.3781,2.3238,15.4526,0.563285
12433,0.9112,7.7813,4.3496,2.3425,15.3846,0.665553
12434,0.9451,7.7919,4.3428,2.3314,15.4112,0.618828
12435,0.9565,7.8368,4.3396,2.2918,15.4247,0.600118
12436,1.0131,7.8588,4.3695,2.3233,15.5648,0.583053
12437,0.9192,7.9374,4.3221,2.3235,15.5022,0.662439
12438,0.9493,7.8881,4.3259,2.3349,15.4982,0.674092
12439,0.9744,7.8206,4.3341,2.3328,15.4619,0.532339
12440,0.9463,7.8015,4.3218,2.3342,15.4038,0.679472
12441,0.8981,7.9072,4.3745,2.3617,15.5416,0.635326
12442,0.9562,7.8196,4.3276,2.3283,15.4316,0.996554
12443,0.9638,7.8253,4.2705,2.3056,15.3652,1.0
12444,0.9612,7.7729,4.2688,2.3081,15.3111,0.999999
12445,0.9205,7.8087,4.3568,2.314,15.4,0.999999
12446,0.95,7.8534,4.7251,2.3127,15.8413,0.999987
12447,0.9713,7.8633,4.3115,2.325,15.4711,0.999937
12448,0.9693,7.7267,4.3151,2.3214,15.3325,0.999383
12449,0.9325,7.8014,4.3397,2.3287,15.4023,0.998854
12450,0.9342,7.8025,4.3272,2.3477,15.4116,0.995661
12451,0.9696,7.8048,4.3353,2.3031,15.4128,0.808663
12452,0.973,7.782,4.338,2.3095,15.4024,0.777201
12453,0.9145,8.1721,4.328,2.3214,15.736,0.735442
12454,0.9777,7.7853,4.3126,2.3049,15.3806,0.722816
12455,0.9597,7.876,4.325,2.3391,15.4998,0.478241
12456,0.9433,7.7774,4.3212,2.3339,15.3758,0.256642
12457,0.9144,7.8272,4.3288,2.3553,15.4257,0.260718
12458,0.9519,7.8268,4.3293,2.3449,15.4529,0.534172
12459,0.9661,7.8952,4.305,2.3179,15.4841,0.215381
12460,0.9474,7.8089,4.3087,2.3198,15.3848,0.348301
12461,0.9506,7.8197,4.3526,2.3137,15.4366,0.393771
12462,0.9355,7.8364,4.3331,2.2998,15.4048,0.340633
12463,0.9685,7.9115,4.3245,2.3302,15.5348,0.284679
12464,0.9663,7.7513,4.3074,2.3289,15.354,0.21579
12465,0.9208,7.8681,4.3565,2.3405,15.4859,0.186568
12466,0.9463,7.8054,4.3333,2.3441,15.4291,0.324766
12467,0.9555,7.7623,4.5234,2.3192,15.5604,0.274789
12468,0.9763,7.8106,4.3988,2.3024,15.4882,0.293851
12469,0.9325,7.835,4.3903,2.3152,15.473,0.359284
12470,0.9994,7.9506,4.349,2.3066,15.6056,0.317797
12471,0.9786,7.8757,4.3252,2.3334,15.5129,0.32684
12472,0.9361,7.7776,4.3063,2.334,15.3541,0.339845
12473,0.9032,7.8416,4.3712,2.3374,15.4535,0.350487
12474,0.9627,7.8233,4.3582,2.3337,15.4778,0.298996
12475,0.9792,7.843,4.3245,2.3603,15.5069,0.164669
12476,0.9331,7.8059,4.3946,2.3191,15.4527,0.15831
12477,0.9474,8.2197,4.3832,2.3135,15.8638,0.135705
12478,0.9912,7.8094,4.3285,2.3131,15.4422,0.162372
12479,1.0149,8.15,4.3352,2.3064,15.8064,0.177336
12480,0.9714,7.7991,4.4043,2.3184,15.4932,0.18237
12481,0.8953,7.7854,4.4061,2.3278,15.4146,0.182618
12482,0.9669,7.8097,4.293,2.3197,15.3893,0.244235
12483,0.9792,7.8234,4.3173,2.3546,15.4745,0.29872
12484,0.9459,7.818,4.3463,2.3511,15.4613,0.289223
12485,0.9229,7.8112,4.319,2.3459,15.399,0.324758
12486,0.9425,7.7387,4.3135,2.3,15.2947,0.215265
12487,0.9861,7.7549,4.308,2.3126,15.3616,0.227894
12488,0.963,7.7324,4.3873,2.3179,15.4006,0.277743
12489,0.8998,7.899,4.4201,2.3329,15.5518,0.233196
12490,0.9593,7.8287,4.3571,2.3458,15.4909,0.260214
12491,0.9684,7.9006,4.3354,2.3372,15.5416,0.291729
12492,0.9353,7.7655,4.3926,2.338,15.4314,0.178219
12493,0.8943,7.8027,4.4047,2.3426,15.4442,0.239967
12494,0.9546,7.8227,4.3918,2.3135,15.4826,0.253826
12495,0.9804,7.8182,4.3491,2.305,15.4527,0.235461
12496,1.0137,7.7551,4.4533,2.3068,15.5288,0.211774
12497,0.9023,7.8287,4.4292,2.3345,15.4948,0.281038
12498,0.9631,7.8252,4.3514,2.3232,15.4629,0.232294
12499,0.9611,7.8721,4.3588,2.346,15.5379,0.191018
12500,0.9498,7.7563,4.3621,2.3396,15.4078,0.112035
12501,0.9305,7.9285,4.3452,2.3386,15.5428,0.110828
12502,0.9249,7.7145,4.3982,2.306,15.3436,0.097375
12503,0.9736,7.8296,4.336,2.3009,15.4401,0.05353
12504,0.969,7.769,4.382,2.3073,15.4274,0.041417
12505,0.9356,7.9158,4.4019,2.2937,15.547,0.0517
12506,0.9296,8.1257,4.3864,2.3397,15.7814,0.043214
12507,0.9467,7.8725,4.3189,2.3207,15.4588,0.055975
12508,0.9467,7.7801,4.3148,2.3295,15.3712,0.116745
12509,0.9185,7.85,4.3593,2.3509,15.4787,0.121092
12510,0.9246,7.8001,4.3885,3.2566,16.3697,0.112404
12511,0.9699,7.8711,4.4557,2.3591,15.6558,0.078252
12512,0.9644,7.8327,4.3414,2.3424,15.4809,0.097336
12513,0.9661,7.8081,4.3384,2.3151,15.4277,0.074337
12514,0.9464,7.7289,4.4172,2.3146,15.4071,0.142767
12515,0.9311,7.7138,4.4455,2.3368,15.4272,0.113197
12516,0.9476,7.7576,4.3236,2.3338,15.3627,0.139325
12517,0.9774,7.7803,4.3532,2.3345,15.4454,0.203964
12518,0.9661,7.7647,4.311,2.3247,15.3665,0.159427
12519,0.9053,7.7773,4.2864,2.3399,15.3088,0.067737
12520,0.9667,7.6812,4.3941,2.2934,15.3354,0.067935
12521,0.9977,7.8789,4.4285,2.3069,15.612,0.063347
12522,1.0024,7.6477,4.3332,2.3068,15.2901,0.066969
12523,0.9242,7.8555,4.3097,2.3029,15.3923,0.066799
12524,0.9353,7.7286,4.3429,2.3355,15.3424,0.097585
12525,0.9393,7.8082,4.3215,2.6059,15.6749,0.087585
12526,1.1227,8.3133,4.3538,2.3274,16.1172,0.088201
12527,0.9239,7.8603,4.3461,2.3328,15.4631,0.112816
12528,0.9579,7.7189,4.3532,2.3381,15.368,0.0656
12529,0.98,7.7652,4.3087,2.3526,15.4064,0.053572
12530,0.9502,7.7623,4.3488,2.3215,15.3827,0.065243
12531,0.928,7.826,4.3557,2.3077,15.4174,0.072857
12532,1.0036,8.1012,4.3346,2.321,15.7606,0.072341
12533,0.9512,7.779,4.3631,2.3387,15.432,0.096213
12534,0.9536,7.8422,4.32,2.3407,15.4565,0.10373
12535,0.9331,7.819,4.3079,2.3339,15.394,0.999237
12536,0.9367,7.6967,4.2703,2.3539,15.2577,0.999997
12537,0.9484,7.7779,4.2977,2.2989,15.3229,0.999997
12538,0.9793,7.7634,4.3042,2.3021,15.3491,0.999981
12539,0.9458,7.8683,4.3555,2.3052,15.4748,0.999919
12540,0.9834,7.8015,4.3681,2.3059,15.4589,0.999878
12541,0.9846,7.7638,4.3261,2.3315,15.406,0.997159
12542,0.9795,7.671,4.3273,2.339,15.3168,0.984443
12543,0.9135,7.8189,4.3572,2.3439,15.4335,0.971236
12544,0.9699,7.7068,4.4454,2.3333,15.4554,0.847445
12545,0.9556,7.8129,4.4053,2.3013,15.4751,0.571717
12546,0.9924,7.6748,4.316,2.3038,15.287,0.506437
12547,0.9642,7.8287,4.3981,2.3065,15.4975,0.443333
12548,0.9737,7.7193,4.3935,2.3327,15.4192,0.395317
12549,0.9691,7.7524,4.3109,2.323,15.3554,0.323264
12550,0.9823,7.651,4.3244,2.3386,15.2963,0.389096
12551,0.9099,7.7974,4.3808,2.3518,15.4399,0.406275
12552,0.9747,7.7559,4.343,2.3041,15.3778,0.31876
12553,1.0042,7.8168,4.3938,2.2972,15.512,0.301297
12554,1.0075,7.7199,4.309,2.3083,15.3446,0.161369
12555,0.9104,8.2452,4.3342,2.3192,15.8089,0.111087
12556,0.9384,7.7904,4.3503,2.3347,15.4138,0.117352
12557,0.9326,7.7273,4.3467,2.3468,15.3534,0.111366
12558,0.9727,7.6749,4.3896,2.3433,15.3806,0.101845
12559,0.9221,8.1998,4.348,2.3543,15.8241,0.097174
12560,0.9686,7.7473,4.3863,2.3424,15.4446,0.158915
12561,0.9849,7.8891,4.354,2.3213,15.5493,0.113842
12562,0.9396,7.6565,4.408,2.3122,15.3163,0.14916
12563,0.951,7.789,4.3797,2.3113,15.431,0.221683
12564,0.9707,7.8009,4.3913,2.3062,15.4692,0.29451
12565,0.9811,7.7526,4.3284,2.3276,15.3898,0.309389
12566,0.9425,7.7085,4.3952,2.3319,15.3781,0.310602
12567,0.9321,7.8188,4.3845,2.3567,15.4921,0.300872
12568,0.9712,7.6943,4.3998,2.342,15.4074,0.190657
12569,0.9894,7.734,4.4381,2.3044,15.466,0.178793
12570,0.9932,7.6952,4.4036,2.3106,15.4026,0.196799
12571,0.9521,7.829,4.4512,2.3023,15.5346,0.272975
12572,0.9695,7.6938,4.3849,2.3268,15.3749,0.305075
12573,0.968,7.7553,4.3978,2.3077,15.4289,0.25554
12574,0.9496,7.6331,4.3277,2.327,15.2374,0.233894
12575,0.9151,8.357,4.3589,2.3394,15.9705,0.270273
12576,0.9766,7.7295,4.4574,2.3479,15.5114,0.270491
12577,0.9468,7.6769,4.403,2.3285,15.3552,0.228895
12578,0.9711,7.7024,4.3562,2.3065,15.3363,0.195608
12579,0.9521,8.5154,4.3674,2.3269,16.1618,0.174527
12580,0.9985,7.6996,4.3698,2.3077,15.3757,0.174101
12581,0.987,7.7587,4.3874,2.3078,15.441,0.183109
12582,0.9655,7.7542,4.3394,2.3252,15.3842,0.185721
12583,0.9179,7.7883,4.3418,2.3488,15.3968,0.154201
12584,0.9374,7.6812,4.3802,2.3514,15.3502,0.157661
12585,0.9391,8.1031,4.3976,2.3485,15.7883,0.138164
12586,0.9809,7.7111,4.39,2.3446,15.4266,0.156768
12587,0.9134,8.4034,4.4692,2.3312,16.1172,0.135238
12588,0.9713,7.6709,4.3838,2.3198,15.3459,0.120891
12589,1.0191,7.7451,4.37,2.3137,15.4479,0.143955
12590,1.0068,7.7191,4.5153,2.3022,15.5434,0.145047
12591,0.9239,7.7523,4.4512,2.3198,15.4472,0.140898
12592,0.9707,7.7487,4.4255,2.3249,15.4698,0.150989
12593,0.9711,7.8196,4.4209,2.3327,15.5442,0.148348
12594,0.9498,7.6984,4.3999,2.3558,15.4039,0.133097
12595,0.9119,7.788,4.411,2.3478,15.4587,0.177755
12596,0.9748,7.6825,4.408,2.3052,15.3705,0.177509
12597,1.0034,7.768,4.3517,2.3045,15.4275,0.146428
12598,0.9854,7.691,4.3378,2.3702,15.3844,0.060028
12599,0.919,7.8399,4.4176,2.3096,15.486,0.077116
12600,0.9695,7.7511,4.4088,2.3377,15.467,0.111451
12601,0.9708,7.7726,4.3876,2.3344,15.4655,0.262169
12602,0.9547,7.6928,4.3661,2.355,15.3685,0.272645
12603,0.9237,7.8811,4.4022,2.3401,15.5472,0.349638
12604,0.9748,7.7473,4.3932,2.318,15.4334,0.199011
12605,0.9957,7.8581,4.3999,2.3106,15.5643,0.193138
12606,0.9705,7.721,4.4612,2.3055,15.4583,0.205081
12607,0.9661,7.7241,4.4217,2.3035,15.4154,0.165668
12608,0.9858,7.7972,4.4328,2.3386,15.5545,0.063242
12609,0.9749,7.7447,4.4192,2.3274,15.4661,0.110327
12610,0.946,7.7427,4.4371,2.3549,15.4807,0.095884
12611,0.9102,7.8212,4.4151,2.3451,15.4917,0.034675
12612,0.9605,8.081,4.422,2.3359,15.7994,0.056741
12613,0.9743,7.7275,4.4544,2.3532,15.5094,0.058608
12614,0.9691,7.6754,4.4418,2.3061,15.3924,0.058292
12615,0.9257,7.7991,4.4843,2.3118,15.5209,0.060695
12616,1.0067,7.7473,4.413,2.3055,15.4726,0.050497
12617,0.9806,7.7929,4.3667,2.3245,15.4648,0.048156
12618,0.9364,7.6926,4.4046,2.3265,15.3601,0.041976
12619,0.911,7.7711,4.4147,2.3474,15.4442,0.034421
12620,0.9614,7.7095,4.4204,2.3706,15.462,0.051234
12621,0.9421,7.809,4.4315,2.3487,15.5312,0.056479
12622,0.9439,7.7226,4.3844,2.3118,15.3627,0.060001
12623,0.946,7.7552,4.3644,2.3093,15.3748,0.075499
12624,1.0007,7.7663,4.4143,2.3078,15.4892,0.049975
12625,0.9543,7.8164,4.416,2.3255,15.5121,0.050831
12626,0.9507,7.6929,4.4404,2.3206,15.4046,0.002842
12627,0.9269,7.9563,4.4193,2.3229,15.6254,0.002897
12628,0.977,7.7597,4.4445,2.3641,15.5452,0.003102
12629,0.9468,7.8205,4.3576,2.3403,15.4652,0.036321
12630,0.9466,7.6603,4.3883,2.3148,15.31,0.040642
12631,0.9608,7.7854,4.4896,2.301,15.5367,0.032773
12632,0.9775,7.7553,4.3999,2.3196,15.4523,0.001469
12633,0.9623,7.7786,4.4215,2.3035,15.466,0.002116
12634,1.0297,7.6611,4.4757,2.3181,15.4846,0.00213
12635,0.9341,7.8543,4.3924,2.3356,15.5164,0.002753
12636,0.9659,7.7153,4.4354,2.3397,15.4563,0.003127
12637,0.943,7.7888,4.3868,2.3378,15.4563,0.002617
12638,0.9351,8.1901,4.4237,2.3418,15.8907,0.050829
12639,0.9296,7.8851,4.3871,2.355,15.5567,0.05919
12640,0.9792,7.7496,4.389,2.3086,15.4264,0.051582
12641,0.9756,7.7348,4.3897,2.3204,15.4205,0.049252
12642,0.9542,7.7533,4.4001,2.3176,15.4253,0.069613
12643,0.928,7.8233,4.4081,2.3446,15.504,0.055081
12644,0.9665,7.7506,4.3176,2.3324,15.3671,0.040335
12645,0.9652,7.7462,4.4147,2.3345,15.4606,0.054143
12646,0.9454,7.6607,4.3828,2.3348,15.3237,0.040254
12647,0.9118,7.8299,4.484,2.3399,15.5656,0.045756
12648,0.9755,7.7169,6.4702,2.3166,17.4792,0.062834
12649,0.9669,7.7841,4.411,2.322,15.4841,0.066887
12650,0.9665,7.6541,4.3432,2.3555,15.3193,0.086588
12651,0.897,7.829,4.5023,2.3528,15.5811,0.097866
12652,0.9816,7.7951,4.4225,2.3089,15.5081,0.080022
12653,1.0076,7.796,4.3728,2.3115,15.488,0.113379
12654,1.0096,7.7264,4.4152,2.3119,15.4631,0.004811
12655,0.8974,8.3079,4.402,2.3166,15.9239,0.095262
12656,0.9801,7.7353,4.4693,2.3135,15.4982,0.12222
12657,0.9428,7.8234,4.4522,2.3276,15.5459,0.133039
12658,0.9443,7.7208,4.4253,2.3379,15.4283,0.112274
12659,0.9224,7.8538,4.3741,2.3409,15.4912,0.075983
12660,0.9736,7.753,4.4476,2.3748,15.5491,0.12017
12661,0.9577,7.7139,4.3977,2.3113,15.3805,0.132037
12662,0.9505,7.8417,4.4499,2.309,15.5512,0.159079
12663,0.9864,8.0089,4.4062,2.3023,15.7038,0.190507
12664,1.0039,7.7406,4.4094,2.3047,15.4586,0.148429
12665,0.9543,8.1332,4.3406,2.3159,15.744,0.154881
12666,0.9392,7.7045,4.4036,2.3907,15.4379,0.110656
12667,0.9219,7.86,4.405,2.3233,15.5101,0.087458
12668,0.9671,7.7988,4.3657,2.322,15.4536,0.058412
12669,0.9495,7.9034,4.4466,2.342,15.6416,0.065732
12670,0.9422,7.7071,4.4156,2.352,15.417,0.092002
12671,0.9345,7.8072,4.4864,2.34,15.5681,0.07433
12672,0.9702,7.6949,4.4071,2.3147,15.3867,0.087535
12673,1.0181,7.7714,4.406,2.3082,15.5037,0.093744
12674,1.0005,7.7382,4.4439,2.3157,15.4983,0.092788
12675,0.9179,7.7921,4.4525,2.3322,15.4946,0.112185
12676,0.9684,7.8645,4.4412,2.3171,15.5913,0.147004
12677,0.984,7.7915,4.4544,2.3281,15.5579,0.119196
12678,0.9388,7.6883,4.3915,2.3342,15.3528,0.147777
12679,0.9142,7.8393,4.4163,2.3412,15.511,0.195439
12680,0.9503,7.7356,4.4341,2.297,15.417,0.143454
12681,0.9756,7.8286,4.382,2.2925,15.4786,0.157234
12682,0.9779,7.718,4.4326,2.3085,15.437,0.120711
12683,0.9148,7.8538,4.4318,2.3131,15.5135,0.072413
12684,0.9689,7.8896,4.4212,2.3375,15.6173,0.118573
12685,0.9454,7.7562,4.3667,2.3301,15.3985,0.132596
12686,0.9438,7.6938,4.3932,2.3376,15.3684,0.134684
12687,0.9163,7.7625,4.4195,2.3594,15.4576,0.157811
12688,0.9542,7.8106,4.4316,2.3367,15.5331,0.134891
12689,0.9692,7.7935,4.3787,2.3108,15.4523,0.143639
12690,1.0042,7.7063,4.4582,2.3045,15.4732,0.18302
12691,0.9357,8.7061,4.4576,2.3186,16.4179,0.097053
12692,1.0059,7.7699,4.4315,2.302,15.5093,0.080494
12693,1.0035,7.8175,4.4816,2.312,15.6146,0.130253
12694,0.9443,7.6899,4.3757,2.3284,15.3383,0.215064
12695,0.9365,7.845,4.4252,2.3309,15.5376,0.086148
12696,0.956,7.8184,4.4338,2.3272,15.5354,0.110638
12697,0.9417,7.6971,4.3635,2.3207,15.3231,0.129886
12698,0.9457,7.6455,4.433,2.3315,15.3556,0.121139
12699,0.9203,7.9341,4.5028,2.3099,15.6671,0.122789
12700,1.0032,7.7752,4.4378,2.3146,15.5308,0.116862
12701,1.0227,7.7184,4.4068,2.2994,15.4473,0.12705
12702,0.9884,7.7198,4.4388,2.3111,15.4581,0.119134
12703,0.9021,7.8167,4.4138,2.3301,15.4626,0.168591
12704,0.979,7.8017,4.4957,2.3236,15.6,0.092934
12705,0.9707,7.8601,4.4242,2.3431,15.598,0.117016
12706,0.9782,7.7462,4.4399,2.3258,15.4901,0.105807
12707,0.9014,7.8196,4.4035,2.3454,15.4699,0.089003
12708,0.9714,7.8424,4.4177,2.3375,15.5689,0.10836
12709,0.9854,7.9314,4.4127,2.3119,15.6414,0.097791
12710,0.9915,7.7141,4.463,2.3096,15.4782,0.108343
12711,0.9274,7.7483,4.465,2.304,15.4447,0.115849
12712,0.9655,7.7558,4.4047,2.3247,15.4506,0.074258
12713,0.9742,7.769,4.3859,2.3262,15.4554,0.065046
12714,0.9787,7.6961,4.3778,2.3677,15.4202,0.038768
12715,0.9121,7.7921,4.4062,2.3424,15.4527,0.072201
12716,0.9685,7.7565,4.4114,2.3399,15.4764,0.060696
12717,0.9675,8.2419,4.4311,2.3425,15.9831,0.08146
12718,0.9761,7.7786,4.4145,2.3068,15.4761,0.01459
12719,0.9454,7.8192,4.3714,2.306,15.4419,0.012543
12720,0.9937,7.7969,4.4229,2.3037,15.5173,0.014945
12721,0.9776,7.7861,4.3798,2.2991,15.4425,0.011392
12722,0.9702,7.7156,4.3498,2.3349,15.3705,0.011951
12723,0.9069,7.8107,4.4927,2.32,15.5304,0.016292
12724,0.9676,7.7857,4.4266,2.3464,15.5263,0.02369
12725,0.9785,7.8591,4.4672,2.3548,15.6597,0.016636
12726,0.9732,7.7794,4.4085,2.3602,15.5213,0.017065
12727,0.9035,8.1315,4.5063,2.3292,15.8705,0.019962
12728,0.9712,7.8333,4.4628,2.3254,15.5927,0.014568
12729,1.0089,7.79,4.3929,2.3259,15.5177,0.017785
12730,0.9999,7.751,4.4528,2.3022,15.5059,0.014898
12731,0.8992,7.8422,4.4051,2.3108,15.4573,0.013471
12732,0.967,7.7972,4.4398,2.338,15.542,0.01072
12733,0.9689,7.7316,4.4239,2.3219,15.4463,0.063773
12734,0.9623,7.668,4.4217,2.3451,15.3971,0.059754
12735,0.9208,7.7736,4.4232,2.3452,15.4628,0.051036
12736,0.9397,7.7271,4.3928,2.3461,15.4057,0.050019
12737,0.9817,7.7694,4.3908,2.3042,15.4461,0.048703
12738,1.0096,7.7842,4.4852,2.3269,15.6059,0.049398
12739,0.9498,7.697,4.4806,2.3186,15.446,0.054076
12740,0.9678,7.7876,4.3801,2.3371,15.4726,0.050151
12741,0.9695,7.8017,4.4601,2.35,15.5812,0.048908
12742,0.9481,7.7014,4.4324,2.3269,15.4088,0.054389
12743,0.9054,7.8253,4.3693,2.3515,15.4514,0.0619
12744,0.9778,8.0398,4.4104,2.33,15.758,0.058356
12745,0.942,7.7947,4.3266,2.3406,15.4039,0.053842
12746,0.9414,7.7343,4.4154,2.3187,15.4098,0.013028
12747,0.9546,7.8493,4.4811,2.3124,15.5975,0.015196
12748,1.0075,7.7527,4.4012,2.3074,15.4689,0.014067
12749,0.9421,7.7821,4.3764,2.3171,15.4177,0.028024
12750,0.9382,7.7209,4.4019,2.3377,15.3986,0.998712
12751,0.9184,7.8529,4.4076,2.3404,15.5193,0.999999
12752,0.9646,7.8082,4.3214,2.3374,15.4316,0.999999
12753,0.9448,7.719,4.29,2.3354,15.2891,0.999998
12754,0.9662,7.6609,4.3303,2.3095,15.267,0.999998
12755,0.9567,7.7992,4.3868,2.3158,15.4585,0.999998
12756,0.9398,7.7803,4.2926,2.324,15.3367,0.999997
12757,0.9928,7.8334,4.3304,2.328,15.4846,0.999995
12758,0.9807,7.7429,4.3038,2.3332,15.3606,0.999995
12759,0.9339,8.2884,4.3369,2.3309,15.8902,0.999994
12760,0.9722,7.771,4.3199,2.3384,15.4016,0.999995
12761,0.9777,7.8005,4.3238,2.3423,15.4443,0.999996
12762,0.9656,7.8567,4.3226,2.313,15.4579,0.999995
12763,0.9779,7.8459,4.3333,2.3123,15.4694,0.999997
12764,0.9389,10.8228,4.2867,2.3266,18.3751,0.999996
12765,0.9179,7.8769,4.3064,2.3507,15.4519,0.999995
12766,0.9497,7.8408,4.3006,2.3513,15.4424,0.999998
12767,0.9724,7.8328,4.3321,2.3529,15.4903,0.999987
12768,0.9355,7.8108,4.3319,2.3089,15.3871,0.99997
12769,0.9546,7.825,4.3845,2.3124,15.4764,0.999593
12770,0.9868,8.146,4.456,2.314,15.9028,0.993347
12771,0.9928,7.8428,4.349,2.3147,15.4993,0.795851
12772,0.9307,7.8092,4.4157,2.3296,15.4853,0.665039
12773,0.9332,7.9144,4.3991,2.3421,15.5888,0.034987
12774,0.9589,7.8201,4.4318,2.3613,15.572,0.03056
12775,0.9707,7.8084,4.4857,2.3299,15.5948,0.033615
12776,0.937,7.7743,4.3626,2.3423,15.4162,0.03096
12777,0.9312,7.8001,4.3865,2.3404,15.4582,0.022814
12778,0.9694,7.799,4.4224,2.3065,15.4974,0.045096
12779,0.9896,7.848,4.4684,2.2973,15.6033,0.035078
12780,0.9992,7.7508,4.3651,2.3039,15.419,0.039985
12781,0.909,7.8765,4.3734,2.294,15.4529,0.065755
12782,0.9409,7.787,4.3787,2.3357,15.4424,0.024863
12783,0.9749,7.8481,4.4942,2.5301,15.8473,0.030397
12784,1.1161,7.9918,4.4059,2.3348,15.8487,0.024186
12785,0.9051,8.0882,4.37,2.326,15.6893,0.023531
12786,0.9247,7.8452,4.435,2.3413,15.5463,0.022831
12787,0.9661,7.8657,4.4067,2.3603,15.5989,0.024812
12788,0.9683,7.7692,4.395,2.3259,15.4583,0.020826
12789,0.8905,7.9128,4.3969,2.3041,15.5042,0.020052
12790,0.9593,7.8177,4.4147,2.2998,15.4915,0.019581
12791,1.0012,8.0538,4.3954,2.2975,15.748,0.025651
12792,0.9972,7.7336,4.3809,2.3008,15.4126,0.025446
12793,0.8992,7.8673,4.4772,2.3283,15.572,0.029035
12794,0.9306,7.8449,4.4223,2.3448,15.5425,0.027414
12795,0.9842,7.8607,4.3765,2.3341,15.5556,0.031474
12796,0.9427,7.7658,4.4295,2.341,15.479,0.036382
12797,0.9169,8.1627,4.4575,2.3319,15.869,0.044699
12798,0.9629,7.8141,4.3948,2.352,15.5238,0.023616
12799,0.9612,7.8405,4.3447,2.3144,15.4607,0.018378
12800,0.9377,7.9157,4.411,2.3066,15.571,0.014309
12801,0.9662,7.912,4.4077,2.3038,15.5897,0.009748
12802,0.9991,7.7425,4.5082,2.305,15.5548,0.018473
12803,0.9657,7.8469,4.3331,2.3122,15.4579,0.022116
12804,0.9559,7.77,4.3733,2.3316,15.4308,0.036345
12805,0.9157,7.8476,4.4354,2.3228,15.5214,0.055048
12806,0.9562,7.8547,4.3791,2.3616,15.5515,0.046954
12807,0.9721,7.8278,4.4324,2.3523,15.5846,0.038742
12808,0.9239,7.918,4.3874,2.3452,15.5745,0.046543
12809,0.9223,7.841,4.3975,2.3021,15.463,0.059904
12810,0.9875,7.9366,4.3917,2.3037,15.6196,0.022707
12811,1.0086,7.8109,4.3893,2.3141,15.523,0.020222
12812,0.9908,7.7567,4.3793,2.2955,15.4223,0.017097
12813,0.9005,7.8668,4.3854,2.32,15.4726,0.023501
12814,0.928,7.7667,4.4241,2.3266,15.4455,0.027032
12815,0.9616,7.7973,4.375,2.3399,15.4737,0.022851
12816,0.9669,7.75,4.3697,2.345,15.4315,0.018529
12817,0.8959,7.846,4.4424,2.3467,15.531,0.037915
12818,0.9405,7.8008,4.3771,2.3052,15.4236,0.038037
12819,0.9835,7.8241,4.3662,2.3,15.4737,0.036866
12820,0.9991,7.7936,4.3903,2.3137,15.4967,0.061828
12821,0.9077,7.8698,4.4287,2.3238,15.5299,0.067396
12822,0.9455,7.781,4.3765,2.3438,15.4467,0.107911
12823,0.9775,8.1411,4.3493,2.3287,15.7966,0.127254
12824,0.9738,7.9379,4.4029,2.3377,15.6522,0.009513
12825,0.8977,7.7873,4.3511,2.3482,15.3843,0.005548
12826,0.9265,7.811,4.3699,2.3495,15.4569,0.003441
12827,0.965,7.8546,4.3759,2.3093,15.5048,0.006212
12828,0.9838,7.8323,4.4034,2.2995,15.5191,0.00549
12829,0.955,7.8239,4.362,2.3007,15.4416,0.0057
12830,0.9553,7.8315,4.379,2.3064,15.4721,0.00557
12831,0.9736,7.8525,4.3533,2.3193,15.4988,0.004433
12832,0.9524,7.7614,4.2906,2.3306,15.335,0.004639
12833,0.9256,7.8797,4.3739,2.3509,15.53,0.072273
12834,0.9734,7.885,4.3593,2.3562,15.5739,0.007704
12835,0.9767,7.7799,4.3778,2.3414,15.4759,0.008423
12836,0.9679,7.7726,4.2969,2.3092,15.3467,0.0086
12837,0.9177,7.864,4.3375,2.311,15.4302,0.009224
12838,0.9556,7.8542,4.3679,2.324,15.5016,0.014885
12839,0.9652,7.7796,4.3263,2.3273,15.3984,0.016265
12840,0.9744,7.817,4.2928,2.3302,15.4144,0.091022
12841,0.9026,7.8197,4.3538,2.3316,15.4076,0.014759
12842,0.9315,7.7868,4.3301,2.3358,15.3841,0.015171
12843,0.968,7.7867,4.3313,2.3008,15.3868,0.00865
12844,0.9941,7.8078,4.3574,2.3021,15.4615,0.006423
12845,0.9323,7.8877,4.384,2.3159,15.5199,0.006046
12846,0.9216,7.8475,4.3882,2.2973,15.4546,0.011163
12847,0.9675,7.9685,4.3594,2.3417,15.6371,0.012779
12848,0.9542,7.8153,4.3812,2.3378,15.4885,0.020378
12849,0.8957,7.8207,4.2977,2.331,15.3452,0.032082
12850,0.932,8.0512,4.3217,2.3321,15.637,0.029975
12851,0.9814,7.8029,4.391,2.3298,15.5051,0.046479
12852,0.947,7.7542,4.3383,2.3038,15.3433,0.054328
12853,0.9533,7.8805,4.336,2.2983,15.4682,0.066493
12854,0.9935,7.7457,4.2881,2.3032,15.3305,0.045442
12855,0.9606,7.8422,4.3781,2.2883,15.4693,0.056288
12856,0.9602,7.8562,4.311,2.3234,15.4508,0.030711
12857,0.906,7.8686,4.3478,2.3318,15.4542,0.045867
12858,0.9299,7.7473,4.3384,2.3355,15.3512,0.054101
12859,0.9723,7.8579,4.4069,2.345,15.5821,0.03707
12860,0.9755,7.8134,4.3273,2.3164,15.4326,0.065288
12861,0.9417,7.8547,4.316,2.3029,15.4153,0.031539
12862,0.9929,7.7915,4.341,2.3198,15.4453,0.051466
12863,0.967,7.9067,4.358,2.3263,15.558,0.052585
12864,0.9475,7.7356,4.3012,2.3427,15.3269,0.044175
12865,0.9202,7.9061,4.33,2.3331,15.4894,0.025294
12866,0.9611,7.8872,4.3132,2.3435,15.5049,0.035418
12867,0.9723,7.8345,4.3447,2.3311,15.4826,0.033059
12868,0.9693,7.8115,4.3447,2.3042,15.4298,0.039799
12869,0.9729,8.0226,4.3326,2.3126,15.6407,0.030018
12870,0.9809,7.8103,4.3701,2.3107,15.4719,0.028101
12871,1.0006,7.8195,4.3923,2.3162,15.5285,0.04221
12872,0.9397,7.8681,4.3367,2.3388,15.4834,0.04846
12873,0.9193,7.8569,4.3633,2.3282,15.4677,0.034929
12874,0.9543,7.7653,4.3216,2.3285,15.3697,0.011617
12875,0.9759,7.7712,4.3209,2.3231,15.3911,0.013306
12876,0.9407,8.0777,4.3462,2.3465,15.7111,0.011556
12877,0.9223,7.8256,4.3235,2.3028,15.3743,0.008043
12878,0.9893,7.8101,4.3154,2.3161,15.4308,0.021839
12879,1.0063,7.8207,4.3488,2.3102,15.4859,0.012381
12880,0.9452,7.8713,4.3308,2.3442,15.4916,0.030162
12881,0.9336,7.9791,4.3163,2.3326,15.5617,0.043089
12882,0.9531,7.8207,4.3451,2.3409,15.4598,0.047031
12883,0.947,7.8943,4.353,2.3488,15.5431,0.050091
12884,0.9637,7.8025,4.3035,2.339,15.4087,0.048083
12885,0.928,7.8984,4.3455,2.3775,15.5494,0.028587
12886,0.9533,7.8314,4.3469,2.2998,15.4314,0.030293
12887,0.9996,7.9171,4.3464,2.3022,15.5653,0.026491
12888,0.9843,7.7996,4.3419,2.3009,15.4268,0.026064
12889,0.9387,7.7876,4.3456,2.3238,15.3957,0.014676
12890,0.9603,7.7811,4.333,2.3304,15.4047,0.025143
12891,0.973,7.8342,4.3681,2.3252,15.5005,0.021341
12892,0.9666,7.79,4.2746,2.3305,15.3617,0.030209
12893,0.9143,7.8935,4.3577,2.3215,15.4871,0.029801
12894,0.9558,7.8271,4.343,2.2938,15.4197,0.030485
12895,0.9821,7.8025,4.4223,2.322,15.5289,0.032563
12896,0.9815,7.7574,4.3983,2.3205,15.4576,0.038981
12897,0.9087,7.8869,4.3583,2.3259,15.4798,0.036015
12898,0.936,7.7806,4.3146,2.3216,15.3528,0.039155
12899,0.9681,7.8473,4.359,2.3232,15.4976,0.033677
12900,0.972,7.7281,4.3832,2.3369,15.4202,0.027175
12901,0.9009,7.814,4.3782,2.3414,15.4346,0.015387
12902,0.9314,7.7835,4.3882,2.2988,15.4019,0.022316
12903,0.9924,8.3084,4.3686,2.319,15.9884,0.020487
12904,0.9821,7.8077,4.3563,2.3174,15.4636,0.028424
12905,0.9378,7.786,4.3803,2.2993,15.4035,0.020801
12906,0.9233,7.8174,4.323,2.3338,15.3975,0.022408
12907,0.9778,7.8101,4.3676,2.3293,15.4848,0.028192
12908,0.9618,7.8569,4.4025,2.3488,15.57,0.030424
12909,0.9195,7.8864,4.3885,2.3495,15.5439,0.020287
12910,0.9334,7.8025,4.3556,2.3484,15.4399,0.041952
12911,0.9755,7.8696,4.3593,2.3003,15.5047,0.038953
12912,0.9868,7.7702,4.3894,2.4644,15.6108,0.043924
12913,0.9949,8.5461,4.46,2.3006,16.3015,0.052453
12914,1.0118,7.8614,4.3867,2.3104,15.5703,0.055046
12915,1.0272,7.8564,4.3355,2.3119,15.5311,0.049713
12916,1.0079,7.7122,4.3916,2.3145,15.4261,0.057975
12917,0.9232,7.8619,4.3845,2.3258,15.4954,0.064954
12918,0.9574,7.9586,4.3572,2.3132,15.5863,0.053629
12919,0.9688,7.8906,4.3865,2.4729,15.7188,0.054074
12920,1.005,7.8894,4.3431,2.3223,15.5599,0.065328
12921,0.9237,7.8567,4.384,2.3327,15.4971,0.052454
12922,0.9563,7.8331,4.3536,2.3366,15.4796,0.043779
12923,0.9802,7.7615,4.3151,2.3078,15.3646,0.04715
12924,1.0722,7.8099,4.3416,2.3142,15.5379,0.0466
12925,0.9689,7.7792,4.3139,2.3041,15.3659,0.038562
12926,0.9641,7.7785,4.3516,2.3259,15.4201,0.049577
12927,0.9741,7.8413,4.3226,2.3232,15.4612,0.053832
12928,0.9677,7.8587,4.319,2.3421,15.4874,0.047668
12929,0.8919,8.3079,4.3419,2.3232,15.8651,0.065007
12930,0.9306,7.8295,4.3844,2.3434,15.4879,0.070265
12931,0.9635,7.8562,4.3426,2.3454,15.5077,0.073851
12932,0.9703,7.756,4.331,2.2981,15.3554,0.086157
12933,0.937,7.9507,4.3413,2.3178,15.5468,0.098085
12934,0.9715,7.8202,4.2757,2.3093,15.3768,0.997217
12935,0.9741,7.8458,4.3209,2.3214,15.4623,0.999992
12936,0.9523,7.7723,4.2958,2.3281,15.3486,0.999999
12937,0.8966,7.7602,4.2988,2.3548,15.3104,0.999994
12938,0.9321,7.7731,4.2909,2.3485,15.3445,0.999991
12939,0.976,7.8261,4.267,2.3068,15.3759,0.999991
12940,0.9803,7.8305,4.3168,2.3063,15.4339,0.999981
12941,0.9267,7.9797,4.3045,2.3121,15.5229,0.999983
12942,0.9416,7.8552,4.2994,2.3041,15.4003,0.999976
12943,0.9701,7.919,4.2658,2.3355,15.4905,0.999991
12944,0.9747,7.7673,4.3212,2.3273,15.3905,0.999986
12945,0.9018,7.8185,4.319,2.331,15.3703,0.99999
12946,0.9357,7.7117,4.3191,2.3308,15.2973,0.999985
12947,0.9622,7.8162,4.3347,2.3171,15.4301,0.999982
12948,0.9885,7.7372,4.2579,2.3017,15.2854,0.999992
12949,0.897,7.8858,4.3055,2.2936,15.3819,0.999994
12950,0.933,7.8185,4.2821,2.3439,15.3775,0.999995
12951,0.9804,7.8433,4.319,2.3182,15.4609,0.999995
12952,0.9737,7.8168,4.2876,2.3445,15.4226,0.999933
12953,0.9292,7.7885,4.3704,2.3363,15.4244,0.999926
12954,0.9538,7.8264,4.2924,2.3048,15.3773,0.999798
12955,1.0142,7.8137,4.394,2.302,15.524,0.999065
12956,1.004,8.3062,4.3134,2.3066,15.9303,0.970583
12957,0.937,7.8586,4.3231,2.2936,15.4124,0.957367
12958,0.9296,7.9075,4.304,2.3154,15.4565,0.446778
12959,0.9623,7.8742,4.338,2.3202,15.4948,0.283945
12960,0.9743,7.7767,4.2949,2.3321,15.3781,0.326647
12961,0.8975,7.8998,4.3645,2.3404,15.5022,0.280748
12962,0.9323,7.7804,4.3512,2.3434,15.4072,0.174444
12963,0.9795,7.9274,4.3301,2.3049,15.5419,0.210334
12964,0.9867,7.8428,4.3344,2.3046,15.4685,0.192001
12965,0.9265,7.8225,4.3604,2.2852,15.3947,0.141103
12966,0.929,7.7603,4.3188,2.3224,15.3304,0.194962
12967,0.9628,7.822,4.4144,2.3254,15.5246,0.192198
12968,0.9347,7.7181,4.3133,2.3266,15.2926,0.205288
12969,0.9242,7.97,4.3752,2.3515,15.6209,0.346642
12970,0.9356,7.7379,4.3951,2.3445,15.4131,0.290036
12971,0.9619,7.8371,4.3414,2.2917,15.432,0.234627
12972,1.0056,7.82,4.3011,2.3027,15.4294,0.227931
12973,0.9232,7.8691,4.292,2.2968,15.3811,0.193462
12974,0.9361,7.7891,4.3083,2.3214,15.3549,0.17601
12975,0.9629,7.7838,4.298,2.3175,15.3622,0.18704
12976,0.9622,7.7482,4.3206,2.3631,15.3941,0.175332
12977,0.894,7.8778,4.3568,2.3391,15.4676,0.151101
12978,0.955,7.7994,4.333,2.2991,15.3865,0.205839
12979,0.9922,7.8511,4.3165,2.3126,15.4723,0.198175
12980,0.9893,7.7718,4.2845,2.2888,15.3344,0.192803
12981,0.9046,7.8829,4.3249,2.3071,15.4195,0.17983
12982,0.9399,8.1421,4.3461,2.3367,15.7647,0.197624
12983,0.9627,7.8596,4.322,2.3138,15.458,0.16672
12984,0.967,7.8396,4.346,2.3251,15.4777,0.250806
12985,0.9075,7.7972,4.3358,2.3304,15.3709,0.268017
12986,0.9321,7.8342,4.38,2.33,15.4762,0.161546
12987,0.9646,7.8541,4.339,2.3081,15.4657,0.188951
12988,0.998,7.7915,4.4058,2.2838,15.4793,0.170182
12989,0.9655,7.9089,4.41,2.3041,15.5886,0.06919
12990,0.9227,7.8842,4.3332,2.3315,15.4716,0.138385
12991,0.9726,7.9218,4.3371,2.3297,15.5612,0.13529
12992,0.9675,7.7709,4.3061,2.3289,15.3734,0.105582
12993,0.8997,7.8458,4.3236,2.3301,15.3992,0.094839
12994,0.9452,7.8381,4.3237,2.3424,15.4494,0.096145
12995,0.9695,7.8834,4.3657,2.3007,15.5194,0.077206
12996,0.9954,7.7991,4.3374,2.3212,15.4531,0.118653
12997,0.9273,7.8292,4.3232,2.3174,15.3972,0.126442
12998,0.9412,7.8596,4.3757,2.3116,15.4881,0.08461
12999,0.9679,7.8508,4.3154,2.3289,15.463,0.046824
13000,0.9705,7.845,4.4425,2.325,15.5831,0.03984
13001,0.96,7.9485,4.3555,2.3255,15.5895,0.035848
13002,0.9489,7.7866,4.3317,2.3411,15.4083,0.08117
13003,0.9603,7.9556,4.401,2.3324,15.6491,0.075368
13004,0.9531,7.7452,4.3642,2.3122,15.3746,0.039889
13005,0.9441,7.9906,4.4537,2.3222,15.7107,0.039927
13006,0.9594,7.8946,4.3553,2.3257,15.535,0.069639
13007,1.0035,7.9247,4.3433,2.2962,15.5676,0.060247
13008,0.9442,7.8645,4.3794,2.3057,15.4938,0.073441
13009,0.9122,8.2147,4.3951,2.3402,15.8622,0.084143
13010,0.9579,7.8835,4.3404,2.3287,15.5105,0.054123
13011,0.9706,7.785,4.4095,2.3437,15.5088,0.058898
13012,0.9445,7.7388,4.3292,2.3509,15.3634,0.089731
13013,0.9415,7.7085,4.409,2.3455,15.4044,0.080559
13014,0.9307,7.8306,4.3313,2.3326,15.4252,0.105702
13015,0.9354,7.8521,4.3403,2.2953,15.4231,0.085403
13016,0.9582,7.8167,4.4079,2.3107,15.4937,0.08183
13017,0.9411,7.8057,4.4288,3.5038,16.6793,0.05459
13018,0.996,7.6768,4.3928,2.2992,15.3648,0.05117
13019,0.9388,7.8168,4.4627,2.3333,15.5516,0.085108
13020,0.9409,7.901,4.3663,2.3318,15.5401,0.107971
13021,0.9579,7.7298,4.3293,2.3382,15.3552,0.097243
13022,0.9333,7.7512,4.4083,2.3454,15.4382,0.083266
13023,0.8928,7.7829,4.4678,2.3573,15.5008,0.055948
13024,0.9605,7.8131,4.344,2.3499,15.4674,0.118098
13025,0.9735,7.7912,4.4068,2.3103,15.4818,0.128107
13026,0.9879,7.7189,4.4085,2.3115,15.4268,0.059832
13027,0.946,7.7878,4.3345,2.3211,15.3895,0.08874
13028,0.9594,7.7265,4.3475,2.3311,15.3644,0.060079
13029,0.972,7.9218,4.3878,2.3423,15.6239,0.068786
13030,0.9745,7.7211,4.3461,2.3199,15.3617,0.070547
13031,0.9162,7.817,4.33,2.3371,15.4003,0.03248
13032,0.9675,7.7504,4.3407,2.3246,15.3832,0.097305
13033,0.9531,7.8056,4.3667,2.3242,15.4496,0.152621
13034,0.9689,7.7025,4.348,2.3058,15.3252,0.125783
13035,0.9006,8.1714,4.313,2.3177,15.7027,0.128805
13036,0.9341,7.7996,4.3149,2.3437,15.3922,0.152125
13037,0.9718,7.8018,4.3089,2.3238,15.4064,0.155748
13038,0.9406,7.7442,4.3609,2.3404,15.3861,0.183561
13039,0.9207,7.8755,4.3968,2.3608,15.5538,0.168407
13040,0.9464,7.8202,4.4223,2.3484,15.5374,0.129717
13041,0.9711,7.76,4.3103,2.3191,15.3605,0.136335
13042,1.0763,8.3882,4.395,2.3091,16.1686,0.112884
13043,0.9474,7.8036,4.3717,2.3064,15.4291,0.088644
13044,0.9902,7.7497,4.3514,2.3187,15.41,0.43173
13045,0.9619,7.8187,4.319,2.319,15.4187,0.4438
13046,0.9264,7.746,4.4146,2.3259,15.4129,0.40413
13047,0.9171,7.8394,4.3398,2.3476,15.4438,0.193906
13048,0.9345,7.7197,4.366,2.3335,15.3537,0.104301
13049,0.9811,7.8275,4.457,2.3525,15.6181,0.495213
13050,0.9704,7.7728,4.4431,2.3168,15.5031,0.475713
13051,0.9532,7.7994,4.3406,2.3051,15.3983,0.437329
13052,0.9864,7.7927,4.3704,2.312,15.4615,0.456051
13053,0.966,7.8715,4.3308,2.2957,15.464,0.393036
13054,0.9432,7.6626,4.3117,2.332,15.2495,0.345938
13055,0.9001,7.7563,4.3287,2.3487,15.3338,0.272143
13056,0.929,7.8458,4.3606,2.3536,15.489,0.365258
13057,0.9794,7.8023,4.2911,2.348,15.4209,0.27649
13058,0.9432,7.7065,4.3705,2.3049,15.3251,0.281771
13059,0.9237,7.8422,4.3994,2.3017,15.467,0.283046
13060,0.938,7.7791,4.3354,2.3126,15.3651,0.236929
13061,0.9706,7.8116,4.2757,2.3322,15.3901,0.185727
13062,0.9276,8.005,4.271,2.3289,15.5326,0.145854
13063,0.9072,7.8027,4.2703,2.3666,15.3468,0.116037
13064,0.936,7.736,4.3042,2.3424,15.3185,0.111376
13065,0.9661,7.7683,4.2714,2.312,15.3178,0.125775
13066,0.9585,7.7021,4.3268,2.3015,15.2889,0.088075
13067,0.9018,7.8566,4.3277,2.3133,15.3994,0.085172
13068,0.9323,7.7861,4.286,2.3458,15.3502,0.09983
13069,0.9756,7.7735,4.2737,2.3314,15.3543,0.121222
13070,0.9284,7.7206,4.3165,2.3422,15.3076,0.069679
13071,0.8952,7.8286,4.2991,2.307,15.3298,0.049611
13072,0.9429,7.8961,4.3012,2.3005,15.4408,0.095677
13073,1.0028,7.7092,4.2885,2.2996,15.2999,0.021482
13074,0.95,7.7656,4.324,2.3385,15.378,0.039256
13075,0.8924,7.7454,4.3201,2.328,15.2859,0.037182
13076,0.937,7.6837,4.278,2.3453,15.244,0.022876
13077,0.9716,7.8876,4.3124,2.3463,15.5179,0.028399
13078,0.9367,7.6888,4.3059,2.3129,15.2443,0.031627
13079,0.9303,7.7365,4.3163,2.3098,15.2928,0.025221
13080,0.9623,7.7892,4.3036,2.3072,15.3622,0.050833
13081,0.9707,7.7192,4.2683,2.3316,15.2897,0.038604
13082,0.9424,7.7108,4.2892,2.3409,15.2833,0.045892
13083,0.9035,7.8513,4.3058,2.3451,15.4057,0.076852
13084,0.9391,7.6826,4.3177,2.3484,15.2879,0.051317
13085,0.9726,7.7123,4.3065,2.2944,15.2858,0.125155
13086,0.991,7.7329,4.306,2.3053,15.3352,0.010323
13087,0.9004,7.8711,4.3245,2.3197,15.4156,0.012632
13088,0.9407,8.0511,4.2993,2.3495,15.6406,0.00656
13089,0.9673,7.8063,4.2987,2.3349,15.4072,0.006201
13090,0.9376,7.6813,4.283,2.3396,15.2415,0.005536
13091,0.9055,7.7853,4.3145,2.3497,15.355,0.00514
13092,0.9455,7.7398,4.3508,2.3119,15.3479,0.008162
13093,0.9918,7.7586,4.3264,2.3091,15.3859,0.0107
13094,0.9355,7.7067,4.3398,2.3278,15.3098,0.02018
13095,0.9016,7.7894,4.2936,2.3324,15.317,0.021641
13096,0.9362,7.711,4.3578,2.3293,15.3342,0.026669
13097,0.9711,7.8233,4.3361,2.3548,15.4854,0.022768
13098,0.9435,7.7249,4.4078,2.3444,15.4206,0.029221
13099,0.9206,8.2922,4.4325,2.3413,15.9866,0.011667
13100,0.9475,7.824,4.4162,2.3133,15.5009,0.016531
13101,0.9952,7.7249,4.3357,2.32,15.3759,0.005473
13102,0.9759,7.7295,4.3457,2.2995,15.3506,0.005248
13103,0.8935,7.8555,4.3448,2.3246,15.4184,0.004431
13104,0.9351,7.8355,4.404,2.3295,15.5042,0.006887
13105,0.9566,7.9037,4.3247,2.3405,15.5255,0.005478
13106,0.9378,7.7372,4.4054,2.3608,15.4412,0.004903
13107,0.8913,7.9071,4.3986,2.3589,15.5558,0.003099
13108,0.9393,7.7405,4.3477,2.3136,15.3412,0.00648
13109,0.9983,7.7984,4.368,2.295,15.4597,0.004734
13110,1.0136,7.6302,4.3132,2.3125,15.2694,0.005477
13111,0.9247,7.803,4.295,2.357,15.3798,0.004522
13112,0.9477,7.6768,4.2987,2.3326,15.2558,0.00354
13113,0.9685,7.8582,4.3441,2.3488,15.5197,0.008839
13114,0.9861,7.6674,4.281,2.3383,15.2728,0.009468
13115,0.9124,8.1443,4.3259,2.3054,15.688,0.007294
13116,0.9884,7.8018,4.3233,2.3143,15.4277,0.007822
13117,1.0144,7.7032,4.364,2.3062,15.3877,0.010087
13118,0.9414,7.7199,4.2852,2.3516,15.2981,0.012953
13119,0.9146,7.8129,4.3176,2.3457,15.3907,0.015274
13120,0.9437,7.7357,4.2985,2.335,15.3128,0.018231
13121,0.9824,7.7828,4.3619,2.3319,15.4589,0.019397
13122,0.9715,7.7209,4.3042,2.3364,15.3329,0.019745
13123,0.9529,7.8381,4.3224,2.3235,15.4369,0.019689
13124,0.9726,7.7208,4.3552,2.2942,15.3428,0.01948
13125,0.9767,7.7804,4.3063,2.3165,15.3799,0.018641
13126,0.9331,7.7199,4.2805,2.333,15.2665,0.018078
13127,0.8987,7.7707,4.2989,2.3335,15.3017,0.017065
13128,0.9385,7.7288,4.3155,2.3506,15.3334,0.017565
13129,0.9732,7.874,4.3769,2.2988,15.523,0.013463
13130,1.0016,7.7093,4.3062,2.3086,15.3258,0.011339
13131,0.9523,7.7069,4.3155,2.315,15.2897,0.008612
13132,0.9683,7.7479,4.3006,2.3298,15.3467,0.013932
13133,0.9887,7.7217,4.2793,2.3322,15.3218,0.011394
13134,0.9474,7.7284,4.3061,2.3365,15.3184,0.014042
13135,0.9033,7.8265,4.307,2.3481,15.3849,0.017977
13136,0.9415,7.7804,4.3037,2.2941,15.3197,0.014776
13137,1.0014,7.7936,4.3131,2.3025,15.4106,0.020896
13138,0.9542,7.8074,4.3068,2.306,15.3745,0.022071
13139,0.9081,7.7323,4.2972,2.3365,15.2741,0.022542
13140,0.9376,7.7339,4.3023,2.3247,15.2984,0.02031
13141,0.9743,8.0678,4.2894,2.3414,15.673,0.015817
13142,0.958,7.7545,4.2737,2.3413,15.3274,0.016423
13143,0.9251,7.7977,4.3072,2.3055,15.3356,0.007651
13144,0.9692,7.7495,4.2989,2.3013,15.3188,0.012425
13145,1.0133,7.8359,4.325,2.3033,15.4774,0.011504
13146,0.9408,7.6839,4.2989,2.3229,15.2465,0.011085
13147,0.9021,7.7975,4.3212,2.3213,15.3421,0.007234
13148,0.9444,7.8071,4.2975,2.3454,15.3944,0.010584
13149,0.9715,7.8496,4.2878,2.3274,15.4363,0.011679
13150,0.9388,7.7556,4.2795,2.2967,15.2706,0.011134
13151,0.9401,7.795,4.3164,2.3209,15.3724,0.00933
13152,0.9428,7.7291,4.2624,2.3201,15.2545,0.012383
13153,0.9687,7.9132,4.274,2.3214,15.4773,0.016014
13154,0.9653,7.679,4.3453,2.3332,15.3227,0.015292
13155,0.9005,7.7976,4.3436,2.3535,15.3952,0.011438
13156,0.9494,7.7243,4.3446,2.3131,15.3314,0.024704
13157,1.0187,7.7392,4.2821,2.3208,15.3608,0.027033
13158,0.9765,7.6442,4.2805,2.2947,15.1959,0.021111
13159,0.906,7.8166,4.275,2.3373,15.3349,0.058416
13160,0.9526,7.6447,4.2951,2.3373,15.2297,0.021656
13161,0.9905,7.7283,4.2842,2.3312,15.3342,0.02572
13162,0.9688,7.7022,4.3201,2.3228,15.3138,0.028002
13163,0.9026,7.8129,4.2844,2.3182,15.318,0.042995
13164,0.9629,7.6999,4.2674,2.2889,15.219,0.029015
13165,0.9929,7.8267,4.2696,2.3486,15.4379,0.020127
13166,0.9487,7.7152,4.2739,2.3233,15.2612,0.016445
13167,0.8961,7.7702,4.3095,2.3364,15.3123,0.022904
13168,0.9347,8.1409,4.2987,2.3594,15.7338,0.041097
13169,0.9505,7.7557,4.3195,2.3354,15.361,0.034238
13170,0.9738,7.6707,4.3372,2.3073,15.289,0.032788
13171,0.99,7.7973,4.2953,2.4017,15.4842,0.034235
13172,1.1732,8.2418,4.2863,2.3078,16.0091,0.052451
13173,1.0015,7.7695,4.3249,2.3063,15.4022,0.019325
13174,0.9356,7.7085,4.2815,2.326,15.2516,0.022971
13175,0.8971,7.8808,4.3022,2.3364,15.4166,0.029397
13176,0.9417,7.6884,4.3636,2.3313,15.3251,0.01905
13177,0.9392,7.8123,4.3275,2.3663,15.4453,0.021005
13178,0.965,7.9669,4.327,2.3068,15.5657,0.02361
13179,0.9514,7.8256,4.3217,2.3033,15.4021,0.019081
13180,0.9928,7.7582,4.3058,2.3101,15.3669,0.041053
13181,0.9312,7.8395,4.2952,2.3306,15.3965,0.955903
13182,0.9659,7.7489,4.2789,2.3262,15.3199,0.999996
13183,0.9173,7.7409,4.3125,2.3492,15.3198,0.99999
13184,0.9649,7.7866,4.2959,2.3354,15.3827,0.999904
13185,0.9433,7.7888,4.2866,2.3104,15.3291,0.976951
13186,1.0103,7.7169,4.3645,2.3132,15.4048,0.896193
13187,0.9436,7.7913,4.3162,2.3096,15.3607,0.665815
13188,0.9385,7.7991,4.3611,2.3232,15.4218,0.6675
13189,0.9606,7.7444,4.2774,2.3348,15.3171,0.630901
13190,0.9748,7.7291,4.3186,2.3434,15.3661,0.56363
13191,0.9177,7.8065,4.3027,2.3553,15.3823,0.044744
13192,0.9584,7.7343,4.2988,2.3084,15.2999,0.066134
13193,0.964,7.781,4.2998,2.3033,15.3482,0.062152
13194,0.9747,8.0053,4.3466,2.3001,15.6266,0.07297
13195,0.9276,7.786,4.3345,2.3295,15.3776,0.047143
13196,0.9309,7.8157,4.2931,2.3362,15.3759,0.0852
13197,0.9756,7.8802,4.3121,2.3447,15.5127,0.011909
13198,0.9466,7.6769,4.2446,2.357,15.2251,0.015505
13199,0.9215,7.8223,4.2942,2.2967,15.3347,0.012859
13200,0.9885,7.7858,4.2999,2.3067,15.3809,0.032656
13201,0.9771,7.7665,4.3417,2.3103,15.3956,0.052943
13202,0.9323,7.771,4.3254,2.3256,15.3543,0.049643
13203,0.9148,8.0479,4.3401,2.34,15.6429,0.044011
13204,0.9526,7.8259,4.2697,2.3525,15.4008,0.012276
13205,0.9858,7.771,4.3039,2.3296,15.3902,0.047551
13206,0.9612,7.7484,4.3194,2.35,15.3791,0.367032
13207,0.8974,7.7504,4.3454,2.3293,15.3225,0.016952
13208,0.9815,7.7959,4.2667,2.3038,15.348,0.005919
13209,0.9586,7.8165,4.3058,2.3227,15.4037,0.05813
13210,0.9543,7.751,4.2797,2.3319,15.3169,0.046439
13211,0.8899,7.7992,4.3523,2.8346,15.8759,0.116296
13212,0.9363,7.7631,4.2986,2.3329,15.3309,0.015848
13213,0.9715,7.7998,4.3122,2.342,15.4255,0.008047
13214,0.9586,7.7948,4.2914,2.3222,15.3671,0.016629
13215,0.9242,7.814,4.321,2.3228,15.3819,0.019409
13216,0.9777,7.7336,4.2811,2.307,15.2994,0.007265
13217,0.9656,7.8343,4.322,2.3477,15.4697,0.015862
13218,0.969,7.7732,4.2747,2.3273,15.3443,0.027489
13219,0.8917,7.8069,4.2972,2.3288,15.3246,0.011749
13220,0.9759,7.7855,4.2725,2.3264,15.3603,0.032951
13221,0.9613,8.104,4.2699,2.3389,15.6741,0.018206
13222,0.9766,7.6571,4.2636,2.2911,15.1883,0.016666
13223,0.9159,7.764,4.2817,2.3158,15.2773,0.038239
13224,0.967,7.8026,4.2915,2.3355,15.3966,0.025338
13225,0.9852,7.7323,4.2919,2.3295,15.339,0.024539
13226,0.9786,7.6563,4.3096,2.3565,15.3011,0.014015
13227,0.897,7.799,4.2819,2.3515,15.3293,0.021921
13228,0.9719,7.7814,4.2706,2.308,15.3319,0.021331
13229,1.002,7.8834,4.2936,2.3138,15.4929,0.024657
13230,0.9876,7.7124,4.305,2.3195,15.3246,0.026279
13231,0.9215,7.8522,4.2976,2.335,15.4063,0.017119
13232,0.957,7.8108,4.3332,2.3415,15.4424,0.02287
13233,0.9819,7.7678,4.2726,2.3569,15.3792,0.031649
13234,0.9714,7.7449,4.2847,2.3477,15.3487,0.029788
13235,0.9196,7.8836,4.2915,2.3094,15.4041,0.026434
13236,0.9615,7.7261,4.2665,2.302,15.2562,0.176634
13237,1.0076,7.9094,4.2885,2.3096,15.5151,0.355021
13238,0.9631,7.7533,4.2667,2.3503,15.3333,0.563651
13239,0.8991,7.8682,4.2973,2.3408,15.4054,0.996403
13240,0.9718,7.7405,4.2758,2.3507,15.3389,0.999975
13241,0.9776,7.7622,4.2975,2.3446,15.3818,0.999993
13242,0.9702,7.7478,4.2844,2.3119,15.3143,0.999993
13243,1.0388,7.9685,4.312,2.3169,15.6363,0.999997
13244,1.0059,7.7169,4.3133,2.317,15.3531,0.999997
13245,0.961,7.7396,4.2646,2.3262,15.2914,0.999997
13246,0.9412,7.6652,4.3025,2.3323,15.2412,0.999996
13247,0.923,8.19,4.2975,2.3354,15.746,0.999996
13248,0.9679,7.771,4.2819,2.3313,15.3521,0.999995
13249,0.9397,7.828,4.3115,2.3444,15.4235,0.999998
13250,0.9531,7.7164,4.3407,2.3178,15.328,0.999995
13251,0.9559,7.8562,4.3153,2.3086,15.4361,0.999996
13252,0.9619,7.6696,4.3332,2.3261,15.2909,0.999996
13253,0.9704,7.8396,4.3045,2.338,15.4525,0.999993
13254,0.9838,7.6825,4.2855,2.3315,15.2834,0.999994
13255,0.917,7.7765,4.3352,2.325,15.3537,0.999993
13256,0.9278,7.6931,4.2959,2.3021,15.2189,0.999992
13257,0.971,7.7941,4.2972,2.3107,15.3729,0.999991
13258,0.9778,7.706,4.2998,2.3106,15.2941,0.999989
13259,0.9189,7.8062,4.3283,2.3147,15.3681,0.999983
13260,0.9413,7.6416,4.2785,2.3284,15.1899,0.999884
13261,0.9804,7.7412,4.3108,2.3518,15.3842,0.997656
13262,0.9788,7.6968,4.3025,2.3523,15.3304,0.994492
13263,0.9835,7.7209,4.3274,2.3224,15.3542,0.984979
13264,0.9642,7.7632,4.2883,2.3056,15.3213,0.956104
13265,0.9454,7.8291,4.3241,2.3012,15.3998,0.881429
13266,0.9252,7.8187,4.2595,2.3265,15.3299,0.774553
13267,0.9812,7.8073,4.2731,2.3255,15.3871,0.575154
13268,0.9704,7.801,4.2946,2.3448,15.4108,0.529947
13269,0.9003,7.7949,4.2708,2.348,15.314,0.429633
13270,0.9382,7.8483,4.3128,2.3067,15.406,0.307507
13271,0.9963,7.7484,4.2958,2.3106,15.351,0.465907
13272,0.9765,7.7815,4.297,2.3041,15.359,0.466046
13273,0.893,7.9027,4.2867,2.3339,15.4163,0.365804
13274,0.9552,8.3195,4.2999,2.3379,15.9125,0.360342
13275,0.9709,7.8186,4.2908,2.3196,15.3998,0.610758
13276,0.9544,7.7698,4.2714,2.3508,15.3465,0.483304
13277,0.9195,7.8201,4.307,2.3294,15.376,0.30012
13278,0.9566,7.9131,4.3066,2.3112,15.4876,0.343256
13279,0.9436,7.7918,4.3293,2.2953,15.36,0.271075
13280,1.0147,7.7721,4.3042,2.3089,15.3999,0.51342
13281,0.9336,7.8511,4.2979,2.3264,15.409,0.410058
13282,0.9653,7.9028,4.2941,2.3407,15.5029,0.282306
13283,0.9438,7.7615,4.284,2.3474,15.3367,0.15668
13284,0.9613,7.7665,4.2989,2.3532,15.3799,0.420294
13285,0.9138,8.5049,4.3795,2.3362,16.1344,0.278105
13286,0.957,7.8156,4.3347,2.3477,15.455,0.148499
13287,0.9546,7.7805,4.2995,2.3052,15.3398,0.109601
13288,0.9674,7.8754,4.3122,2.3037,15.4587,0.122639
13289,0.9277,7.8117,4.287,2.2933,15.3198,0.088004
13290,0.944,7.8475,4.282,2.3418,15.4154,0.074536
13291,0.9661,7.8049,4.3126,2.3245,15.4081,0.036571
13292,0.9468,7.76,4.2908,2.3272,15.3248,0.061646
13293,0.9111,7.9258,4.2922,2.3335,15.4625,0.046974
13294,0.9701,7.7409,4.3026,2.3119,15.3255,0.061587
13295,0.9524,7.8273,4.293,2.3049,15.3775,0.043139
13296,0.9526,7.806,4.296,2.3066,15.3612,0.041552
13297,0.9188,7.8614,4.2988,2.3227,15.4017,0.035306
13298,0.9691,7.8418,4.2799,2.3403,15.431,0.032024
13299,0.9443,7.8201,4.2803,2.3446,15.3894,0.053586
13300,0.9425,8.1265,4.2898,2.3565,15.7154,0.070453
13301,0.93,7.8763,4.8674,2.5348,16.2086,0.039125
13302,1.1583,7.9262,4.3114,2.3353,15.7311,0.081048
13303,0.9477,7.9139,4.3234,2.335,15.5199,0.063883
13304,0.9396,7.824,4.2938,2.3044,15.3618,0.054334
13305,0.9385,7.9239,4.285,2.3074,15.4549,0.083363
13306,1.0174,7.8101,4.2838,2.3083,15.4197,0.109093
13307,0.9486,7.8261,4.2967,2.3155,15.3869,0.087207
13308,0.9488,7.7726,4.2735,2.3289,15.3237,0.041677
13309,0.9174,7.9282,4.2923,2.3463,15.4843,0.033946
13310,0.9637,7.8713,4.2865,2.3452,15.4667,0.02004
13311,0.9444,7.7957,4.3401,2.3547,15.4349,0.016758
13312,0.9382,7.784,5.3508,2.3641,16.4371,0.040033
13313,0.9155,7.8161,4.3005,2.308,15.3402,0.024624
13314,0.9861,7.8206,4.3273,2.3259,15.4599,0.032318
13315,1.0117,7.7819,4.2777,2.2979,15.3691,0.030538
13316,0.9652,7.8063,4.251,2.3335,15.3561,0.03802
13317,0.9291,7.798,4.3241,2.3294,15.3806,0.028397
13318,0.9417,7.7943,4.2467,2.3363,15.319,0.031576
13319,0.9677,7.8241,4.2816,2.3412,15.4145,0.022033
13320,0.9342,7.7395,4.2921,2.2924,15.2582,0.019563
13321,0.9316,7.9306,4.2783,2.3077,15.4482,0.016751
13322,0.9815,7.803,4.3168,2.2984,15.3997,0.02708
13323,0.9629,7.9018,4.3447,2.3061,15.5155,0.133166
13324,0.942,7.7885,4.2794,2.3463,15.3561,0.032162
13325,0.9205,7.9231,4.2802,2.3439,15.4677,0.031354
13326,0.9493,8.0769,4.3012,2.3459,15.6733,0.035111
13327,0.9826,7.8802,4.2917,2.3451,15.4996,0.017895
13328,0.9603,7.774,4.3136,2.3317,15.3796,0.017426
13329,0.896,7.8337,4.3219,2.3137,15.3654,0.013573
13330,0.9768,7.8337,4.2982,2.3082,15.4169,0.031768
13331,0.9706,7.8926,4.2971,2.3043,15.4646,0.022663
13332,0.9597,7.8195,4.2897,2.3295,15.3984,0.016229
13333,0.8935,7.8544,4.3114,2.3289,15.3882,0.022257
13334,0.9427,7.8231,4.313,2.3373,15.4162,0.010476
13335,0.9695,7.8035,4.3143,2.3439,15.4312,0.013003
13336,0.9697,7.7556,4.3461,2.3068,15.3782,0.005039
13337,0.9431,7.9228,4.3579,2.3237,15.5475,0.004335
13338,0.986,7.789,4.3383,2.3078,15.4211,0.006215
13339,0.9679,7.8874,4.3555,2.2996,15.5104,0.008588
13340,0.9593,7.832,4.314,2.3364,15.4417,0.010123
13341,0.8965,7.8181,4.3254,2.3434,15.3835,0.016974
13342,0.9514,7.7859,4.3285,2.34,15.4058,0.019322
13343,0.9755,7.7819,4.3569,2.3432,15.4574,0.018636
13344,0.9739,7.7594,4.3549,2.3151,15.4033,0.033823
13345,0.9223,7.8349,4.3298,2.3105,15.3974,0.034426
13346,0.9717,7.7704,4.3611,2.3056,15.4088,0.037736
13347,0.9804,7.8293,4.3156,2.3175,15.4429,0.060735
13348,0.9749,7.7434,4.3564,2.3325,15.4072,0.036874
13349,0.9212,8.4338,4.3376,2.3304,16.023,0.027498
13350,0.9781,7.7203,4.3121,2.3288,15.3393,0.037198
13351,0.9536,7.7581,4.391,2.3533,15.456,0.033787
13352,0.9557,7.8264,4.372,2.3488,15.5029,0.050147
13353,0.9264,8.1689,4.3552,2.3265,15.777,0.063166
13354,0.9752,7.8301,4.3313,2.3154,15.452,0.046311
13355,1.0013,7.7908,4.34,2.3121,15.4441,0.045569
13356,0.9485,7.8371,4.3201,2.3003,15.406,0.053642
13357,0.9218,7.8264,4.3253,2.3235,15.397,0.031509
13358,0.974,7.7389,4.309,2.3423,15.3642,0.033146
13359,0.9624,7.8599,4.3626,2.343,15.528,0.033365
13360,0.9376,7.76,4.3092,2.355,15.3619,0.031164
13361,0.8994,7.8882,4.3431,2.3181,15.4487,0.025001
13362,1.0034,7.8259,4.3074,2.2995,15.4361,0.024365
13363,1.0134,7.8187,4.3275,2.3061,15.4658,0.021677
13364,0.9515,7.7945,4.3127,2.329,15.3877,0.021216
13365,0.8941,7.8908,4.3317,2.3168,15.4334,0.016455
13366,0.9685,7.7812,4.3174,2.3319,15.399,0.02095
13367,0.9635,7.7988,4.2971,2.3481,15.4075,0.020498
13368,0.9393,7.7748,4.374,2.3805,15.4685,0.017933
13369,0.9043,7.8073,4.3731,2.3498,15.4345,0.015294
13370,0.9807,7.7753,4.3242,2.2956,15.3757,0.016698
13371,0.9939,7.8898,4.4053,2.3054,15.5944,0.010873
13372,0.965,7.7348,4.313,2.3171,15.33,0.011197
13373,0.9247,7.8523,4.3562,2.3255,15.4588,0.007092
13374,0.9489,7.8157,4.299,2.3434,15.4069,0.00947
13375,0.9789,7.8403,4.3488,2.3426,15.5106,0.007832
13376,0.9367,7.9702,4.3829,2.3302,15.62,0.007805
13377,0.9054,7.8495,4.3817,2.3064,15.4429,0.005844
13378,1.015,7.8576,4.289,2.2975,15.459,0.010216
13379,0.994,8.2568,4.3674,2.3094,15.9277,0.008748
13380,1.0033,7.8,4.2936,2.2965,15.3934,0.008861
13381,0.9537,7.9752,4.3403,2.3036,15.5729,0.009859
13382,0.943,7.8585,4.2942,2.3355,15.4312,0.011805
13383,0.9775,7.8953,4.301,2.3171,15.4908,0.012088
13384,0.9621,7.8275,4.3001,2.35,15.4396,0.013233
13385,0.8986,7.8492,4.3268,2.347,15.4216,0.013756
13386,0.978,7.7837,4.3344,2.3087,15.4049,0.0124
13387,0.9635,7.9306,4.3602,2.3231,15.5774,0.013742
13388,0.9981,7.7692,4.3362,2.3125,15.416,0.012526
13389,0.9558,7.9591,4.3095,2.3197,15.5441,0.04506
13390,0.9671,7.7849,4.3334,2.3321,15.4175,0.062919
13391,0.947,7.7832,4.3179,2.3306,15.3787,0.065498
13392,0.9764,7.7878,4.2628,2.3559,15.3829,0.058305
13393,0.9204,7.9011,4.3123,2.3584,15.4922,0.076151
13394,0.9458,7.8479,4.3141,2.3382,15.446,0.064205
13395,0.9723,7.7924,4.3231,2.3091,15.3969,0.054676
13396,0.9958,7.7395,4.3106,2.3131,15.3591,0.043137
13397,0.9091,7.8175,4.3274,2.312,15.3661,0.035967
13398,0.9462,7.7723,4.2874,2.3276,15.3335,0.032425
13399,0.9767,7.8196,4.3542,2.347,15.4976,0.029766
13400,0.9607,7.7709,4.3064,2.3465,15.3845,0.033872
13401,0.9425,7.7667,4.3249,2.3419,15.3761,0.017944
13402,0.9689,7.9424,4.3292,2.3159,15.5564,0.042709
13403,0.9857,7.8083,4.3669,2.3278,15.4887,0.090479
13404,1.0063,7.7657,4.288,2.2949,15.3549,0.085592
13405,0.9189,7.8591,4.2898,2.3234,15.3912,0.091696
13406,0.962,8.1892,4.2675,2.3355,15.7542,0.135878
13407,0.9354,7.811,4.2733,2.3374,15.3571,0.106746
13408,0.9527,7.8152,4.2873,2.3514,15.4066,0.097349
13409,0.9248,7.8139,4.2922,2.3308,15.3617,0.100383
13410,0.9621,7.7445,4.308,2.3069,15.3215,0.068598
13411,0.9785,7.8463,4.2958,2.3098,15.4305,0.079823
13412,0.9969,7.7671,4.3098,2.2985,15.3724,0.069456
13413,0.9151,7.8201,4.285,2.3371,15.3573,0.049714
13414,0.97,7.8065,4.2809,2.3347,15.3922,0.079235
13415,0.9343,7.8049,4.3431,2.3821,15.4644,0.092515
13416,0.9512,7.8118,4.2943,2.3403,15.3975,0.080992
13417,0.9213,7.8162,4.2946,2.305,15.3371,0.075574
13418,1.0001,7.8734,4.2875,2.3166,15.4776,0.074595
13419,0.9853,7.8228,4.2774,2.302,15.3876,0.01883
13420,0.9692,7.8021,4.2774,2.3188,15.3675,0.025997
13421,0.9349,7.9077,4.2593,2.3287,15.4306,0.121184
13422,0.9702,7.7422,4.2466,2.3599,15.3189,0.058706
13423,0.9435,7.8313,4.3819,2.3442,15.501,0.056605
13424,0.9684,7.8307,4.2851,2.3259,15.4101,0.049176
13425,0.9198,7.8127,4.3029,2.322,15.3574,0.062059
13426,1.0045,7.8576,4.3061,2.3213,15.4894,0.060032
13427,0.9708,7.8042,4.2968,2.3028,15.3746,0.090783
13428,0.963,7.8397,4.2925,2.3409,15.4361,0.105757
13429,0.9226,7.8803,4.29,2.3317,15.4246,0.12383
13430,0.9619,7.8352,4.2999,2.3433,15.4404,0.129712
13431,0.9436,8.4461,4.4169,2.3191,16.1257,0.145701
13432,0.97,8.1595,4.3119,2.3703,15.8117,0.156388
13433,0.9325,7.7962,4.3271,2.3612,15.417,0.170202
13434,0.9695,7.8358,4.312,2.3006,15.4179,0.17868
13435,0.9694,7.8725,4.2845,2.3095,15.4359,0.187998
13436,1.0024,7.7842,4.4091,2.2969,15.4926,0.200754
13437,0.8951,7.8593,4.3479,2.2988,15.401,0.127775
13438,0.969,7.8188,4.2921,2.3535,15.4333,0.135866
13439,0.948,7.8084,4.2941,2.327,15.3775,0.047706
13440,0.9519,7.8368,4.3242,2.3412,15.454,0.086355
13441,0.9166,7.8416,4.3106,2.3529,15.4216,0.036487
13442,0.975,7.8268,4.329,2.3248,15.4556,0.068712
13443,1.0,7.8099,4.3064,2.313,15.4292,0.048352
13444,0.9951,7.7407,4.3404,2.318,15.3942,0.031013
13445,0.9026,7.8834,4.3357,2.3269,15.4485,0.026353
13446,0.9593,7.9326,4.2765,2.3272,15.4957,0.027905
13447,0.9468,7.9032,4.2683,2.3277,15.446,0.024237
13448,0.9722,7.784,4.2643,2.3479,15.3684,0.021677
13449,0.8873,7.8108,4.3055,2.3378,15.3414,0.014767
13450,0.984,7.7976,4.2943,2.3053,15.3811,0.013753
13451,0.9938,7.725,4.2818,2.3191,15.3197,0.015565
13452,0.9372,7.766,4.3445,3.5043,16.552,0.014466
13453,0.9313,7.8331,4.3148,2.3201,15.3993,0.014754
13454,0.9952,7.8915,4.2902,2.2963,15.4733,0.024134
13455,0.9657,7.8648,4.2545,2.3353,15.4204,0.02828
13456,0.9644,7.8159,4.2698,2.3414,15.3915,0.029225
13457,0.9298,7.7773,4.3116,2.3227,15.3413,0.029803
13458,0.9405,8.2129,4.2846,2.3543,15.7923,0.032137
13459,0.9706,7.8289,4.2713,2.3561,15.4269,0.039055
13460,0.9371,7.7085,4.2908,2.3189,15.2553,0.04206
13461,0.9427,7.8382,4.3178,2.2934,15.3922,0.039017
13462,0.9718,7.9062,4.3115,2.314,15.5036,0.046563
13463,0.9763,7.8595,4.2679,2.3223,15.4259,0.063491
13464,0.936,7.7929,4.308,2.3338,15.3707,0.055068
13465,0.924,7.8381,4.3224,2.3495,15.434,0.044505
13466,0.9708,7.7664,4.2817,2.347,15.3659,0.057518
13467,0.9571,7.9045,4.2913,2.2916,15.4445,0.052489
13468,0.9879,7.7407,4.2874,2.3038,15.3198,0.048309
13469,0.9345,7.8092,4.3167,2.3032,15.3637,0.045154
13470,0.9617,7.8913,4.276,2.348,15.4769,0.037111
13471,0.9722,7.8318,4.323,2.3353,15.4623,0.034774
13472,0.9668,7.8155,4.2693,2.3433,15.3949,0.037594
13473,0.902,7.8006,4.3006,2.343,15.3461,0.036814
13474,0.9663,7.743,4.3015,2.2946,15.3054,0.036498
13475,0.9763,7.8865,4.3091,2.3199,15.4919,0.048692
13476,1.0045,7.76,4.3023,2.3085,15.3752,0.055157
13477,0.892,7.8922,4.2966,2.318,15.3987,0.043537
13478,0.9723,7.7667,4.3042,2.3516,15.3949,0.061606
13479,0.9735,7.8019,4.2868,2.3171,15.3792,0.058746
13480,0.9327,7.749,4.2598,2.3458,15.2873,0.061096
13481,0.9215,7.8072,4.3028,2.295,15.3265,0.053531
13482,0.993,7.8068,4.2953,2.318,15.4131,0.058002
13483,0.9714,7.7916,4.3236,2.3042,15.3908,0.058359
13484,0.9754,7.7868,4.2902,2.3268,15.3792,0.070222
13485,0.9006,8.216,4.3222,2.3356,15.7744,0.04179
13486,0.9909,7.8209,4.2765,2.3275,15.4157,0.053537
13487,0.934,7.7723,4.2725,2.3461,15.3249,0.049825
13488,0.9656,7.8112,4.2821,2.337,15.396,0.047967
13489,0.8972,7.7503,4.3296,2.3322,15.3092,0.047581
13490,1.0066,7.7027,4.2702,2.3083,15.2878,0.063562
13491,0.9687,7.8486,4.2855,2.3102,15.413,0.066203
13492,0.9591,7.8189,4.2652,2.3525,15.3957,0.09332
13493,0.903,7.9393,4.2948,2.3365,15.4735,0.040439
13494,0.9682,7.8836,4.2856,2.3432,15.4805,0.048856
13495,0.9451,7.8053,4.3078,2.3453,15.4035,0.125338
13496,0.9683,7.7687,4.2767,2.3252,15.339,0.038549
13497,0.9453,7.8949,4.3,2.3153,15.4554,0.025238
13498,0.999,7.8335,4.2877,2.3244,15.4446,0.150563
13499,0.9691,7.9063,4.2964,2.3205,15.4923,0.123057
13500,0.9272,7.8206,4.3234,2.3394,15.4106,0.051367
13501,0.9502,7.8836,4.294,2.3178,15.4457,0.045517
13502,0.9746,7.7856,4.2774,2.3463,15.3839,0.028476
13503,0.9505,7.7968,4.2707,2.3354,15.3534,0.013342
13504,0.9718,7.8314,4.2968,2.3082,15.4081,0.015745
13505,0.9165,7.8448,4.2945,2.299,15.3548,0.01155
13506,1.0112,7.7812,4.3065,2.3046,15.4035,0.01654
13507,0.9612,7.7662,4.2756,2.3207,15.3237,0.015644
13508,0.9591,7.7503,4.2845,2.3315,15.3254,0.012961
13509,0.9477,7.7698,4.2885,2.347,15.353,0.012004
13510,0.9452,7.7067,4.313,2.3324,15.2973,0.01548
13511,0.9667,8.1324,4.2884,2.3219,15.7094,0.016893
13512,0.9708,7.8297,4.2787,2.3264,15.4057,0.019406
13513,0.991,7.8544,4.2888,2.3128,15.447,0.018544
13514,0.9468,7.7097,4.2809,2.3406,15.2779,0.028892
13515,0.9102,7.7217,4.2858,2.3298,15.2475,0.024797
13516,0.949,7.6966,4.2664,2.3481,15.2601,0.02393
13517,0.9716,7.8559,4.2886,2.3509,15.467,0.026321
13518,0.9755,7.755,4.2755,2.3026,15.3085,0.028682
13519,0.9334,7.7345,4.2855,2.3256,15.279,0.017737
13520,1.0035,7.743,4.292,2.3091,15.3476,0.704073
13521,0.964,7.85,4.2779,2.3235,15.4154,0.999958
13522,0.9581,7.7978,4.2909,2.3421,15.3889,0.999853
13523,0.9273,7.7727,4.2943,2.3466,15.341,0.996195
13524,0.9694,7.7793,4.2992,2.3475,15.3954,0.958524
13525,0.9732,7.8199,4.2883,2.3145,15.396,0.204652
13526,1.0049,7.6696,4.2795,2.3125,15.2665,0.190005
13527,0.9699,7.77,4.307,2.2883,15.3353,0.176093
13528,0.9702,7.7415,4.2946,2.3236,15.3298,0.129578
13529,0.9645,7.7924,4.2894,2.344,15.3903,0.123291
13530,0.9609,7.7178,4.2796,2.3713,15.3296,0.122699
13531,0.891,7.7545,4.2873,2.3144,15.2471,0.084764
13532,0.9948,7.7422,4.2854,2.3075,15.3299,0.207835
13533,0.9729,7.7488,4.2851,2.3094,15.3161,0.260492
13534,0.9756,7.6741,4.2574,2.3528,15.2599,0.234193
13535,0.9,7.822,4.2764,2.3369,15.3353,0.262035
13536,0.97,7.7111,4.2523,2.3472,15.2805,0.267129
13537,0.9785,7.7063,4.2765,2.3356,15.2969,0.233718
13538,0.9745,7.9846,4.2699,2.3125,15.5415,0.248937
13539,0.9355,7.7967,4.2903,2.3271,15.3497,0.18902
13540,1.0162,7.6967,4.2788,2.3038,15.2955,0.279661
13541,0.9648,7.752,4.2647,2.3397,15.3212,0.198075
13542,0.9511,7.6867,4.2554,2.3246,15.2178,0.219817
13543,0.9255,7.7442,4.2706,2.3513,15.2916,0.217915
13544,0.9697,7.7257,4.3212,2.3028,15.3195,0.371213
13545,0.9975,7.8267,4.2958,2.316,15.436,0.307733
13546,0.9666,7.6563,4.2714,2.3037,15.198,0.23061
13547,0.9177,7.7993,4.2569,2.318,15.2919,0.130764
13548,0.9441,7.7037,4.2794,2.3337,15.261,0.160674
13549,0.9691,7.757,4.2545,2.3383,15.3189,0.128158
13550,0.9446,7.707,4.2614,2.313,15.226,0.132012
13551,0.8934,7.7779,4.281,2.3093,15.2615,0.183733
13552,0.9653,7.7495,4.2723,2.315,15.3021,0.16146
13553,0.9844,7.7203,4.3162,2.3182,15.3391,0.16226
13554,0.944,7.6667,4.3078,2.339,15.2575,0.132024
13555,0.8958,7.8439,4.3012,2.3332,15.3741,0.089311
13556,0.9416,7.8112,4.2921,2.346,15.391,0.142389
13557,0.9745,7.7512,4.2993,2.3158,15.3408,0.164629
13558,0.9571,7.7426,4.2826,2.3083,15.2906,0.157775
13559,0.8944,7.8209,4.2965,2.303,15.3149,0.127078
13560,0.953,7.7219,4.2967,2.3305,15.3021,0.211362
13561,0.9652,8.3653,4.3028,2.3358,15.9691,0.189162
13562,0.9576,7.6765,4.2935,2.355,15.2826,0.254393
13563,0.8966,7.9465,4.3124,2.3638,15.5193,0.218466
13564,0.9705,8.0618,4.2975,2.3608,15.6906,0.177405
13565,0.9614,7.8373,4.3027,2.3281,15.4295,0.177215
13566,1.0952,7.8115,4.3111,2.3092,15.527,0.183263
13567,0.9445,7.7826,4.29,2.3052,15.3223,0.164498
13568,0.9463,7.7101,4.2952,2.3216,15.2732,0.180331
13569,0.98,7.8009,4.3105,2.3441,15.4355,0.183258
13570,0.9418,7.8088,4.28,2.3342,15.3648,0.201613
13571,0.9016,7.7689,4.3039,2.351,15.3254,0.189828
13572,0.9357,7.7203,4.2932,2.318,15.2672,0.148668
13573,0.999,7.7756,4.2912,2.3204,15.3863,0.206397
13574,0.9718,7.8027,4.3024,2.3098,15.3867,0.199981
13575,0.8888,7.8787,4.2981,2.3445,15.4101,0.242935
13576,0.952,7.6757,4.2996,2.3413,15.2687,0.245611
13577,0.9571,7.8062,4.291,2.3531,15.4073,0.229951
13578,0.9682,7.663,4.2894,2.3418,15.2625,0.236857
13579,0.9171,7.8846,4.3004,2.2994,15.4014,0.214704
13580,1.005,7.8395,4.2954,2.3074,15.4473,0.161212
13581,1.0049,7.7584,4.2955,2.3072,15.366,0.117737
13582,0.9594,7.746,4.2976,2.3196,15.3227,0.101663
13583,0.8988,7.7328,4.2828,2.3324,15.2467,0.074951
13584,0.9401,7.6799,4.2956,2.3373,15.2529,0.099134
13585,0.9568,7.7794,4.2975,2.2931,15.3268,0.085327
13586,0.9389,7.7287,4.2758,2.2973,15.2407,0.097771
13587,0.919,7.892,4.3028,2.3182,15.432,0.085387
13588,0.9474,7.8411,4.2915,2.3323,15.4123,0.072915
13589,0.9613,7.7293,4.2931,2.3323,15.3159,0.074997
13590,0.9517,7.6883,4.2769,2.3518,15.2688,0.039835
13591,0.91,8.2453,4.2938,2.3579,15.807,0.037389
13592,0.9474,7.7551,4.3109,2.3537,15.3671,0.038115
13593,0.9748,7.7363,4.3247,2.3122,15.348,0.034288
13594,1.0005,7.7359,4.2996,2.3027,15.3388,0.036719
13595,0.9402,7.7748,4.3216,2.3081,15.3448,0.023474
13596,0.9774,7.7627,4.2942,2.3297,15.364,0.030395
13597,0.9367,7.8039,4.288,2.3311,15.3596,0.022517
13598,0.9681,7.6796,4.3109,2.3469,15.3055,0.007663
13599,0.9011,7.843,4.2964,2.3455,15.386,0.020176
13600,0.9504,7.784,4.2921,2.3118,15.3383,0.029026
13601,1.0205,7.7689,4.3165,2.3048,15.4107,0.012161
13602,0.9591,7.7365,4.3172,2.2971,15.3099,0.015762
13603,0.9129,7.7704,4.2759,2.3403,15.2995,0.013722
13604,0.9774,7.7723,4.2907,2.3235,15.3639,0.034584
13605,0.9351,7.7767,4.2868,2.3502,15.3488,0.038761
13606,0.9672,7.7155,4.3041,2.3075,15.2943,0.029598
13607,0.9336,7.7437,4.3077,2.3175,15.3025,0.024706
13608,0.9689,7.7246,4.3051,2.3141,15.3128,0.024882
13609,0.9843,7.7442,4.3043,2.3398,15.3726,0.023726
13610,0.9469,7.6644,4.2817,2.3264,15.2194,0.022072
13611,0.9072,7.8272,4.3132,2.3488,15.3964,0.021817
13612,0.9468,7.7449,4.2958,2.3653,15.3528,0.026453
13613,0.9547,7.712,4.2845,2.3063,15.2576,0.028695
13614,0.992,7.7518,4.3047,2.3097,15.3582,0.033612
13615,0.9175,7.8312,4.3017,2.3249,15.3753,0.084928
13616,0.9551,7.7319,4.2966,2.3237,15.3074,0.032937
13617,0.9732,8.0931,4.2725,2.3454,15.6843,0.026942
13618,0.9513,7.7002,4.2979,2.3619,15.3113,0.044557
13619,0.9282,7.7304,4.2973,2.3495,15.3054,0.023607
13620,0.9735,7.7036,4.293,2.3237,15.2939,0.034726
13621,0.9758,7.7869,4.3216,2.3098,15.3941,0.036629
13622,0.9651,7.7766,4.2696,2.3248,15.3361,0.036846
13623,0.9205,7.9012,4.2711,2.3309,15.4237,0.033934
13624,0.957,7.8039,4.2687,2.3199,15.3494,0.031984
13625,0.9551,7.7797,4.2852,2.3424,15.3623,0.121304
13626,0.9724,7.6927,4.2564,2.328,15.2495,0.012027
13627,0.9591,7.8723,4.2811,2.3242,15.4367,0.16431
13628,1.0033,7.7863,4.2988,2.3127,15.4011,0.165094
13629,0.9435,7.8278,4.3163,2.3143,15.4018,0.156266
13630,0.9731,7.7124,4.2946,2.5476,15.5277,0.182949
13631,0.9475,7.7598,4.2942,2.3379,15.3394,0.17052
13632,0.9705,7.7041,4.3112,2.3384,15.3243,0.129245
13633,0.9378,7.7618,4.2906,2.3401,15.3304,0.141245
13634,0.9677,7.6924,4.3008,2.3175,15.2784,0.121676
13635,0.9486,7.8136,4.3052,2.3222,15.3896,0.087126
13636,0.9605,7.812,4.294,2.3151,15.3816,0.091318
13637,0.9502,7.718,4.2973,2.342,15.3075,0.085203
13638,0.9728,7.7164,4.3098,2.333,15.3321,0.083621
13639,0.9309,7.8962,4.3191,2.3403,15.4864,0.078756
13640,0.9772,7.6823,4.3251,2.3141,15.2987,0.092522
13641,0.9852,7.7798,4.3054,2.295,15.3654,0.084681
13642,1.0001,7.6517,4.2641,2.3019,15.2179,0.091362
13643,0.9167,7.8415,4.2932,2.3325,15.3838,0.041808
13644,0.9715,8.0895,4.3223,2.3364,15.7197,0.052759
13645,0.9397,7.7451,4.303,2.3416,15.3294,0.106593
13646,0.9793,7.7444,4.2825,2.3513,15.3575,0.116524
13647,0.9225,7.7365,4.3028,2.3283,15.2901,0.116465
13648,0.9611,7.7573,4.2819,2.302,15.3023,0.106553
13649,0.9939,7.7284,4.2927,2.3168,15.3317,0.058787
13650,0.9735,7.7117,4.2854,2.322,15.2925,0.051382
13651,0.9226,7.8146,4.2893,2.3423,15.3688,0.041849
13652,0.9787,7.6721,4.3147,2.3583,15.3238,0.082756
13653,0.9702,7.7872,4.3058,2.3443,15.4076,0.058793
13654,0.9656,7.6969,4.309,2.2942,15.2657,0.063992
13655,0.9525,7.7505,4.2929,2.3072,15.3031,0.047949
13656,1.0144,7.7492,4.296,2.3155,15.3751,0.049516
13657,0.9622,7.7672,4.2873,2.3259,15.3426,0.051211
13658,0.968,7.7272,4.2747,2.3293,15.2993,0.051855
13659,0.9168,7.784,4.2839,2.3595,15.3442,0.046382
13660,0.9775,7.7004,4.3148,2.3143,15.307,0.051116
13661,0.9411,7.7767,4.28,2.305,15.3029,0.039545
13662,1.0062,7.691,4.2856,2.3101,15.2929,0.040946
13663,0.9137,7.7935,4.2984,2.3381,15.3437,0.046242
13664,0.9796,7.683,4.3065,2.3457,15.3149,0.065948
13665,0.966,7.6711,4.3181,2.354,15.3093,0.054328
13666,0.9757,7.6295,4.2948,2.3239,15.2239,0.060332
13667,0.9169,7.7731,4.3426,2.3104,15.3429,0.051189
13668,0.9956,7.7171,4.2952,2.3108,15.3187,0.043929
13669,0.9405,7.7568,4.3065,2.3283,15.332,0.067303
13670,0.9744,7.9593,4.2575,2.3387,15.5299,0.108311
13671,0.9216,7.7833,4.3149,2.3424,15.3622,0.100301
13672,0.9784,7.7569,4.302,2.3499,15.3871,0.053021
13673,0.9705,7.7491,4.3021,2.3629,15.3846,0.032316
13674,0.9896,7.7007,4.2905,2.3163,15.297,0.027994
13675,0.9516,7.7687,4.3168,2.3252,15.3624,0.029256
13676,0.9473,7.6756,4.3101,2.327,15.2601,0.023301
13677,0.9945,7.79,4.2959,2.3339,15.4142,0.022264
13678,0.972,7.6746,4.3081,2.3603,15.315,0.016882
13679,0.918,7.7797,4.298,2.3428,15.3386,0.015241
13680,0.9362,7.6614,4.3067,2.3021,15.2065,0.012908
13681,0.9996,7.7447,4.3126,2.2949,15.3519,0.075923
13682,0.9712,7.6324,4.2988,2.3125,15.2149,0.019565
13683,0.9067,7.8144,4.3044,2.3384,15.364,0.013636
13684,0.951,7.7411,4.3164,2.3315,15.34,0.03598
13685,0.9784,7.7466,4.303,2.3616,15.3897,0.025431
13686,0.9572,7.7313,4.3225,2.3492,15.3603,0.046961
13687,0.9205,7.7401,4.3234,2.301,15.285,0.229452
13688,0.9951,7.7638,4.2995,2.3097,15.3681,0.131894
13689,0.9676,7.7148,4.3176,2.3178,15.3178,0.102112
13690,0.9616,7.6927,4.3106,2.3288,15.2937,0.106575
13691,0.9169,8.3773,4.3568,2.2885,15.9396,0.085896
13692,0.9663,7.6987,4.3477,2.3392,15.3518,0.087441
13693,0.9814,7.8473,4.3151,2.3499,15.4936,0.112502
13694,0.9723,7.7122,4.3041,2.3076,15.2962,0.094991
13695,0.9457,7.8451,4.3619,2.3541,15.5069,0.142944
13696,0.9993,7.6973,4.3009,2.3075,15.305,0.18948
13697,0.9742,8.1931,4.3471,2.304,15.8184,0.19753
13698,0.9421,7.7093,4.2904,2.3238,15.2655,0.182334
13699,0.9077,7.747,4.3399,2.334,15.3286,0.180943
13700,0.9413,7.8387,4.3119,2.3731,15.4651,0.192097
13701,0.9706,7.7776,4.2975,2.3279,15.3736,0.164023
13702,0.9432,7.6207,4.297,2.308,15.169,0.354538
13703,0.9501,7.7956,4.2975,2.3104,15.3537,0.224387
13704,0.972,7.8275,4.3089,2.3007,15.4091,0.137119
13705,0.9775,7.775,4.2941,2.3454,15.392,0.079534
13706,0.9728,7.7018,4.2615,2.3342,15.2704,0.135106
13707,0.8921,7.8053,4.2997,2.3573,15.3544,0.102293
13708,0.9396,7.76,4.305,2.3133,15.3179,0.123123
13709,0.9624,7.7627,4.319,2.3142,15.3582,0.138157
13710,0.9734,7.8159,4.3216,2.3101,15.4209,0.154528
13711,0.9048,7.8306,4.2927,2.34,15.3682,0.088096
13712,0.9395,7.8731,4.3087,2.3423,15.4637,0.110262
13713,0.9727,7.8067,4.3092,2.3446,15.4331,0.141257
13714,0.9337,7.7017,4.2538,2.349,15.2382,0.166873
13715,0.8915,7.7406,4.2953,2.3125,15.24,0.196153
13716,0.9724,7.7641,4.2916,2.3053,15.3334,0.270146
13717,0.9963,7.7566,4.2813,2.3054,15.3396,0.30648
13718,0.9549,7.6512,4.282,2.3142,15.2023,0.288781
13719,0.8864,7.7822,4.2782,2.3369,15.2836,0.157037
13720,0.9357,7.7503,4.2791,2.3442,15.3093,0.233671
13721,0.9842,7.8431,4.29,2.3363,15.4536,0.664225
13722,0.9599,7.6866,4.2856,2.3041,15.2362,0.7194
13723,0.9326,8.1527,4.2919,2.3133,15.6906,0.706292
13724,0.9654,7.6815,4.2996,2.2983,15.2448,0.782779
13725,0.9761,7.7589,4.2955,2.3383,15.3689,0.802641
13726,0.9414,7.6716,4.2868,2.3219,15.2217,0.79459
13727,0.9111,7.8642,4.3584,2.3187,15.4524,0.754232
13728,0.9727,7.6781,4.3248,2.3446,15.3201,0.771202
13729,0.9553,7.8829,4.2943,2.3104,15.4429,0.7632
13730,1.0159,7.6268,4.2978,2.3046,15.245,0.804304
13731,0.8999,7.7696,4.2993,2.3324,15.3012,0.779218
13732,0.934,7.7469,4.2885,2.3277,15.2971,0.667197
13733,0.9641,7.804,4.2521,2.3415,15.3616,0.635251
13734,0.9425,7.6812,4.2833,2.3461,15.2532,0.591386
13735,0.9021,7.8322,4.2819,2.3073,15.3235,0.53042
13736,0.9718,7.7771,4.2937,2.2978,15.3405,0.290791
13737,1.0123,7.7625,4.3231,2.316,15.4139,0.285769
13738,0.9339,7.7033,4.2929,2.341,15.271,0.277995
13739,0.9439,7.734,4.3033,2.3362,15.3174,0.296711
13740,0.9519,7.6994,4.2861,2.3469,15.2843,0.292048
13741,0.9672,7.714,4.2905,2.3147,15.2864,0.251339
13742,0.9496,7.7198,4.2731,2.2988,15.2412,0.275971
13743,0.9191,7.7929,4.3101,2.3139,15.3361,0.268712
13744,0.9422,7.6705,4.3081,2.3326,15.2534,0.274195
13745,0.9653,7.7915,4.3085,2.3338,15.399,0.291919
13746,0.9669,7.7209,4.2656,2.3329,15.2863,0.380626
13747,0.9214,7.8144,4.2875,2.3536,15.3769,0.311278
13748,0.9526,7.7016,4.3274,2.3066,15.2882,0.363842
13749,1.0001,7.7191,4.2709,2.3172,15.3073,0.291811
13750,0.9439,8.0329,4.3175,2.3115,15.6059,0.326185
13751,0.8929,7.9123,4.2622,2.3363,15.4037,0.322001
13752,0.9443,7.7688,4.2875,2.3741,15.3747,0.226188
13753,0.9773,7.7838,4.2637,2.3497,15.3745,0.206917
13754,0.9409,7.6824,4.274,2.3294,15.2266,0.225474
13755,0.8931,7.8112,4.2957,2.3059,15.3059,0.241817
13756,0.9595,7.7112,4.2874,2.3036,15.2617,0.269736
13757,0.968,7.7693,4.27,2.3324,15.3398,0.271959
13758,0.9518,7.6933,4.2986,2.3286,15.2722,0.999002
13759,0.9306,7.8797,4.3098,2.3402,15.4602,0.999991
13760,0.9683,7.7438,4.3218,2.31,15.3438,0.999995
13761,0.9446,7.7473,4.3108,2.3014,15.304,0.999967
13762,0.9839,7.7141,4.2994,2.3143,15.3117,0.999876
13763,0.9944,7.6543,4.3077,2.3051,15.2616,0.998646
13764,0.9363,7.7458,4.259,2.349,15.2902,0.996747
13765,0.8873,7.9664,4.2915,2.3391,15.4842,0.961063
13766,0.9521,7.753,4.2768,2.3411,15.3229,0.95455
13767,0.9759,7.7995,4.3197,2.3426,15.4377,0.919926
13768,0.9819,7.6681,4.3447,2.3122,15.3069,0.833099
13769,0.9284,7.7802,4.3039,2.3058,15.3184,0.626753
13770,0.9674,7.7281,4.3123,2.305,15.3129,0.514524
13771,0.9414,7.9229,4.3066,2.3591,15.53,0.452102
13772,0.9637,7.6704,4.3013,2.3289,15.2644,0.458995
13773,0.9239,7.7457,4.3021,2.3608,15.3326,0.402722
13774,0.9433,7.7387,4.3097,2.3094,15.3011,0.372783
13775,0.9318,7.8032,4.3188,3.5857,16.6395,0.355238
13776,0.9709,8.0127,4.2972,2.3632,15.6439,0.328246
13777,0.92,7.8424,4.2972,2.3257,15.3852,0.252527
13778,0.9678,7.7727,4.3082,2.3154,15.364,0.262571
13779,1.014,7.7504,4.2994,2.3227,15.3864,0.205237
13780,0.9751,7.6803,4.2958,2.32,15.2712,0.192647
13781,0.9419,8.0438,4.3122,2.3337,15.6316,0.171106
13782,0.9372,7.7532,4.3215,2.3355,15.3474,0.292135
13783,0.963,7.7386,4.2661,2.3598,15.3275,0.274638
13784,0.9773,7.6774,4.3082,2.3102,15.273,0.064858
13785,0.9409,7.7395,4.3148,2.3175,15.3127,0.083737
13786,0.9655,7.7186,4.3172,2.3206,15.3219,0.065667
13787,0.966,7.8232,4.2786,2.3258,15.3936,0.196026
13788,0.9648,7.7723,4.307,2.3355,15.3796,0.083292
13789,0.9123,8.7245,4.3098,2.3434,16.29,0.078649
13790,0.9523,7.7556,4.3008,2.3406,15.3493,0.192161
13791,0.9585,7.7767,4.2893,2.3533,15.3777,0.848679
13792,0.9571,7.7775,4.2881,2.3313,15.3539,0.715884
13793,0.9065,7.7638,4.3216,2.3452,15.337,0.103407
13794,0.9946,7.7451,4.2776,2.3157,15.333,0.102362
13795,0.9527,7.8443,4.299,2.3281,15.4242,0.010744
13796,0.945,7.7894,4.2767,2.3179,15.329,0.020844
13797,0.9308,7.8939,4.3046,2.3402,15.4694,0.019006
13798,0.9514,7.6618,4.3023,2.3437,15.2592,0.004422
13799,0.9647,7.7308,4.2853,2.3072,15.2879,0.005192
13800,1.0106,7.7336,4.2955,2.3112,15.3508,0.011386
13801,0.9425,7.7308,4.3285,2.3003,15.3022,0.010561
13802,0.9612,7.8583,4.2932,2.3506,15.4633,0.009718
13803,0.9728,8.0669,4.2681,2.3338,15.6415,0.014843
13804,0.9742,7.7522,4.2865,2.328,15.3409,0.006999
13805,0.9187,7.7842,4.3355,2.36,15.3985,0.011766
13806,0.9633,7.7733,4.2905,2.332,15.3593,0.008278
13807,0.9698,7.776,4.3248,2.325,15.3956,0.006528
13808,1.0174,7.6702,4.2875,2.3188,15.2939,0.004235
13809,0.9267,7.8704,4.2933,2.3137,15.404,0.011509
13810,0.9675,7.7197,4.2794,2.3613,15.3279,0.014826
13811,0.9294,7.8421,4.3078,2.3529,15.4322,0.010978
13812,0.9602,7.7395,4.2991,2.3495,15.3483,0.008213
13813,0.9107,8.3584,4.2775,2.3508,15.8975,0.006174
13814,0.9713,7.7149,4.2942,2.3221,15.3025,0.006602
13815,0.9842,7.8065,4.7251,2.321,15.8367,0.007288
13816,0.9903,7.7481,4.2713,2.3059,15.3156,0.006486
13817,1.0141,7.7142,4.2891,2.3095,15.3269,0.006496
13818,0.9691,7.7452,4.2624,2.339,15.3157,0.007546
13819,0.9844,7.8122,4.2898,2.3436,15.43,0.007504
13820,0.9735,7.6831,4.288,2.3247,15.2694,0.007387
13821,0.9005,8.3125,4.468,2.3121,15.9931,0.011993
13822,0.9739,7.7856,4.3388,2.4119,15.5101,0.01032
13823,0.956,7.7371,4.2821,2.3203,15.2955,0.010425
13824,1.0095,7.7108,4.279,2.3117,15.3109,0.009271
13825,0.9208,8.6334,4.3323,2.3103,16.1968,0.009547
13826,1.0029,7.723,4.2877,2.2955,15.309,0.024258
13827,0.9621,7.804,4.2619,2.3464,15.3745,0.995584
13828,0.9986,7.7296,4.3151,2.3513,15.3946,0.999655
13829,0.898,8.029,4.3199,2.3418,15.5887,0.999811
13830,0.9701,7.672,4.2935,2.3601,15.2957,0.999373
13831,0.935,7.7725,4.3399,3.4535,16.5009,0.99661
13832,0.9626,7.7258,4.2866,2.351,15.326,0.989059
13833,0.9141,7.8159,4.3231,2.3121,15.3652,0.986716
13834,1.0031,7.7337,4.2848,2.3025,15.3241,0.829626
13835,0.9662,7.7986,4.3032,2.3148,15.3828,0.636894
13836,0.944,7.704,4.2978,2.326,15.2717,0.594346
13837,0.9202,7.8281,4.3057,2.3151,15.3691,0.514184
13838,0.935,7.8165,4.2864,2.3499,15.3877,0.516853
13839,0.9543,7.84,4.3013,2.3371,15.4327,0.377733
13840,0.9439,7.7547,4.3471,2.3286,15.3743,0.352156
13841,0.9408,7.7847,4.2977,2.3152,15.3384,0.236263
13842,0.9681,7.7824,4.2849,2.2895,15.3248,0.32348
13843,0.9614,7.845,4.2691,2.325,15.4004,0.220149
13844,0.9728,7.6884,4.267,2.3429,15.2711,0.027588
13845,0.9225,7.702,4.2772,2.3588,15.2604,0.039534
13846,0.9419,7.7538,4.3162,2.3579,15.3697,0.056259
13847,0.9759,7.857,4.2735,2.3046,15.411,0.040983
13848,0.9984,7.7397,4.2832,2.3079,15.3291,0.065234
13849,0.9142,7.7762,4.3264,2.3351,15.3518,0.034724
13850,0.9705,7.8092,4.2858,2.3398,15.4052,0.030355
13851,0.971,7.7317,4.2755,2.335,15.3132,0.022759
13852,0.9733,7.7524,4.2911,2.3451,15.3619,0.023576
13853,0.942,7.8127,4.3117,2.3563,15.4226,0.023666
13854,0.9749,7.7785,4.2652,2.294,15.3127,0.029392
13855,1.0032,7.7474,4.282,2.3018,15.3344,0.015541
13856,0.9736,8.0164,4.3395,2.3027,15.6321,0.016971
13857,0.9127,7.8356,4.3206,2.3363,15.4053,0.021735
13858,0.9683,7.7774,4.2888,2.3329,15.3674,0.019114
13859,0.9699,7.7515,4.2779,2.3499,15.3491,0.022647
13860,0.9768,7.7842,4.2831,2.3395,15.3837,0.038343
13861,0.9132,7.7725,4.3304,2.321,15.3371,0.034976
13862,1.005,7.7441,4.3075,2.3001,15.3568,0.039969
13863,0.9757,7.7983,4.3135,2.3026,15.3902,0.028353
13864,0.9788,7.7382,4.3075,2.3336,15.3581,0.025168
13865,0.9053,7.8555,4.2853,2.338,15.3842,0.019983
13866,0.9756,7.7178,4.3455,2.3437,15.3827,0.024503
13867,0.9699,7.7886,4.3013,2.3373,15.3972,0.020604
13868,0.976,7.7548,4.296,2.3156,15.3424,0.021166
13869,0.9354,7.8127,4.3174,2.3258,15.3913,0.022623
13870,1.0074,7.7069,4.2832,2.3111,15.3086,0.017427
13871,0.9712,7.9644,4.2896,2.3313,15.5564,0.033593
13872,0.9763,7.6747,4.2932,2.3474,15.2916,0.033438
13873,0.934,7.7551,4.3057,2.3465,15.3413,0.080855
13874,0.9645,7.7271,4.3256,2.3447,15.3619,0.009667
13875,0.9767,7.7545,4.2893,2.3041,15.3245,0.001693
13876,1.0099,7.6884,4.2832,2.3139,15.2954,0.002013
13877,0.9214,7.8788,4.2908,2.315,15.4061,0.000692
13878,0.9562,7.7923,4.2835,2.3319,15.3638,0.000759
13879,0.9602,7.7732,4.3177,2.3138,15.3648,0.00104
13880,0.9749,7.6793,6.2755,2.2995,17.2292,0.00088
13881,0.8926,7.8781,4.2609,2.3286,15.3602,0.000799
13882,0.975,8.049,4.3324,2.352,15.7084,0.000425
13883,0.9759,7.8855,4.2864,2.3346,15.4823,0.000422
13884,0.9949,7.7559,4.3005,2.3357,15.3871,0.000442
13885,0.9135,7.8363,4.3294,2.3674,15.4466,0.000736
13886,0.9726,7.7251,4.308,2.3109,15.3167,0.000811
13887,0.9878,7.7845,4.3045,2.3117,15.3885,0.999153
13888,1.0149,7.6609,4.3518,2.3157,15.3433,0.999905
13889,0.919,7.9098,4.3052,2.3978,15.5317,0.999918
13890,0.9634,7.7823,4.3199,2.3443,15.41,0.999941
13891,0.9664,7.7899,4.312,2.3456,15.4139,0.999905
13892,0.9638,7.652,4.2798,2.3395,15.2351,0.999931
13893,0.9166,7.7097,4.3191,2.3253,15.2707,0.999965
13894,0.9893,7.8722,4.2906,2.2961,15.4483,0.999952
13895,0.9912,7.7901,4.3017,2.324,15.407,0.993867
13896,0.9896,7.7437,4.2933,2.322,15.3486,0.635929
13897,0.9198,7.8334,4.3168,2.3495,15.4195,0.006178
13898,0.9728,7.7143,4.2741,2.3353,15.2964,0.010767
13899,0.9803,7.8139,4.3369,2.3424,15.4734,0.014305
13900,0.9821,7.7601,4.3329,2.3091,15.3843,0.00295
13901,0.9495,7.833,4.311,2.3181,15.4117,0.003595
13902,1.0186,7.6987,4.3125,2.3095,15.3392,0.012986
13903,0.9714,7.7572,4.2692,2.3278,15.3256,0.006795
13904,0.9528,7.658,4.2588,2.3244,15.1941,0.00794
13905,0.9081,7.7161,4.2806,2.3421,15.2469,0.009
13906,0.9762,7.7343,4.2855,2.307,15.303,0.009111
13907,0.986,7.826,4.2967,2.3121,15.4208,0.007998
13908,1.0115,7.6521,4.2773,2.3158,15.2567,0.007546
13909,0.9227,8.2962,4.3146,2.3165,15.85,0.005775
13910,0.9823,7.751,4.2804,2.3303,15.344,0.006338
13911,0.9735,7.8591,4.2793,2.3389,15.4508,0.006494
13912,0.9568,7.7713,4.2897,2.344,15.3617,0.007497
13913,0.9023,7.7978,4.2835,2.3435,15.3272,0.007304
13914,0.9688,7.8215,4.3028,2.3073,15.4004,0.009412
13915,0.9947,7.8161,4.2981,2.3115,15.4204,0.010325
13916,0.9691,7.7054,4.3059,2.3124,15.2928,0.013734
13917,0.911,7.8732,4.2864,2.3235,15.3941,0.013283
13918,0.9731,7.7029,4.2607,2.327,15.2637,0.008858
13919,0.9822,7.7643,4.2571,2.3547,15.3583,0.009709
13920,0.9831,7.6913,4.3374,2.3389,15.3507,0.010162
13921,0.9264,7.7973,4.3231,2.3096,15.3564,0.008131
13922,1.0088,7.8427,4.3103,2.3185,15.4802,0.011956
13923,0.9565,7.7612,4.3435,2.3409,15.4021,0.013478
13924,0.9582,7.7103,4.296,2.3263,15.2909,0.01748
13925,0.9025,7.8597,4.2918,2.3166,15.3706,0.003419
13926,0.9736,7.698,4.2575,2.3423,15.2714,0.008506
13927,0.967,7.8574,4.278,2.3415,15.4438,0.008763
13928,0.9471,7.7396,4.2934,2.318,15.2982,0.010615
13929,0.9338,7.7453,4.3052,2.3152,15.2995,0.012218
13930,0.9721,7.7802,4.2956,2.3187,15.3667,0.007717
13931,0.9822,7.8024,4.2966,2.3384,15.4196,0.008178
13932,0.9427,7.8,4.2765,2.3406,15.3597,0.016389
13933,0.9051,7.7634,4.3015,2.3722,15.3422,0.015327
13934,0.9435,7.8001,4.275,2.3103,15.3288,0.015162
13935,0.9819,8.0888,4.3436,2.3065,15.7209,0.00993
13936,0.9842,7.6827,4.2828,2.3067,15.2563,0.010407
13937,0.9564,7.7286,4.3166,2.3026,15.3043,0.012647
13938,0.9709,7.7586,4.2635,2.3508,15.3437,0.016057
13939,0.9711,7.7917,4.3101,2.3241,15.397,0.014615
13940,0.9611,7.7433,4.3085,2.354,15.3668,0.013005
13941,0.8924,7.7728,4.2912,2.3337,15.2902,0.100378
13942,0.9903,7.7378,4.2693,2.3158,15.3133,0.014563
13943,1.0097,7.7908,4.2815,2.2997,15.3817,0.013245
13944,0.984,7.7362,4.2916,2.3282,15.3399,0.015044
13945,0.9218,7.8784,4.3047,2.3444,15.4494,0.012594
13946,0.9464,7.6913,4.2578,2.3373,15.2327,0.012516
13947,0.9685,7.8421,4.2589,2.334,15.4035,0.016831
13948,0.9802,7.7007,4.2531,2.3042,15.2383,0.015215
13949,0.9431,7.8434,4.4223,2.2982,15.5069,0.011277
13950,1.0134,7.7767,4.2644,2.3107,15.3651,0.081191
13951,0.9634,8.4791,4.3524,2.2965,16.0913,0.058723
13952,0.9843,7.7458,4.3179,2.3071,15.3551,0.058441
13953,0.8933,8.3258,4.2663,2.3397,15.825,0.057988
13954,0.9472,7.7854,4.3479,2.2983,15.3788,0.061043
13955,0.9681,7.7941,4.294,2.3372,15.3934,0.063029
13956,0.9469,7.6815,4.3223,2.3685,15.3193,0.077835
13957,0.9313,7.8263,4.3277,2.304,15.3893,0.067367
13958,0.9635,7.7894,4.317,2.2984,15.3683,0.070346
13959,1.0393,7.8065,4.2679,2.3011,15.4148,0.076009
13960,0.9773,7.6954,4.2671,2.3568,15.2965,0.080617
13961,0.9081,7.7676,4.2754,2.3368,15.2879,0.008528
13962,0.9843,7.9971,4.3056,2.3252,15.6123,0.071825
13963,0.9824,7.7535,4.2931,2.3522,15.3812,0.009454
13964,0.9693,7.6386,4.2958,2.3067,15.2104,0.008375
13965,0.9614,7.8911,4.3094,2.3234,15.4852,0.008151
13966,1.0594,7.655,4.3301,2.3023,15.3469,0.007157
13967,0.9726,7.897,4.2984,2.3316,15.4996,0.006693
13968,0.9592,7.7083,4.2832,2.331,15.2818,0.008092
13969,0.9011,7.7644,4.31,2.343,15.3186,0.007685
13970,0.9807,7.7466,4.3007,2.3353,15.3633,0.006994
13971,0.9869,7.7378,4.3258,2.3033,15.3538,0.008106
13972,0.9789,7.6668,4.3017,2.3119,15.2594,0.005968
13973,0.9323,7.7633,4.31,2.316,15.3217,0.005366
13974,0.9708,7.7861,4.282,2.3364,15.3754,0.006329
13975,0.9744,7.8208,4.3008,2.3196,15.4156,0.005978
13976,0.9513,7.6503,4.2887,2.3388,15.2292,0.006393
13977,0.9058,7.7962,4.2778,2.3538,15.3335,0.007951
13978,0.9675,7.7795,4.2823,2.3121,15.3414,0.007675
13979,0.9918,7.8667,4.2755,2.3062,15.4402,0.007457
13980,0.9695,7.7075,4.2888,2.3043,15.2701,0.009787
13981,0.9067,7.8458,4.3056,2.3392,15.3973,0.009421
13982,0.9593,7.8393,4.2804,2.3472,15.4262,0.008923
13983,0.9728,7.782,4.2787,2.3286,15.3621,0.008737
13984,0.9466,7.7208,4.2624,2.3396,15.2694,0.009436
13985,0.8982,7.7975,4.3249,2.3386,15.3592,0.006618
13986,1.0011,7.7798,4.2973,2.3126,15.3909,0.006771
13987,0.94,7.8018,4.2546,2.3205,15.3169,0.006497
13988,0.9804,8.0877,4.3185,2.3355,15.7221,0.053144
13989,0.9007,7.7724,4.3001,2.3317,15.3049,0.046359
13990,0.9692,7.8093,4.2939,2.3304,15.4027,0.049103
13991,0.9621,7.7588,4.3359,3.2454,16.3022,0.040596
13992,0.9804,7.6812,4.2844,2.3338,15.2797,0.045427
13993,0.9175,7.7531,4.2855,2.3108,15.2668,0.066695
13994,0.9942,7.7417,4.2891,2.3057,15.3307,0.020308
13995,0.9622,7.8047,4.2881,2.2905,15.3455,0.02377
13996,0.9892,7.7064,4.298,2.3291,15.3227,0.022858
13997,0.9206,7.7769,4.3017,2.3549,15.354,0.022544
13998,0.9816,7.6827,4.2906,2.3392,15.294,0.031531
13999,0.9635,7.704,4.3467,2.3681,15.3823,0.030891
14000,0.9908,7.6513,4.3113,2.3073,15.2606,0.032593
14001,0.9843,7.9108,4.3044,2.3236,15.5231,0.033114
14002,1.0034,7.7035,4.3283,2.3131,15.3482,0.024222
14003,0.9817,7.7814,4.2873,2.3138,15.3641,0.028535
14004,0.9449,7.6908,4.3008,2.3315,15.2679,0.027854
14005,0.9096,7.7077,4.292,2.3408,15.25,0.027539
14006,0.9603,7.714,4.3204,2.3261,15.3208,0.028284
14007,0.9526,7.7033,4.2949,2.3047,15.2555,0.028517
14008,0.9864,7.6977,4.2928,2.3066,15.2835,0.025168
14009,0.8877,7.7977,4.3046,2.3352,15.3252,0.943383
14010,0.9689,7.7042,4.3226,2.33,15.3257,0.999952
14011,0.9733,7.7965,4.3542,2.3406,15.4646,0.999965
14012,0.986,7.5949,4.3097,2.3353,15.2259,0.999979
14013,0.9673,7.7428,4.3086,2.3113,15.3299,0.998279
14014,0.9536,7.7281,4.298,2.3215,15.3011,0.137541
14015,0.8883,8.0642,4.3474,2.3175,15.6174,0.001173
14016,0.9455,7.7569,4.2882,2.3384,15.329,0.000446
14017,0.985,7.8268,4.2833,2.3356,15.4308,0.000296
14018,0.9829,7.7227,4.2926,2.3521,15.3503,0.000243
14019,0.892,8.5462,4.2907,2.3568,16.0857,0.000242
14020,0.9673,7.7219,4.2828,2.3435,15.3156,0.00041
14021,0.975,7.7568,4.3045,2.3148,15.351,0.000566
14022,0.9592,7.6697,4.2508,2.3139,15.1935,0.001128
14023,0.9397,7.7912,4.2886,2.3116,15.3311,0.00109
14024,0.9602,7.8038,4.3116,2.333,15.4086,0.001256
14025,0.9785,7.7477,4.2724,2.3363,15.3349,0.000983
14026,0.9353,7.6387,4.2638,2.3438,15.1817,0.07041
14027,0.9012,7.7417,4.2898,2.3101,15.2428,0.051864
14028,0.9931,7.6857,4.3062,2.3088,15.2938,0.003671
14029,0.9758,7.6888,6.2509,2.3578,17.2734,0.004724
14030,0.9764,7.6655,4.2883,2.3145,15.2447,0.004007
14031,0.9512,7.8147,4.3257,2.3252,15.4167,0.002978
14032,1.0003,7.6843,4.2945,2.2994,15.2785,0.003621
14033,0.9865,7.8003,4.2558,2.3298,15.3724,0.004028
14034,0.9339,7.6337,4.2657,2.3206,15.1539,0.001165
14035,0.8947,7.7994,4.3121,2.333,15.3391,0.003742
14036,0.9641,7.7463,4.3509,2.3293,15.3905,0.004245
14037,0.9818,7.7971,4.2783,2.3047,15.3619,0.005345
14038,0.9998,7.7488,4.2894,2.312,15.35,0.006435
14039,0.9107,7.8481,4.3435,2.3154,15.4177,0.001045
14040,0.9429,7.8373,4.2715,2.3443,15.3959,0.006672
14041,0.9759,8.1226,4.2832,2.3315,15.7132,0.001542
14042,0.957,7.6688,4.2616,2.3283,15.2157,0.018659
14043,0.9131,7.9059,4.2802,2.3485,15.4477,0.019021
14044,0.9673,7.7148,4.2846,2.3042,15.2709,0.019442
14045,0.9725,7.7624,4.3302,2.3221,15.3872,0.015201
14046,1.011,7.7029,4.296,2.3115,15.3214,0.020611
14047,0.8943,7.8224,4.2869,2.336,15.3395,0.02225
14048,0.9756,7.8183,4.2968,2.3494,15.44,0.012164
14049,0.9344,7.8154,4.332,2.3526,15.4344,0.019435
14050,0.9694,7.6675,4.2816,2.3322,15.2506,0.021606
14051,0.9065,7.7561,4.3227,2.316,15.3013,0.022977
14052,1.0001,7.8042,4.3068,2.3043,15.4153,0.01434
14053,0.9654,7.7423,4.3092,2.3267,15.3435,0.015257
14054,0.9625,7.7386,4.3018,2.3428,15.3457,0.012171
14055,0.9226,7.7422,4.2893,2.3413,15.2954,0.006516
14056,0.9459,7.7435,4.3056,2.3426,15.3376,0.012867
14057,0.9681,7.7762,4.2977,2.3397,15.3817,0.020445
14058,0.9683,7.6857,4.3154,2.3062,15.2756,0.017545
14059,0.9302,7.7397,4.3001,2.3142,15.2842,0.019989
14060,0.9604,7.824,4.2987,2.3332,15.4163,0.020537
14061,0.9516,7.751,4.2785,2.3485,15.3296,0.021625
14062,0.9627,7.7252,4.2901,2.344,15.322,0.018084
14063,0.9287,7.7765,4.2869,2.3466,15.3386,0.014355
14064,0.9305,7.7248,4.2881,2.3043,15.2477,0.01402
14065,0.9709,7.8345,4.3102,2.2906,15.4062,0.015718
14066,1.0028,7.6637,4.2944,2.3051,15.2659,0.014893
14067,0.899,7.7848,4.298,2.3513,15.3331,0.016217
14068,0.973,8.1053,4.2911,2.3333,15.7027,0.017216
14069,0.9434,7.7635,4.3075,2.3521,15.3666,0.020576
14070,0.979,7.6987,4.3202,2.3473,15.3451,0.022263
14071,0.9162,7.8,4.2794,2.3307,15.3263,0.01756
14072,0.9657,7.7129,4.279,2.3015,15.2591,0.016267
14073,0.9984,7.7803,4.337,2.3108,15.4264,0.033308
14074,0.9784,7.7718,4.2973,2.3372,15.3847,0.033141
14075,0.8915,7.7977,4.3222,2.3606,15.3721,0.03645
14076,0.9626,7.744,4.2922,2.3485,15.3474,0.022874
14077,0.9548,7.7875,4.2939,2.3579,15.3942,0.012377
14078,0.9729,7.6606,4.2892,2.3069,15.2295,0.034693
14079,0.9452,7.8312,4.2994,2.316,15.3917,0.005843
14080,0.9684,7.7827,4.2829,2.3207,15.3547,0.007592
14081,0.9552,8.3637,4.3124,2.3137,15.945,0.006346
14082,0.9622,7.7553,4.2896,2.3483,15.3553,0.02892
14083,0.9392,7.8781,4.3458,2.327,15.4899,0.005625
14084,0.9741,7.943,4.321,2.3369,15.575,0.005025
14085,0.9714,7.7707,4.328,2.3685,15.4386,0.004282
14086,0.9697,7.7364,4.2924,2.3078,15.3063,0.006166
14087,0.9457,7.8103,4.2925,2.3075,15.356,0.009081
14088,0.9719,7.7895,4.2846,2.3097,15.3557,0.00589
14089,0.9501,7.8558,4.2577,2.335,15.3985,0.00472
14090,0.9677,7.7391,4.267,2.348,15.3218,0.006261
14091,0.9158,7.8028,4.2677,2.3529,15.3393,0.006814
14092,0.9417,7.7113,4.2889,2.3494,15.2914,0.004857
14093,0.9436,7.7832,4.267,2.3169,15.3107,0.004593
14094,0.9917,8.0483,4.3188,2.3124,15.6713,0.011542
14095,0.9446,7.777,4.2968,2.3113,15.3298,0.999975
14096,0.9692,7.8158,4.2672,2.3136,15.3659,0.999976
14097,0.9814,7.777,4.2777,2.3289,15.3651,0.999993
14098,0.955,7.6661,4.3819,2.3515,15.3545,0.999991
14099,0.9239,7.8342,4.3254,2.3426,15.4261,0.999728
14100,0.9483,7.6739,4.3206,2.3192,15.262,0.737086
14101,0.9701,7.7302,4.3097,2.2991,15.3092,0.0599
14102,1.018,7.6712,4.2986,2.3078,15.2957,0.011887
14103,0.9425,7.8151,4.2658,2.3353,15.3587,0.007213
14104,0.9402,7.717,4.2827,2.3423,15.2822,0.007474
14105,0.9478,7.7621,4.2899,2.3416,15.3414,0.009182
14106,0.9748,7.7394,4.2491,2.3238,15.2871,0.007485
14107,0.9347,7.7849,4.2769,2.3179,15.3144,0.013824
14108,1.0113,7.7293,4.2819,2.2916,15.314,0.009242
14109,0.9723,7.7974,4.2867,2.3262,15.3826,0.00806
14110,0.9454,7.6925,4.2526,2.3381,15.2287,0.007178
14111,0.9179,7.8004,4.3131,2.3338,15.3651,0.022869
14112,0.9417,7.7401,4.2618,2.3348,15.2784,0.02322
14113,0.9451,7.8078,4.2883,2.3114,15.3526,0.021533
14114,1.0024,7.6962,4.2983,2.304,15.3009,0.021495
14115,0.9227,7.9005,4.2906,2.3105,15.4243,0.018019
14116,0.9726,7.6986,4.2708,2.3296,15.2717,0.016404
14117,0.9543,7.7243,4.2734,2.3263,15.2783,0.021218
14118,0.9655,7.6398,4.2758,2.3526,15.2337,0.021874
14119,0.9191,7.7873,4.337,2.3118,15.3552,0.016802
14120,0.9875,7.753,4.2797,2.2984,15.3186,0.026514
14121,1.0149,8.071,4.2874,2.308,15.6813,0.012495
14122,0.9698,7.7328,4.278,2.334,15.3146,0.00945
14123,0.9002,7.8512,4.2834,2.3193,15.3541,0.00918
14124,0.9665,7.7071,4.2887,2.3439,15.3062,0.010472
14125,0.9555,7.7189,4.2958,2.3467,15.3169,0.010316
14126,0.9889,7.6379,4.282,2.3131,15.2218,0.010189
14127,0.9598,7.8327,4.3365,2.3126,15.4416,0.008431
14128,1.022,7.6733,6.2576,2.3523,17.3053,0.007103
14129,0.9754,7.725,4.2848,2.3037,15.289,0.006983
14130,1.0071,7.7106,4.3091,2.3302,15.357,0.007838
14131,0.9289,7.8889,4.2966,2.328,15.4425,0.00459
14132,0.9809,7.8297,4.2768,2.326,15.4133,0.004328
14133,0.9422,7.7578,4.2817,2.3451,15.3269,0.003844
14134,0.9852,7.6837,4.2886,2.3426,15.3001,0.003604
14135,0.9406,7.824,4.2819,2.3321,15.3786,0.004284
14136,0.9363,7.8395,4.2977,2.3248,15.3982,0.004772
14137,0.9964,7.771,4.3367,2.3075,15.4116,0.004368
14138,0.9777,7.7045,4.2939,2.3146,15.2907,0.005391
14139,0.9032,7.8158,4.2838,2.3322,15.335,0.003561
14140,0.945,7.7961,4.3048,2.3313,15.3773,0.005757
14141,0.9714,7.8014,4.3161,2.3619,15.4508,0.007548
14142,0.9745,7.7442,4.3054,2.3374,15.3615,0.00887
14143,0.9135,7.723,4.2959,2.3159,15.2483,0.007576
14144,0.9878,7.752,4.3006,2.3236,15.364,0.010142
14145,1.0049,7.7963,4.309,2.3036,15.4139,0.009885
14146,0.9455,7.6892,4.276,2.3213,15.232,0.009672
14147,0.9131,8.1475,4.2977,2.338,15.6963,0.008847
14148,0.9638,7.775,4.2861,2.4574,15.4823,0.011814
14149,1.0254,7.7136,4.3024,2.3585,15.3999,0.011832
14150,0.9735,7.6516,4.3312,2.3487,15.3051,0.011999
14151,0.9315,7.7512,4.2953,2.3067,15.2847,0.010522
14152,0.9977,7.7213,4.2808,2.3065,15.3064,0.010335
14153,0.9798,8.048,4.3266,2.2909,15.6453,0.012578
14154,0.9545,7.7066,4.2869,2.3423,15.2903,0.011805
14155,0.9266,7.8002,4.2843,2.3327,15.3437,0.010118
14156,0.9678,7.7239,4.3033,2.3463,15.3413,0.014179
14157,0.9723,7.7995,4.2806,2.3248,15.3772,0.012735
14158,0.9385,7.7129,4.3099,2.3082,15.2695,0.014401
14159,0.9576,7.7501,4.3099,2.3231,15.3407,0.015823
14160,0.9352,7.7347,4.3354,2.3518,15.3572,0.014098
14161,0.9534,7.8023,4.3029,2.3432,15.4018,0.013939
14162,0.9833,7.6629,4.2745,2.3312,15.2519,0.013003
14163,0.9328,7.8116,4.3397,2.351,15.4351,0.012877
14164,0.948,7.7652,4.3976,2.2789,15.3897,0.015549
14165,1.0068,7.7976,4.2897,2.3008,15.3949,0.020519
14166,1.0108,7.7557,4.2671,2.3043,15.3379,0.021095
14167,0.9187,7.7725,4.3342,2.3358,15.3612,0.023508
14168,0.9787,7.754,4.2931,2.3357,15.3614,0.028358
14169,0.9728,7.7842,4.2816,2.3455,15.384,0.024186
14170,0.9355,7.7234,4.2658,2.338,15.2627,0.022217
14171,0.9366,7.7718,4.332,2.3085,15.3488,0.016406
14172,0.9763,7.6955,4.3057,2.3032,15.2806,0.020558
14173,0.9821,7.745,4.3003,2.3002,15.3276,0.019619
14174,0.9649,8.0724,4.3012,2.3333,15.6718,0.020809
14175,0.9205,7.8104,4.2948,2.3288,15.3545,0.020768
14176,0.949,7.6991,4.2713,2.3379,15.2573,0.029077
14177,0.9467,7.7239,4.2794,2.3444,15.2944,0.032162
14178,0.9713,7.7183,4.2801,2.3224,15.2921,0.029471
14179,0.945,7.788,4.2999,2.3195,15.3524,0.024536
14180,0.9457,7.7383,4.3089,2.2993,15.2923,0.029892
14181,0.9519,7.8091,4.268,2.3348,15.3637,0.02732
14182,0.9733,7.7133,4.3006,2.332,15.3192,0.034878
14183,0.9202,7.7962,4.3246,2.3373,15.3783,0.013299
14184,0.9638,7.7317,4.3175,2.3153,15.3284,0.01131
14185,0.9699,7.7658,4.3469,2.2991,15.3817,0.009346
14186,0.9855,7.6783,4.3298,2.3183,15.3119,0.035489
14187,0.9176,7.7743,4.2818,2.3375,15.3112,0.012429
14188,0.9666,7.7598,4.2776,2.3306,15.3345,0.020029
14189,0.9733,7.8156,4.2758,2.3385,15.4033,0.008139
14190,0.9508,7.6568,4.3117,2.3572,15.2764,0.007644
14191,0.9502,7.7445,4.2811,2.3104,15.2863,0.017166
14192,0.9878,7.7052,4.2759,2.3002,15.2692,0.008635
14193,0.9708,7.7936,4.3203,2.3125,15.3972,0.008602
14194,0.95,7.6979,4.2858,2.3338,15.2675,0.007901
14195,0.9201,7.7891,4.2945,2.3191,15.3229,0.022369
14196,0.9657,7.7701,4.3095,2.3571,15.4023,0.029554
14197,0.9765,7.742,4.3264,2.3038,15.3488,0.020665
14198,0.9461,7.8485,4.2805,2.3014,15.3766,0.017754
14199,0.9427,7.8041,4.3234,2.316,15.3862,0.005247
14200,0.9414,8.0988,4.3067,2.3168,15.6637,0.012069
14201,0.9639,7.7871,4.2758,2.3202,15.347,0.009114
14202,0.971,7.6995,4.2687,2.3289,15.2681,0.008483
14203,0.9161,7.8043,4.2935,2.3584,15.3724,0.006575
14204,0.9301,7.6829,4.2897,2.3371,15.2398,0.006308
14205,0.9459,7.7504,4.2763,2.3189,15.2915,0.005066
14206,1.0022,7.7001,4.2941,2.2909,15.2873,0.014905
14207,0.9135,7.8572,4.2557,2.3377,15.3641,0.013001
14208,0.9732,7.7555,4.3254,2.3467,15.4007,0.012904
14209,0.9484,7.7111,4.27,2.3389,15.2684,0.013067
14210,0.9842,7.7353,4.2994,2.3376,15.3566,0.025727
14211,0.8966,8.4207,4.2935,2.3491,15.9598,0.024421
14212,0.9936,7.7751,4.2853,2.3008,15.3548,0.020628
14213,1.0105,7.8327,4.8919,2.276,16.0112,0.017241
14214,1.0155,7.638,4.3077,2.3107,15.2719,0.010053
14215,0.9747,8.4079,4.2998,2.3256,16.0079,0.008044
14216,0.9945,7.677,4.3189,2.2998,15.2902,0.039542
14217,0.9732,7.809,4.314,2.3361,15.4323,0.033868
14218,0.9513,7.6813,4.3049,2.328,15.2655,0.027852
14219,0.9321,7.745,4.3091,2.3322,15.3184,0.021356
14220,0.9698,7.8544,4.311,2.3519,15.4871,0.026581
14221,0.9444,7.8345,4.3168,2.3161,15.4119,0.08159
14222,0.987,7.6976,4.28,2.2982,15.2628,0.052459
14223,0.9622,7.7377,4.2835,2.3142,15.2976,0.057325
14224,0.9301,7.7023,4.2836,2.3339,15.2499,0.017464
14225,0.9464,7.7047,4.3122,2.3414,15.3047,0.08053
14226,0.9685,7.6405,4.2936,2.3483,15.2509,0.068573
14227,0.9234,8.3402,4.3082,2.3538,15.9256,0.065865
14228,0.949,7.7295,4.3156,2.3074,15.3015,0.071682
14229,0.991,7.7587,4.3158,2.3181,15.3836,0.074475
14230,0.9944,7.7212,4.318,2.3115,15.3451,0.062937
14231,0.9128,7.7588,4.3029,2.3277,15.3021,0.062374
14232,0.9363,7.7169,4.2893,2.347,15.2895,0.063003
14233,0.9513,7.7355,4.3203,2.3296,15.3367,0.055442
14234,0.9682,7.6522,4.3032,2.3098,15.2334,0.049679
14235,0.9602,7.8624,4.3254,2.3083,15.4563,0.063457
14236,0.9912,7.6882,4.2904,2.3135,15.2833,0.045831
14237,0.9816,7.7529,4.314,2.3373,15.3858,0.033531
14238,0.9512,7.6811,4.285,2.3285,15.2457,0.181431
14239,0.9217,7.7852,4.3212,2.3428,15.3709,0.126098
14240,0.9803,7.7745,4.3031,2.3329,15.3909,0.150979
14241,0.98,7.6894,4.3109,2.3064,15.2867,0.163661
14242,0.9657,7.7335,4.3144,2.3122,15.3258,0.184936
14243,0.9559,7.7408,6.2658,2.3397,17.3023,0.0303
14244,0.9679,7.6735,4.304,2.3037,15.2491,0.036665
14245,0.9929,7.7313,4.3178,2.3125,15.3545,0.032947
14246,0.986,7.618,4.3021,2.3003,15.2064,0.043445
14247,0.9316,7.7664,4.3066,2.3378,15.3424,0.059233
14248,0.9483,7.6834,4.301,2.3345,15.2672,0.055821
14249,0.976,7.6768,4.3189,2.3449,15.3166,0.053655
14250,0.9645,7.6412,4.2818,2.3212,15.2086,0.060709
14251,0.9405,7.7567,4.3389,2.3175,15.3537,0.058265
14252,1.0088,7.6961,4.3026,2.2985,15.306,0.066111
14253,0.9912,8.1121,4.3061,2.3262,15.7356,0.079709
14254,0.9712,7.6939,4.3136,2.3365,15.3152,0.07604
14255,0.9311,7.7731,4.332,2.3405,15.3767,0.086776
14256,0.9577,7.6827,4.3116,2.3339,15.2859,0.095343
14257,0.9591,7.739,4.3325,2.2992,15.3298,0.085817
14258,1.0003,7.665,4.3014,2.3073,15.2741,0.083086
14259,0.9541,7.7238,4.3234,2.3058,15.3071,0.086714
14260,0.9311,7.6656,4.3082,2.3421,15.247,0.109965
14261,0.9503,7.8483,4.3092,2.329,15.4368,0.126079
14262,0.9597,7.6551,4.2874,2.3224,15.2246,0.033202
14263,0.9711,7.7492,4.3035,2.3311,15.355,0.022035
14264,0.9245,7.733,4.3115,2.3205,15.2895,0.998208
14265,0.9212,7.7824,4.3142,2.327,15.3448,0.999985
14266,0.9722,7.6989,4.2887,2.3311,15.2909,0.999985
14267,0.9776,7.7806,4.2761,2.3464,15.3807,0.999936
14268,0.9796,7.6975,4.3142,2.3413,15.3325,0.999605
14269,0.9155,7.7924,4.3172,2.3582,15.3833,0.977079
14270,0.9434,7.6827,4.3181,2.2982,15.2424,0.922631
14271,1.0041,7.8004,4.3206,3.5434,16.6685,0.302516
14272,0.9478,7.7097,4.2738,2.3082,15.2394,0.226342
14273,0.9297,7.7975,4.332,2.3148,15.374,0.217868
14274,0.9855,7.6716,4.3766,2.3248,15.3586,0.23116
14275,0.9665,7.7669,4.2986,2.3162,15.3482,0.173842
14276,0.9722,7.7478,4.2992,2.3322,15.3513,0.159377
14277,0.9017,8.2812,4.2996,2.3299,15.8124,0.133332
14278,0.9823,7.7635,4.308,2.3333,15.387,0.108159
14279,0.9687,7.8049,4.3117,2.329,15.4142,0.091937
14280,0.9537,8.0619,4.293,2.3082,15.6167,0.099357
14281,1.0132,7.7998,4.3241,2.3151,15.4522,0.083643
14282,0.9968,7.6802,4.2692,2.3338,15.2799,0.100465
14283,0.9674,7.8766,4.3194,2.3355,15.4988,0.114329
14284,0.9936,7.7427,4.3207,2.3224,15.3794,0.129225
14285,0.9036,7.7983,4.2983,2.3527,15.3529,0.121845
14286,0.9732,7.764,4.3177,2.355,15.4098,0.135363
14287,0.9651,7.789,4.3107,2.3107,15.3755,0.114792
14288,0.9832,7.6779,4.3061,2.314,15.2812,0.099224
14289,0.9285,7.793,4.2987,2.3148,15.3349,0.098879
14290,0.9677,7.7331,4.3099,2.3256,15.3364,0.075306
14291,0.9756,7.8312,4.2918,2.3358,15.4344,0.078939
14292,0.9755,7.6921,4.2859,2.3616,15.3152,0.090749
14293,0.9034,7.7358,4.2942,2.3485,15.2819,0.072702
14294,0.9597,7.708,4.324,2.3141,15.3058,0.061878
14295,1.003,7.7323,4.3097,2.3103,15.3554,0.073796
14296,0.9948,7.7192,4.3204,2.3151,15.3495,0.070108
14297,0.925,7.8273,4.3268,2.3313,15.4104,0.046905
14298,0.9652,7.7283,4.2775,2.3415,15.3125,0.052578
14299,0.9605,7.7765,4.3086,2.3322,15.3778,0.053795
14300,0.9671,7.7278,4.2998,2.347,15.3417,0.059324
14301,0.9044,7.7519,4.2945,2.3061,15.2569,0.064095
14302,1.0007,7.7221,4.286,2.3004,15.3092,0.067008
14303,0.9676,7.8694,4.284,2.3342,15.4552,0.06685
14304,0.988,7.7527,4.2961,2.3195,15.3563,0.073688
14305,0.897,7.7572,4.2898,2.3244,15.2684,0.063551
14306,0.971,8.0239,4.3208,2.3536,15.6693,0.062343
14307,0.9736,7.7699,4.2972,2.3465,15.3871,0.060527
14308,0.9732,7.6751,4.3515,2.3279,15.3277,0.049327
14309,0.9162,7.7865,4.3161,2.3136,15.3325,0.042341
14310,1.0132,7.7096,4.2997,2.3189,15.3414,0.048867
14311,0.9759,7.8328,4.289,2.3253,15.423,0.045366
14312,0.979,7.6409,4.2831,2.3311,15.2341,0.046605
14313,0.9342,7.8068,4.3071,2.3428,15.3909,0.043905
14314,0.9584,7.7754,4.2998,2.3546,15.3882,0.045668
14315,0.968,7.771,4.2968,2.3186,15.3544,0.038262
14316,1.0036,7.6745,4.2878,2.3155,15.2814,0.033936
14317,0.8907,7.8035,4.2956,2.3357,15.3254,0.031825
14318,0.9898,7.7475,4.2908,2.3363,15.3643,0.034278
14319,0.9719,7.7694,4.3092,2.3449,15.3954,0.04063
14320,0.9861,7.6241,4.31,2.3619,15.2821,0.034408
14321,0.9192,7.7967,4.3197,2.3148,15.3503,0.030434
14322,0.9651,7.6857,4.2764,2.3169,15.2441,0.042083
14323,0.9823,7.8102,4.3452,2.3149,15.4526,0.039799
14324,0.954,7.7659,4.2861,2.325,15.331,0.041115
14325,0.8987,7.7141,4.3038,2.324,15.2406,0.04131
14326,0.9779,7.6689,4.2945,2.3414,15.2826,0.041464
14327,0.9598,7.826,4.3018,2.334,15.4217,0.037254
14328,0.9746,7.6964,4.3135,2.2942,15.2788,0.039269
14329,0.9333,7.7427,4.3165,2.2954,15.2879,0.035671
14330,0.9618,7.8381,4.277,2.3277,15.4045,0.045046
14331,0.9641,7.7499,4.2916,2.3224,15.3281,0.044464
14332,0.9789,7.7537,4.2913,2.3745,15.3984,0.041676
14333,0.9001,8.2766,4.3305,2.3481,15.8552,0.031265
14334,0.9694,7.751,4.3592,2.3823,15.462,0.034436
14335,0.9473,7.7621,4.3119,2.318,15.3393,0.032163
14336,0.9848,7.7813,4.3109,2.303,15.3801,0.026247
14337,0.9854,7.753,4.325,2.3136,15.377,0.016657
14338,0.9746,7.7622,4.3205,2.3411,15.3984,0.019004
14339,0.9499,7.7193,4.3036,2.3314,15.3043,0.021474
14340,0.956,7.6834,4.3156,2.3371,15.2921,0.022496
14341,1.0681,8.4515,4.3321,2.3414,16.1932,0.037253
14342,0.9494,7.7905,4.3136,2.3779,15.4314,0.016315
14343,0.9532,7.9534,4.3121,2.3498,15.5685,0.017316
14344,0.9475,7.7688,4.2938,2.2958,15.3059,0.094235
14345,0.9277,7.781,4.2943,2.289,15.292,0.095001
14346,0.9722,7.8159,4.3193,2.3008,15.4082,0.096727
14347,0.9336,7.7763,4.3243,2.3373,15.3715,0.091548
14348,0.9517,7.6722,4.3126,2.3378,15.2743,0.026025
14349,0.9193,7.7912,4.3655,2.341,15.4171,0.079868
14350,0.9445,7.7225,4.335,2.3334,15.3354,0.119009
14351,0.9522,7.7342,4.3099,2.3127,15.3089,0.046646
14352,0.9734,7.7313,4.3004,2.3095,15.3145,0.041152
14353,0.9006,7.7719,4.2899,2.3279,15.2903,0.034481
14354,0.9408,7.7354,4.3025,2.3307,15.3093,0.039639
14355,0.9461,7.766,4.3061,2.3238,15.3421,0.033889
14356,0.9431,7.7062,4.2934,2.354,15.2967,0.039854
14357,0.9056,7.7484,4.3123,2.312,15.2782,0.028297
14358,0.9735,7.7006,4.3003,2.3125,15.2869,0.030698
14359,0.9312,8.0273,4.324,2.319,15.6015,0.03768
14360,0.9884,7.7141,4.3055,2.3302,15.3382,0.03484
14361,0.9368,7.7317,4.3088,2.3343,15.3116,0.020373
14362,0.9749,7.7222,4.3145,2.3383,15.3498,0.034207
14363,0.9763,7.6972,4.2982,2.3569,15.3286,0.020921
14364,0.9605,7.7545,4.309,3.5895,16.6135,0.021518
14365,0.9044,7.7925,4.297,2.3604,15.3543,0.030731
14366,0.9443,7.791,4.2994,2.3201,15.3548,0.011857
14367,0.9819,7.7603,4.2713,2.3026,15.3161,0.010992
14368,0.9471,7.7403,4.323,2.3121,15.3224,0.014062
14369,0.8955,7.7754,4.3095,2.3483,15.3288,0.012883
14370,0.9441,7.7268,4.3249,2.3403,15.3361,0.012143
14371,0.9406,7.7177,4.2987,2.3443,15.3013,0.008569
14372,0.9541,7.7585,4.2918,2.3039,15.3084,0.012817
14373,0.9175,7.7777,4.3019,2.3133,15.3104,0.010346
14374,0.976,7.7938,4.2875,2.2995,15.3568,0.011989
14375,0.9425,7.8592,4.2793,2.3516,15.4326,0.012225
14376,0.9583,7.6586,4.2922,2.3477,15.2568,0.009646
14377,0.8966,7.7608,4.2907,2.328,15.276,0.00436
14378,0.9389,7.7234,4.2954,2.3401,15.2977,0.004713
14379,0.974,7.7183,4.3024,2.308,15.3027,0.005384
14380,0.9646,7.6267,4.2942,2.3212,15.2068,0.006697
14381,0.9126,7.8157,4.2837,2.3283,15.3403,0.004808
14382,0.9456,7.7249,4.2976,2.3325,15.3006,0.005738
14383,0.9324,7.6983,4.3027,2.3545,15.2879,0.008122
14384,0.9583,7.685,4.2902,2.3554,15.2889,0.008084
14385,0.9068,7.7332,4.2914,2.3125,15.2439,0.005762
14386,0.9765,8.0614,4.3078,2.3218,15.6674,0.006845
14387,0.9854,7.7456,4.3023,2.3219,15.3551,0.007419
14388,0.9591,7.6866,4.2891,2.34,15.2748,0.010803
14389,0.9053,7.7995,4.2759,2.336,15.3167,0.008702
14390,0.9801,7.7134,4.3112,2.3411,15.3459,0.012093
14391,0.9675,7.7626,4.3278,2.328,15.3858,0.013191
14392,0.9785,7.7211,4.3355,2.3043,15.3394,0.017162
14393,0.9579,8.2257,4.3325,2.3049,15.821,0.017196
14394,1.0003,7.7581,4.3718,2.3028,15.433,0.014565
14395,0.9774,7.8085,4.2951,2.3113,15.3923,0.014078
14396,0.9752,7.7463,4.2994,2.3324,15.3533,0.014623
14397,0.9282,7.8528,4.2869,2.3381,15.4059,0.00928
14398,0.9414,7.6365,4.256,2.3512,15.1852,0.013114
14399,0.9652,7.82,4.368,2.3268,15.4801,0.010274
14400,0.9863,7.7329,4.2894,2.3149,15.3235,0.00815
14401,0.9747,7.8719,4.292,2.3145,15.453,0.009989
14402,0.9726,7.7613,4.2845,2.3213,15.3397,0.011908
14403,0.9387,7.7415,4.277,2.3263,15.2835,0.010676
14404,0.9818,7.6556,4.2681,2.3611,15.2667,0.009901
14405,0.9199,7.7367,4.2862,2.3559,15.2987,0.048969
14406,0.9782,7.7121,4.2814,2.3008,15.2724,0.036787
14407,0.971,7.7938,4.3076,2.3005,15.3729,0.030546
14408,1.015,7.7665,4.2687,2.2976,15.3478,0.006173
14409,0.9233,7.8081,4.2729,2.3249,15.3292,0.006294
14410,0.9745,7.7071,4.2489,2.3482,15.2788,0.010423
14411,0.9626,7.7504,4.3009,2.365,15.3789,0.01083
14412,0.9531,8.0122,4.3328,2.3456,15.6438,0.061269
14413,0.9052,7.8134,4.3859,2.3199,15.4244,0.05796
14414,0.9935,7.7159,4.326,2.3047,15.3401,0.079327
14415,1.0129,7.7141,4.3149,2.2991,15.341,0.999579
14416,0.9805,7.7569,4.2948,2.3257,15.3578,0.99999
14417,0.8978,7.7448,4.3071,2.3334,15.2831,0.999989
14418,0.949,7.644,4.2594,2.3467,15.1991,0.999989
14419,0.9615,7.793,4.2889,2.3508,15.3942,0.999969
14420,0.9464,7.6875,4.3012,2.3242,15.2592,0.999648
14421,0.9311,8.2893,4.3063,2.329,15.8557,0.99834
14422,1.0135,7.7088,4.2655,2.3116,15.2994,0.953923
14423,0.973,7.7155,4.2556,2.3514,15.2956,0.400572
14424,0.9541,7.7132,4.2595,2.3245,15.2513,0.092759
14425,0.9103,7.8133,4.3037,2.3488,15.3762,0.174905
14426,0.9767,7.7882,4.2825,2.3452,15.3926,0.190589
14427,0.9716,7.7842,4.2946,2.305,15.3554,0.050196
14428,0.977,7.7354,4.3028,2.3002,15.3154,0.0446
14429,0.9047,7.8212,4.3096,2.325,15.3605,0.04793
14430,0.9684,7.7138,4.2588,2.3392,15.2801,0.029628
14431,0.9761,7.7949,4.2703,2.35,15.3913,0.027653
14432,0.954,7.6597,4.2713,2.3434,15.2283,0.018932
14433,0.8983,7.7633,4.2985,2.311,15.2711,0.013298
14434,0.9837,7.7014,4.2592,2.3105,15.2548,0.029389
14435,1.0087,7.6997,4.2718,2.2764,15.2567,0.032115
14436,0.9436,7.7195,4.2577,2.3109,15.2318,0.027895
14437,0.9046,7.9121,4.2896,2.348,15.4542,0.031745
14438,0.9722,7.7312,4.3087,2.3498,15.362,0.024154
14439,0.9685,8.1192,4.2954,2.3457,15.7288,0.025151
14440,0.9509,7.6569,4.2885,2.3023,15.1986,0.092937
14441,0.9204,7.7435,4.2833,2.3027,15.2498,0.08677
14442,0.9689,7.762,4.2507,2.3276,15.3093,0.035408
14443,0.9657,7.835,4.2747,2.3391,15.4145,0.14372
14444,0.9944,7.8669,4.2829,2.3349,15.4791,0.069488
14445,0.9061,7.8858,4.2966,2.3395,15.428,0.049928
14446,0.9824,7.6906,4.299,2.3358,15.3079,0.045638
14447,0.9839,7.7128,4.3328,2.2992,15.3287,0.04746
14448,0.9789,7.6996,4.2535,2.3143,15.2464,0.028954
14449,0.8919,7.8487,4.2864,2.3277,15.3547,0.002585
14450,0.9841,7.7642,4.2862,2.3241,15.3586,0.047782
14451,0.9746,7.7685,4.2839,2.3361,15.3631,0.032758
14452,0.9453,7.7279,4.3281,2.3528,15.3541,0.026537
14453,0.917,7.8205,4.2995,2.3125,15.3496,0.025619
14454,0.9687,7.7473,4.2836,2.3073,15.3069,0.034493
14455,1.0007,7.7659,4.2871,2.3123,15.3661,0.036435
14456,0.9953,7.6895,4.273,2.3246,15.2823,0.033952
14457,0.8924,7.8186,4.3122,2.3437,15.3668,0.028541
14458,0.9475,7.7563,4.2938,2.3398,15.3375,0.036165
14459,0.9709,7.779,4.2799,2.3477,15.3774,0.031409
14460,0.9806,7.7195,4.296,2.3079,15.304,0.03087
14461,0.9525,7.8896,4.2829,2.3116,15.4366,0.02836
14462,0.9775,7.7466,4.2787,2.3099,15.3127,0.07839
14463,0.9781,7.7393,4.2854,2.3358,15.3386,0.08593
14464,0.9766,7.7299,4.2902,2.3508,15.3474,0.099959
14465,0.9273,8.1301,4.3288,2.337,15.7232,0.068619
14466,0.985,7.7537,4.2994,2.3483,15.3865,0.104653
14467,0.9417,7.7759,4.2947,2.3135,15.3258,0.114632
14468,0.9978,7.7163,4.2728,2.3111,15.298,0.117702
14469,0.965,7.824,4.3032,2.335,15.4272,0.111552
14470,0.9652,7.7402,4.2756,2.334,15.315,0.118606
14471,0.9448,8.2839,4.3213,2.3153,15.8654,0.1055
14472,0.9504,7.777,4.2883,2.4538,15.4695,0.095365
14473,0.9437,7.8186,4.2978,2.3557,15.4158,0.097857
14474,0.9994,7.7561,4.2901,2.3271,15.3727,0.096665
14475,0.9435,7.876,4.3033,2.32,15.4429,0.079852
14476,0.9963,7.7164,4.3048,2.3244,15.3419,0.087775
14477,0.98,7.7732,4.3007,2.3039,15.3578,0.090913
14478,0.9407,7.8294,4.2716,2.3097,15.3515,0.110237
14479,0.9707,7.8573,4.2891,2.3281,15.4452,0.021442
14480,0.9815,7.6758,4.2507,2.3508,15.2588,0.02092
14481,0.9285,7.7676,4.2857,2.3513,15.333,0.018965
14482,0.9738,7.7682,4.2857,2.3136,15.3413,0.046099
14483,0.9638,7.7847,4.2918,2.3037,15.3441,0.030451
14484,1.0063,7.6479,4.3001,2.3158,15.2701,0.037929
14485,0.9197,7.7822,4.277,2.3222,15.301,0.038293
14486,0.9747,7.8044,4.2735,2.3247,15.3773,0.055141
14487,0.959,7.7612,4.2815,2.3361,15.3378,0.076142
14488,0.9927,7.7281,4.2897,2.318,15.3286,0.063541
14489,0.9163,7.8397,4.2648,2.3028,15.3235,0.013699
14490,0.9993,7.761,4.2742,2.2963,15.3308,0.020366
14491,0.9559,7.8146,4.2846,2.3389,15.3941,0.023653
14492,0.986,7.9762,4.265,2.3464,15.5736,0.008752
14493,0.9242,7.7437,4.2826,2.3373,15.2877,0.007873
14494,0.9652,7.7322,4.2831,2.3388,15.3193,0.025934
14495,0.9396,7.784,4.3024,2.3143,15.3403,0.027698
14496,0.9794,7.7637,4.2589,2.3133,15.3153,0.011185
14497,0.9602,7.8784,4.2872,2.3168,15.4426,0.009218
14498,0.9853,7.6843,4.2864,2.3492,15.3052,0.01097
14499,0.945,7.7452,4.2723,2.3334,15.2958,0.010855
14500,0.9961,7.6917,4.264,2.3654,15.3172,0.010586
14501,0.9525,7.8603,4.2914,2.3352,15.4393,0.011042
14502,0.9733,7.763,4.3007,2.301,15.3381,0.011243
14503,0.9734,7.7912,4.2987,2.2933,15.3566,0.011678
14504,0.9932,7.7198,4.3549,2.2976,15.3655,0.010626
14505,0.9206,7.837,4.3142,2.3256,15.3975,0.008782
14506,0.9737,7.7291,4.2826,2.3223,15.3077,0.011725
14507,0.9571,7.7402,4.2821,2.3375,15.3168,0.013546
14508,0.9844,7.7329,4.2818,2.3412,15.3402,0.014169
14509,0.9444,7.7915,4.3456,2.3166,15.3982,0.012526
14510,0.9981,7.7457,4.2848,2.3021,15.3308,0.013662
14511,1.0023,7.7559,4.3469,2.3054,15.4104,0.01323
14512,0.982,7.7901,4.2898,2.3177,15.3796,0.013818
14513,0.9687,7.7203,4.2854,2.3296,15.3041,0.011579
14514,0.9521,7.6901,4.2925,2.3453,15.28,0.003555
14515,0.887,7.8159,4.2884,2.3464,15.3377,0.027482
14516,0.9521,7.7285,4.3104,2.3114,15.3025,0.028404
14517,1.0063,7.7977,4.3013,2.3032,15.4085,0.030121
14518,0.955,8.1378,4.3236,2.332,15.7484,0.027753
14519,0.9268,7.7822,4.271,2.334,15.3139,0.019215
14520,0.9677,7.7545,4.2964,2.3287,15.3473,0.017356
14521,0.9698,7.7637,4.3022,2.3466,15.3823,0.018078
14522,0.9325,7.7011,4.336,2.3379,15.3075,0.070622
14523,0.9135,7.7359,4.3023,2.2973,15.2491,0.017146
14524,0.9925,7.7516,4.2873,2.307,15.3384,0.03875
14525,0.9999,7.7922,4.3062,2.3097,15.4081,0.025391
14526,0.9423,7.7554,4.2847,2.3359,15.3183,0.024313
14527,0.916,7.8047,4.2839,2.3425,15.3471,0.014454
14528,0.9688,7.7405,4.27,2.3321,15.3114,0.02145
14529,0.9743,7.7444,4.2665,2.3042,15.2894,0.016833
14530,0.9667,7.7654,4.3026,2.3152,15.3499,0.018846
14531,0.9605,7.7629,4.2933,2.3113,15.3279,0.024882
14532,0.9696,7.697,4.2775,2.333,15.2771,0.023799
14533,0.9666,7.7154,4.2906,2.334,15.3067,0.021501
14534,0.9431,7.7201,6.2606,2.3029,17.2267,0.023021
14535,0.9257,7.8787,4.286,2.3251,15.4156,0.017863
14536,0.963,7.7044,4.2697,2.3324,15.2695,0.020563
14537,0.9696,7.7211,4.3312,2.3103,15.3322,0.022724
14538,0.9447,7.7052,4.2944,2.3436,15.2879,0.017628
14539,0.9318,8.3484,4.2931,2.3439,15.9173,0.012225
14540,0.971,7.7658,4.3044,2.3006,15.3417,0.016752
14541,1.0026,7.8312,4.3095,2.3098,15.4531,0.016557
14542,1.0,7.7814,4.2782,2.2995,15.3591,0.015956
14543,0.9221,7.9178,4.3025,2.3354,15.4779,0.019884
14544,0.9669,7.7047,4.2778,2.3268,15.2762,0.019516
14545,0.981,8.2273,4.287,2.3273,15.8226,0.018286
14546,0.9424,7.8358,4.2721,2.3306,15.3808,0.01809
14547,0.9071,7.7744,4.2892,2.3401,15.3108,0.015741
14548,0.9692,7.7835,4.2977,2.3031,15.3535,0.013203
14549,1.0022,7.7531,4.3254,2.3094,15.3901,0.01417
14550,0.9749,7.7241,4.2936,2.3005,15.2932,0.048833
14551,0.933,7.8622,4.3042,2.3336,15.4329,0.040997
14552,0.965,7.7574,4.2745,2.3349,15.3319,0.035958
14553,0.9767,7.7553,4.296,2.3299,15.3579,0.048278
14554,0.9849,7.7984,4.3322,2.3786,15.4941,0.045789
14555,0.898,7.8183,4.2786,2.327,15.3219,0.043252
14556,0.9962,7.7375,4.2993,2.3067,15.3397,0.039102
14557,1.0099,7.9109,4.315,2.3152,15.5509,0.041748
14558,0.98,7.6737,4.2594,2.3255,15.2386,0.054009
14559,0.9145,7.8001,4.2684,2.3324,15.3155,0.505704
14560,0.9414,7.7194,4.2873,2.3728,15.3209,0.999968
14561,0.9507,7.7268,4.2925,2.314,15.2839,0.999996
14562,0.9543,7.6993,4.2847,2.3144,15.2526,0.999996
14563,0.9972,7.7992,4.3021,2.3146,15.4132,0.999991
14564,0.9386,7.7622,4.2841,2.3367,15.3215,0.999883
14565,0.9546,7.76,4.2923,2.3308,15.3377,0.999823
14566,0.9654,7.6551,4.2642,2.3375,15.2222,0.998814
14567,0.9383,7.7877,4.2855,2.3503,15.3618,0.983853
14568,0.9621,7.7081,4.2824,2.3038,15.2564,0.898732
14569,1.0089,7.7545,4.2777,2.3111,15.3523,0.457203
14570,0.9384,7.6746,4.2804,2.3131,15.2065,0.407679
14571,0.9281,8.143,4.3413,2.3398,15.7521,0.332172
14572,0.9702,7.7005,4.2761,2.3461,15.2929,0.207735
14573,0.9808,7.712,4.27,2.3385,15.3013,0.150067
14574,0.9754,7.8408,4.3204,2.3376,15.4742,0.13907
14575,0.9378,7.7398,4.3517,2.3204,15.3497,0.091781
14576,0.9999,7.7391,4.2894,2.3055,15.334,0.060057
14577,0.9917,7.7719,4.3001,2.3007,15.3645,0.039092
14578,0.9702,7.6904,4.3046,2.3294,15.2946,0.041388
14579,0.8922,7.7473,4.3105,2.3371,15.2871,0.048226
14580,0.968,7.6313,4.3171,2.3309,15.2473,0.04349
14581,0.9641,7.7861,4.3039,2.3058,15.3598,0.036856
14582,1.0042,7.7196,4.2652,2.3085,15.2975,0.038751
14583,0.9305,7.7902,4.3645,2.326,15.4113,0.00981
14584,0.9662,7.7486,4.2668,2.3343,15.3159,0.006648
14585,0.9777,7.7327,4.2746,2.324,15.3089,0.00839
14586,0.9793,7.7126,4.2937,2.3509,15.3365,0.008527
14587,0.9045,7.7427,4.3288,2.3416,15.3175,0.010792
14588,0.9595,7.7444,4.2881,2.3154,15.3074,0.011228
14589,1.0022,7.7628,4.3209,2.3157,15.4017,0.011288
14590,1.0238,7.8283,4.3097,2.3273,15.4892,0.008817
14591,0.921,7.8715,4.2749,2.3266,15.394,0.008095
14592,0.9598,7.7731,4.283,2.341,15.3569,0.009453
14593,0.969,7.8017,4.3686,2.3241,15.4635,0.010693
14594,0.9676,7.6895,4.2917,2.3551,15.304,0.007368
14595,0.9226,7.7755,4.2895,2.3153,15.3028,0.015801
14596,0.998,7.7524,4.2817,2.3104,15.3424,0.018454
14597,1.0108,7.7458,4.2989,2.3217,15.3772,0.014732
14598,0.963,7.9618,4.2525,2.3396,15.5168,0.011954
14599,0.9152,7.8522,4.2669,2.3334,15.3678,0.007694
14600,0.9469,7.6835,4.2692,2.3378,15.2374,0.013337
14601,1.0424,8.2824,4.276,2.3198,15.9205,0.016318
14602,0.9735,7.781,4.355,2.3429,15.4524,0.005911
14603,0.9323,7.8999,4.2833,2.3077,15.4232,0.01863
14604,0.9896,7.705,4.2942,2.31,15.2988,0.006464
14605,1.008,7.7469,4.2943,2.3197,15.3688,0.007375
14606,0.9757,7.8525,4.2732,2.3419,15.4433,0.009133
14607,0.9025,7.9621,4.2799,2.3363,15.4808,0.009205
14608,0.968,7.7545,4.2843,2.3509,15.3577,0.009679
14609,0.9714,7.7522,4.28,2.3388,15.3424,0.010568
14610,0.9669,7.7142,4.263,2.3156,15.2596,0.010984
14611,0.9473,7.7805,4.2998,2.3137,15.3413,0.008767
14612,0.9545,7.7089,4.302,2.3115,15.2769,0.009291
14613,0.9423,7.7873,4.2837,2.3192,15.3325,0.010251
14614,0.9753,7.6851,4.2821,2.3304,15.2729,0.005663
14615,0.913,7.7821,4.2696,2.3425,15.3072,0.004426
14616,0.928,7.6822,4.2854,2.2971,15.1927,0.007497
14617,0.9795,7.7227,4.2644,2.3061,15.2727,0.009197
14618,1.0036,7.6862,4.3033,2.3053,15.2985,0.007711
14619,0.9356,7.761,4.2853,2.3315,15.3135,0.008596
14620,0.934,7.6712,4.2684,2.3534,15.2269,0.007928
14621,0.9399,7.7643,4.2765,2.3568,15.3374,0.006313
14622,0.9735,7.7444,4.2804,2.3096,15.3079,0.007904
14623,0.9485,7.7953,4.2992,2.3073,15.3503,0.005672
14624,0.9709,8.0122,4.2819,2.3137,15.5786,0.005249
14625,0.9524,7.7699,4.2993,2.3258,15.3474,0.009093
14626,0.9641,7.6365,4.2592,2.3396,15.1994,0.006792
14627,0.9201,7.7671,4.2598,2.3501,15.2971,0.019402
14628,0.9439,7.7228,4.2946,2.3333,15.2946,0.003332
14629,0.9523,7.7646,4.3028,2.2966,15.3162,0.00313
14630,1.0024,7.6803,4.2718,2.3193,15.2738,0.014583
14631,0.9138,7.7528,4.2875,2.3227,15.2767,0.011465
14632,0.9322,7.694,4.2855,2.3423,15.254,0.003767
14633,0.9777,7.7328,4.2838,2.3585,15.3528,0.012165
14634,0.9639,7.6784,4.2668,2.3494,15.2584,0.006092
14635,0.8951,7.8144,4.2772,2.3106,15.2973,0.00485
14636,0.9768,7.7037,4.2672,2.3101,15.2579,0.024155
14637,0.9643,7.784,4.2665,2.3253,15.3402,0.025437
14638,0.967,7.6688,4.2598,2.3386,15.2341,0.017058
14639,0.9392,7.7828,4.2877,2.3457,15.3554,0.075755
14640,0.927,7.643,4.2733,2.3399,15.1832,0.108642
14641,0.9475,7.773,4.2917,2.3468,15.3591,0.071654
14642,1.0159,7.7338,4.2748,2.3125,15.3369,0.075783
14643,0.9214,7.7756,4.285,2.3088,15.2909,0.048505
14644,0.9685,7.7641,4.2732,2.3412,15.347,0.036026
14645,0.9726,7.8538,4.2645,2.3436,15.4344,0.031187
14646,0.9601,7.6383,4.2709,2.3383,15.2076,0.030116
14647,0.9149,7.7599,4.2706,2.3268,15.2722,0.019197
14648,0.9578,7.7365,4.2719,2.3107,15.2768,0.01264
14649,1.0048,7.8053,4.3228,2.3004,15.4333,0.012732
14650,0.9755,7.6656,4.2858,2.3314,15.2582,0.011804
14651,0.9033,8.2055,4.3387,2.3367,15.7842,0.011006
14652,0.9411,7.7075,4.2824,2.3371,15.2682,0.012675
14653,0.9592,7.7561,4.2884,2.3376,15.3413,0.013121
14654,0.9724,7.6671,4.2684,2.2993,15.2072,0.01867
14655,0.9379,7.7652,4.2844,2.3174,15.3049,0.040731
14656,0.9705,7.7057,4.2985,2.3125,15.2872,0.048744
14657,0.9597,7.7496,4.2646,2.3285,15.3025,0.023286
14658,0.9766,7.6704,4.2595,2.338,15.2444,0.013932
14659,0.9328,7.874,4.2673,2.3547,15.4288,0.062452
14660,0.9511,7.7284,4.2581,2.3086,15.2462,0.015643
14661,0.9576,7.728,4.2833,2.3125,15.2814,0.017809
14662,0.9892,7.6608,4.277,2.293,15.22,0.018057
14663,0.9203,7.8098,4.2714,2.3235,15.3249,0.006376
14664,0.9351,7.6768,4.2928,2.3376,15.2422,0.003931
14665,0.9483,7.7417,4.2784,2.3534,15.3218,0.002987
14666,0.9731,7.6633,4.3006,2.3307,15.2677,0.002603
14667,0.9111,7.824,4.3517,2.312,15.3988,0.001721
14668,0.9925,7.7177,4.3125,2.3161,15.3388,0.001436
14669,0.9732,7.7562,4.2658,2.3295,15.3247,0.001621
14670,0.9801,7.7029,4.327,2.3578,15.3678,0.001546
14671,0.9254,7.8145,4.3008,2.3376,15.3784,0.001659
14672,0.9367,7.7243,4.3022,2.3441,15.3073,0.001305
14673,0.9434,7.7847,4.3073,2.3125,15.3479,0.001263
14674,0.9971,7.6847,4.3144,2.3198,15.3159,0.001306
14675,0.9658,7.7169,4.3122,2.3112,15.3061,0.000694
14676,0.958,7.8498,4.2792,2.3224,15.4094,0.001062
14677,0.9715,8.2129,4.2956,2.3304,15.8105,0.001538
14678,0.9471,7.666,4.2678,2.33,15.2108,0.001378
14679,0.9259,7.8035,4.2955,2.357,15.3819,0.085454
14680,0.969,7.76,4.2749,2.3561,15.3599,0.10518
14681,0.9754,7.7174,4.2856,2.3224,15.3007,0.120677
14682,0.9952,7.6929,4.2635,2.3083,15.2599,0.102811
14683,0.92,7.8052,4.2939,2.3329,15.3519,0.101971
14684,0.9667,7.72,4.2818,2.3483,15.3168,0.07233
14685,0.9718,7.7453,4.2566,2.3402,15.3139,0.063697
14686,0.9721,7.6624,4.2802,2.3371,15.2518,0.054312
14687,0.895,7.7816,4.2745,2.3094,15.2605,0.03828
14688,1.003,7.6975,4.2938,2.3162,15.3106,0.019233
14689,0.9824,7.7565,4.2757,2.336,15.3505,0.019993
14690,0.961,7.7442,4.2854,2.3438,15.3345,0.017597
14691,0.9005,7.7785,4.2933,2.3503,15.3225,0.018527
14692,0.9696,7.7006,4.2784,2.3467,15.2953,0.032603
14693,0.9811,7.7916,4.3236,2.3371,15.4335,0.030586
14694,0.9973,7.6919,4.2532,2.3325,15.2749,0.033678
14695,0.9485,7.84,4.2857,2.3054,15.3796,0.031461
14696,0.9431,7.8082,4.2831,2.3267,15.3611,0.043137
14697,0.9449,7.7582,4.2773,2.3218,15.3023,0.047612
14698,0.9816,7.6804,4.2873,2.3415,15.2907,0.07679
14699,0.9196,7.7924,4.2871,2.3449,15.344,0.081407
14700,0.936,7.7239,4.2568,2.3046,15.2214,0.079298
14701,0.9788,7.764,4.2897,2.3044,15.3369,0.071869
14702,0.9757,7.7313,4.2701,2.3415,15.3186,0.013433
14703,0.9267,7.7583,4.2832,2.3282,15.2964,0.015872
14704,0.9326,7.9443,4.2563,2.361,15.4942,0.016406
14705,0.9682,7.8187,4.2924,2.3479,15.4272,0.014293
14706,0.9738,7.7363,4.2917,2.3237,15.3255,0.964849
14707,0.9032,7.7102,4.2831,2.3099,15.2063,0.999991
14708,0.9911,7.7055,4.2931,2.3109,15.3006,0.999992
14709,0.9749,7.7862,4.2736,2.3267,15.3614,0.999987
14710,0.9644,7.6812,4.2836,2.3367,15.2659,0.999926
14711,0.9002,7.7707,4.2899,2.3522,15.3129,0.999786
14712,0.9657,7.7175,4.2707,2.3354,15.2893,0.998103
14713,0.9653,7.7807,4.3088,2.3097,15.3645,0.994253
14714,1.0,7.7161,4.3162,2.3179,15.3502,0.942089
14715,0.9177,7.801,4.308,2.3299,15.3566,0.872336
14716,0.9326,7.7417,4.2788,2.3334,15.2865,0.869538
14717,0.9563,7.7275,4.2797,2.334,15.2975,0.826776
14718,0.9388,7.7253,4.3397,2.364,15.3679,0.76062
14719,0.9179,7.8251,6.2915,2.3272,17.3616,0.69501
14720,0.967,7.7636,4.3166,2.324,15.3712,0.610891
14721,0.9791,7.7817,4.2847,2.3508,15.3963,0.489504
14722,0.9747,7.7463,4.289,2.3562,15.3662,0.314471
14723,0.9319,7.7745,4.3265,2.3123,15.3453,0.229745
14724,1.0007,7.813,4.2851,2.3066,15.4055,0.294123
14725,0.9591,7.8477,4.2889,2.2992,15.3949,0.260841
14726,0.9836,7.7444,4.3021,2.3353,15.3654,0.172992
14727,0.8942,7.7555,4.3009,2.33,15.2807,0.081536
14728,0.936,7.8524,4.2861,2.3353,15.4098,0.207178
14729,0.9489,7.8578,4.2691,2.3258,15.4016,0.135017
14730,0.9445,8.0263,4.3278,2.3175,15.6161,0.204028
14731,0.921,8.4367,4.3325,2.2774,15.9676,0.214186
14732,0.9683,7.8609,4.2992,2.3118,15.4402,0.134946
14733,0.966,7.7864,4.3618,2.3108,15.4251,0.900381
14734,0.9537,7.7455,4.2768,2.3444,15.3204,0.851507
14735,0.9072,7.893,4.2923,2.3251,15.4177,0.705732
14736,0.9407,7.8045,4.2914,2.3381,15.3746,0.700796
14737,0.9491,7.8339,4.3063,2.3532,15.4425,0.585631
14738,0.9447,7.6976,4.3076,2.3217,15.2716,0.374503
14739,0.9487,7.8841,4.3654,2.317,15.5152,0.181666
14740,0.9925,7.7388,4.3087,2.2988,15.3388,0.132313
14741,0.9814,7.7952,4.2789,2.3169,15.3724,0.131976
14742,0.9826,7.7128,4.2888,2.3336,15.3178,0.116958
14743,0.9152,7.8212,4.3037,2.3401,15.3802,0.092527
14744,0.955,7.7669,4.3112,2.337,15.3701,0.154769
14745,0.9456,7.7972,4.355,2.3327,15.4306,0.222477
14746,0.9796,7.7247,4.3082,2.3211,15.3335,0.36529
14747,0.9501,7.8148,4.2962,2.3192,15.3803,0.406947
14748,0.952,7.774,4.2904,2.3265,15.3429,0.362325
14749,0.945,7.7617,4.3283,2.3398,15.3748,0.345573
14750,0.9751,7.782,4.2693,2.3464,15.3727,0.315244
14751,0.9242,7.7452,4.2842,2.3575,15.3111,0.269197
14752,0.937,7.6951,4.2882,2.3109,15.2313,0.149227
14753,0.9902,7.816,4.3035,2.3061,15.4158,0.166651
14754,1.0416,7.6838,4.3019,2.3228,15.3501,0.062789
14755,0.9229,7.7476,4.2839,2.3305,15.2848,0.005707
14756,0.9407,7.7048,4.2752,2.331,15.2517,0.009343
14757,0.933,8.0573,4.3133,2.3506,15.6543,0.005909
14758,0.9682,7.7256,4.2924,2.3572,15.3434,0.004815
14759,0.9164,7.7529,4.2973,2.3154,15.282,0.00404
14760,0.9955,7.7047,4.2815,2.3085,15.2903,0.005771
14761,0.9686,7.7423,4.3206,2.3145,15.346,0.034476
14762,0.9654,7.7488,4.2596,2.3286,15.3024,0.024959
14763,0.9644,7.6952,4.2737,2.3508,15.2841,0.023879
14764,0.9247,8.9796,4.3357,2.3376,16.5775,0.018958
14765,0.904,7.856,4.2881,2.3562,15.4043,0.007146
14766,0.9453,7.8016,4.2696,2.3474,15.3639,0.006742
14767,0.9625,7.8025,4.2826,2.3335,15.3809,0.006445
14768,0.9513,7.6624,4.2757,2.3074,15.1967,0.006807
14769,0.9448,7.7804,4.288,2.3053,15.3185,0.013209
14770,0.987,7.7247,4.3015,2.3342,15.3475,0.002228
14771,0.9672,7.7611,4.282,2.3511,15.3615,0.00822
14772,0.9426,7.7405,4.2654,2.3549,15.3034,0.015899
14773,0.8917,7.8332,4.3102,2.3627,15.3979,0.017315
14774,0.9671,7.8193,4.3518,2.3316,15.4698,0.014836
14775,1.0345,7.7756,4.3099,2.3143,15.4343,0.019864
14776,0.9677,7.6555,4.2787,2.3086,15.2105,0.046729
14777,0.9038,7.7996,4.2873,2.3234,15.3141,0.048776
14778,0.9619,7.6848,4.2734,2.3503,15.2704,0.06311
14779,0.9354,7.7461,4.4024,2.357,15.4409,0.061673
14780,0.9776,7.7021,4.3249,2.365,15.3697,0.107298
14781,0.9153,7.7898,4.3105,2.3046,15.3202,0.029483
14782,1.0285,7.7608,4.3091,2.306,15.4044,0.079515
14783,0.9867,8.1271,4.3073,2.2978,15.7189,0.070372
14784,0.9485,7.7275,4.2967,2.3381,15.3108,0.084142
14785,0.9156,7.8139,4.2831,2.3543,15.3669,0.079366
14786,0.955,7.7523,4.2808,2.3477,15.3358,0.07851
14787,0.9436,7.7915,4.2769,2.3584,15.3704,0.066137
14788,0.9607,7.6875,4.3165,2.298,15.2627,0.076719
14789,0.9315,7.7823,4.2806,2.3132,15.3076,0.066278
14790,0.9946,7.6907,4.299,2.3148,15.2991,0.091898
14791,0.9494,7.8625,4.2755,2.3248,15.4123,0.081204
14792,0.9465,7.7155,4.2933,2.3233,15.2785,0.075297
14793,0.8931,7.8079,4.2913,2.3639,15.3562,0.028573
14794,0.9542,7.7656,4.25,2.3455,15.3152,0.07253
14795,0.9364,7.7565,4.3212,2.3152,15.3293,0.069191
14796,0.971,7.725,4.2824,2.316,15.2944,0.041127
14797,0.8994,7.8757,4.2701,2.3238,15.3691,0.049038
14798,0.9509,7.8584,4.3005,2.3345,15.4443,0.053217
14799,0.9491,7.8707,4.3162,2.3317,15.4677,0.04238
14800,0.9422,7.6702,4.3316,2.3436,15.2875,0.053317
14801,0.89,7.7625,4.3635,2.3497,15.3657,0.032655
14802,0.965,7.8788,4.3371,2.3003,15.4811,0.026728
14803,0.9811,7.7755,4.3337,2.3054,15.3957,0.021022
14804,0.9676,7.7974,4.3512,2.3201,15.4363,0.025156
14805,0.9365,7.8115,4.2863,2.3336,15.3678,0.042525
14806,0.9775,7.8455,4.2955,2.3409,15.4594,0.086281
14807,0.9629,7.7791,4.314,2.3605,15.4165,0.236008
14808,0.9778,7.7436,4.292,2.3415,15.3549,0.213758
14809,0.9186,8.1163,4.3281,2.3451,15.7081,0.285365
14810,0.9725,7.8108,4.3182,2.3104,15.4118,0.186827
14811,0.9858,7.7946,4.3142,2.3085,15.403,0.100904
14812,1.0489,7.7276,4.3123,2.3081,15.3969,0.181957
14813,0.9175,7.8593,4.3012,2.3464,15.4244,0.182268
14814,0.9696,7.7006,4.3392,2.3249,15.3343,0.040654
14815,0.9668,7.822,4.3574,2.347,15.4931,0.025375
14816,0.9753,7.6861,4.3323,2.3479,15.3415,0.116045
14817,0.9224,7.825,4.357,2.3216,15.426,0.016753
14818,0.9981,7.777,4.4123,2.3105,15.4978,0.03806
14819,0.9958,7.8355,4.3331,2.3098,15.4742,0.150972
14820,0.9678,7.8327,4.3418,2.3175,15.4598,0.130333
14821,0.9346,7.7912,4.2978,2.3375,15.361,0.048586
14822,0.9806,7.7933,4.3193,2.3307,15.4239,0.052895
14823,0.9725,7.7635,4.3133,2.3278,15.3772,0.039567
14824,0.9685,7.7037,4.3182,2.3434,15.3338,0.045811
14825,0.9262,8.2764,4.3208,2.3092,15.8326,0.020284
14826,0.9768,7.7543,4.3133,2.317,15.3614,0.035192
14827,0.9938,7.8303,4.3204,2.305,15.4495,0.033178
14828,0.9659,7.7689,4.3422,2.3028,15.3798,0.029978
14829,0.9195,7.8253,4.3191,2.3407,15.4046,0.031239
14830,0.9815,7.7458,4.305,2.3401,15.3726,0.054816
14831,0.9553,7.782,4.3293,2.3419,15.4085,0.046667
14832,0.9559,7.7696,4.3295,2.3456,15.4006,0.055281
14833,0.9284,7.8069,4.3983,2.3176,15.4512,0.061287
14834,0.9834,7.761,4.4007,2.3305,15.4756,0.056093
14835,0.986,7.7014,4.3432,2.3029,15.3335,0.06011
14836,0.9526,7.9962,4.2858,2.3326,15.5673,0.999152
14837,0.8936,7.7962,4.2893,2.3367,15.3157,0.999999
14838,0.9557,7.7677,4.2959,2.3391,15.3584,0.999994
14839,0.9419,7.7483,4.3429,2.3414,15.3745,0.999958
14840,0.9674,7.6902,4.2853,2.3094,15.2523,0.999884
14841,0.9469,7.8385,4.2644,2.3157,15.3655,0.999509
14842,0.9919,7.7075,4.2821,2.2915,15.273,0.993749
14843,0.9445,7.7321,4.2779,2.3262,15.2807,0.694148
14844,0.9582,7.7372,4.3055,2.3463,15.3472,0.682434
14845,0.9045,7.7812,4.3138,2.351,15.3505,0.664512
14846,0.9517,7.7088,4.3627,2.3603,15.3834,0.56704
14847,0.9503,7.7949,4.3441,2.3127,15.402,0.215798
14848,0.9828,7.6783,4.3387,2.3037,15.3034,0.185639
14849,0.8996,7.7419,4.3782,2.3282,15.3479,0.315394
14850,0.9629,7.8142,4.2783,2.3343,15.3897,0.350553
14851,0.9428,7.8011,4.2927,2.3486,15.3852,0.403257
14852,0.9455,7.8102,4.4005,2.335,15.4912,0.298797
14853,0.898,7.7798,4.3056,2.345,15.3285,0.072527
14854,0.9567,7.725,4.351,2.3056,15.3383,0.046243
14855,1.0025,7.8407,4.316,2.3195,15.4787,0.111666
14856,0.9725,7.7828,4.2705,2.3109,15.3367,0.109879
14857,0.9072,7.7959,4.2775,2.329,15.3096,0.10043
14858,0.9492,7.8377,4.303,2.3278,15.4177,0.105868
14859,0.944,7.8618,4.3321,2.3379,15.4758,0.110382
14860,0.9514,7.6999,4.3646,2.3546,15.3705,0.045698
14861,0.9411,8.504,4.4915,2.3093,16.2459,0.046537
14862,0.9507,8.2344,4.3722,2.367,15.9244,0.047527
14863,0.9653,7.7128,4.3424,2.3054,15.3259,0.052914
14864,1.0174,7.6908,4.3105,2.3006,15.3192,0.05114
14865,0.9321,7.906,4.3534,2.313,15.5045,0.05189
14866,0.9614,7.8095,4.3049,2.3166,15.3925,0.173159
14867,0.9364,7.738,4.3183,2.3224,15.3151,0.178017
14868,0.9491,7.7131,4.2934,2.3355,15.2912,0.528214
14869,0.8965,7.7458,4.3857,2.3423,15.3702,0.659594
14870,0.9628,7.8136,4.3346,2.3025,15.4134,0.262094
14871,0.9561,7.723,4.3249,2.3073,15.3112,0.228616
14872,1.0349,7.7757,4.2982,2.3055,15.4143,0.254777
14873,0.9069,7.8334,4.3414,2.3531,15.4348,0.344905
14874,0.955,7.7658,4.3292,2.3276,15.3776,0.267569
14875,0.9306,7.7435,4.3069,2.3478,15.3288,0.287169
14876,0.9555,7.6536,4.3477,2.3462,15.303,0.258893
14877,0.8907,7.7413,4.3039,2.3145,15.2504,0.174884
14878,0.983,7.7405,4.3178,2.3115,15.3528,0.221719
14879,0.9526,7.7562,4.307,2.3245,15.3403,0.593161
14880,0.943,7.6767,4.2883,2.3288,15.2368,0.226955
14881,0.9122,7.7604,4.3047,2.3346,15.312,0.056364
14882,0.9515,7.7829,4.2812,2.3543,15.3699,0.036179
14883,0.9416,7.7751,4.306,2.3072,15.3299,0.016836
14884,0.9762,7.7198,4.2981,2.3265,15.3205,0.009988
14885,0.927,7.7743,4.3329,2.314,15.3483,0.025372
14886,0.9604,7.7537,4.3731,2.332,15.4191,0.014485
14887,0.9432,7.8462,4.3355,2.3432,15.4681,0.014336
14888,0.9537,8.008,4.2971,2.3365,15.5953,0.039369
14889,0.8984,7.8406,4.3029,2.3372,15.3791,0.043141
14890,0.9516,7.702,4.3008,2.3345,15.289,0.053635
14891,0.9381,7.6855,4.311,2.2927,15.2274,0.043883
14892,0.9816,7.6513,4.3064,2.2865,15.2258,0.045425
14893,0.8896,7.8125,4.3001,2.3229,15.3252,0.048191
14894,0.9449,7.8393,4.2904,2.3433,15.4179,0.042863
14895,0.9342,7.7813,4.326,2.3478,15.3894,0.039803
14896,0.9419,7.6106,4.2615,2.3404,15.1543,0.027345
14897,0.8929,7.808,4.3061,2.299,15.306,0.031484
14898,0.9619,7.7422,4.2884,2.3064,15.2988,0.01924
14899,0.9406,7.7995,4.2872,2.3291,15.3564,0.012311
14900,0.9485,7.7439,4.3147,2.3335,15.3407,0.013367
14901,0.9052,7.773,4.339,2.3464,15.3637,0.005334
14902,0.9599,7.6967,4.3295,2.3402,15.3263,0.004738
14903,0.9622,7.7909,4.364,2.308,15.425,0.007619
14904,0.9485,7.7031,4.4056,2.3103,15.3675,0.005857
14905,0.9367,7.7938,4.3889,2.3017,15.4211,0.00497
14906,0.9655,7.6882,4.3077,2.3404,15.3017,0.013528
14907,0.9387,7.7442,4.2938,2.3299,15.3066,0.014616
14908,0.9586,7.7014,4.384,2.3481,15.3922,0.018232
14909,0.9001,7.7932,4.3202,2.3501,15.3635,0.023044
14910,0.9423,7.7268,4.4109,3.4818,16.5618,0.018175
14911,0.9747,7.7752,4.3232,2.3385,15.4115,0.017368
14912,0.9542,7.7135,4.2996,2.3008,15.2681,0.014729
14913,0.9127,7.7401,4.3641,2.3056,15.3226,0.008718
14914,0.9933,7.7696,4.3806,2.3096,15.4532,0.009874
14915,0.9653,8.0856,4.353,2.313,15.7168,0.013656
14916,0.9693,7.7749,4.3256,2.3266,15.3964,0.015915
14917,0.9222,7.8394,4.3344,2.3658,15.4617,0.015437
14918,0.9709,7.7657,4.3831,2.3606,15.4803,0.02529
14919,0.9667,7.8519,4.3677,2.3454,15.5317,0.023174
14920,0.9829,7.7387,4.3718,2.3478,15.4412,0.024325
14921,0.9118,7.7808,4.3999,2.3024,15.3949,0.02169
14922,1.0068,7.7545,4.3528,2.3065,15.4205,0.013115
14923,0.9992,7.7688,4.3564,2.3152,15.4396,0.013257
14924,0.9732,7.6775,4.38,2.3225,15.3533,0.013956
14925,0.8828,7.7843,4.3403,2.3255,15.3328,0.00969
14926,0.9792,7.8466,4.332,2.3225,15.4803,0.140435
14927,0.9752,7.7892,4.3653,2.3698,15.4995,0.041305
14928,0.9824,7.689,4.3632,2.3216,15.3562,0.076873
14929,0.9639,7.8153,4.3801,2.3165,15.4758,0.013146
14930,1.007,7.8016,4.4407,2.2917,15.541,0.018335
14931,1.0438,7.8899,4.3669,2.3135,15.6141,0.106497
14932,0.9836,7.6613,4.3134,2.3261,15.2844,0.040029
14933,0.9209,7.8248,4.394,2.325,15.4647,0.109722
14934,0.9838,7.7803,4.4083,2.3283,15.5007,0.078582
14935,0.9793,7.8062,4.3564,2.3477,15.4895,0.069788
14936,0.979,7.7912,4.4738,2.3594,15.6034,0.097133
14937,0.905,7.8437,4.4005,2.3166,15.4657,0.093915
14938,1.005,7.7745,4.3633,2.316,15.4589,0.082605
14939,1.0044,7.8033,4.369,2.3024,15.4792,0.026552
14940,0.949,7.7,4.3912,2.3296,15.3698,0.020066
14941,0.9026,8.1562,4.4044,2.3372,15.8004,0.017303
14942,0.9709,7.7191,4.4308,2.328,15.4488,0.033294
14943,0.9747,7.791,4.3375,2.3395,15.4426,0.032792
14944,0.9472,7.6933,4.357,2.3516,15.3492,0.030887
14945,0.939,7.8391,4.3535,2.3374,15.4691,0.067851
14946,0.958,7.8035,4.3889,2.3041,15.4545,0.056758
14947,0.9597,7.7455,4.4063,2.3152,15.4267,0.056408
14948,0.9791,7.6755,4.3567,2.297,15.3083,0.035745
14949,0.9197,7.7952,4.3753,2.3303,15.4205,0.025847
14950,0.9536,7.7115,4.3898,2.333,15.3878,0.024101
14951,0.9441,7.7697,4.338,2.3463,15.3981,0.028323
14952,0.9499,7.6856,4.3289,2.3463,15.3106,0.03011
14953,0.915,7.7646,4.3255,2.3163,15.3215,0.022931
14954,0.9913,7.7194,4.318,2.3194,15.3482,0.024032
14955,0.9397,7.8996,4.3318,2.3054,15.4765,0.022279
14956,0.9506,7.7854,4.3089,2.3178,15.3627,0.02377
14957,0.9019,7.7809,4.3389,2.3282,15.35,0.026045
14958,0.9682,7.746,4.3323,2.3494,15.3959,0.019206
14959,0.9514,7.7372,4.327,2.3372,15.3527,0.020358
14960,0.9644,7.731,4.3634,2.3164,15.3752,0.022183
14961,0.9517,7.8342,4.3348,2.3141,15.4347,0.010124
14962,0.976,7.7252,4.3618,2.3197,15.3827,0.008767
14963,0.942,7.7591,4.3526,2.3315,15.3852,0.048505
14964,0.9465,7.7143,4.3746,2.3423,15.3777,0.031506
14965,0.9139,7.8289,4.3083,2.3443,15.3954,0.041349
14966,0.9612,7.6094,4.3209,2.3361,15.2276,0.058965
14967,0.9528,7.7848,4.3416,2.3337,15.4129,0.069632
14968,0.9702,8.013,4.3093,2.3047,15.5973,0.062396
14969,0.9257,7.8573,4.3181,2.3226,15.4238,0.054558
14970,0.9928,7.7342,4.2818,2.3365,15.3453,0.097945
14971,0.9588,7.8134,4.3071,2.3273,15.4066,0.014039
14972,0.9507,7.7133,6.3553,2.2944,17.3137,0.017131
14973,0.9005,7.8135,4.3418,2.3018,15.3576,0.022334
14974,0.9869,7.7637,4.3118,2.3153,15.3777,0.014666
14975,0.9674,7.7561,4.3065,2.3288,15.3588,0.020255
14976,0.9568,7.678,4.3351,2.3416,15.3115,0.023232
14977,0.9153,7.8524,4.3125,2.35,15.4301,0.026163
14978,0.9638,7.8028,4.284,2.2985,15.3491,0.025577
14979,0.9785,7.7326,4.2908,2.3116,15.3135,0.024904
14980,0.9682,7.6926,4.2986,2.3273,15.2866,0.020847
14981,0.9054,7.7258,4.3175,2.3705,15.3192,0.01234
14982,0.9914,7.7163,4.2841,2.3423,15.3341,0.011496
14983,0.9672,7.7576,4.2944,2.3462,15.3654,0.010443
14984,0.9479,7.7229,4.311,2.316,15.2978,0.010568
14985,0.92,7.8021,4.3314,2.337,15.3906,0.010065
14986,1.0399,7.6969,4.3759,2.3,15.4127,0.012831
14987,0.9681,7.8203,4.3111,2.3276,15.4272,0.01222
14988,0.9552,7.7029,4.3488,2.3251,15.332,0.0142
14989,0.9025,7.7915,4.3685,2.3535,15.4162,0.013814
14990,0.9838,7.7294,4.2956,2.6259,15.6348,0.038566
14991,1.1228,8.3824,4.3397,2.3416,16.1865,0.003951
14992,0.9543,7.733,4.314,2.3812,15.3825,0.004015
14993,0.8976,7.8248,4.3253,2.3031,15.3508,0.004098
14994,1.0381,8.0651,4.3822,2.3002,15.7856,0.001368
14995,1.0246,7.7813,4.325,2.3121,15.4429,0.001136
14996,1.0161,7.7067,4.3173,2.3102,15.3502,0.001196
14997,0.898,7.7897,4.336,2.3303,15.354,0.001542
14998,0.9838,7.7382,4.2818,2.3485,15.3522,0.002005
14999,0.9727,7.7297,4.3336,2.3476,15.3836,0.002182
15000,0.9381,7.656,4.3143,2.3355,15.2437,0.002358
15001,0.9332,7.9361,4.3407,2.3069,15.5169,0.084274
15002,1.0076,7.8084,4.3641,2.3086,15.4887,0.997569
15003,1.0065,7.7866,4.4121,2.3061,15.5114,0.999995
15004,0.9809,7.7896,4.3058,2.351,15.4273,0.999996
15005,0.914,7.8013,4.3199,2.3235,15.3587,0.999952
15006,0.9832,7.7564,4.3572,2.3156,15.4124,0.999665
15007,0.9754,7.774,4.3846,2.3708,15.5049,0.742513
15008,0.9725,7.653,4.3453,2.3388,15.3096,0.182006
15009,0.9313,7.8129,4.3155,2.3075,15.3671,0.216929
15010,0.9934,7.73,4.3719,2.3051,15.4004,0.054319
15011,0.9486,7.7633,4.2803,2.3417,15.3339,0.033398
15012,0.9887,7.7323,4.2998,2.3285,15.3494,0.035112
15013,0.9644,7.7247,4.3206,2.338,15.3477,0.036116
15014,0.9315,7.7764,4.3753,2.3563,15.4395,0.052481
15015,0.8772,7.7701,4.386,2.3508,15.3841,0.062307
15016,0.9466,7.7754,4.4036,2.3396,15.4652,0.072239
15017,1.004,7.85,4.2999,2.3096,15.4635,0.078754
15018,1.0057,7.7588,4.4131,2.3125,15.4901,0.079069
15019,0.8956,7.7854,4.4209,2.3443,15.4462,0.128437
15020,0.9734,7.7736,4.3722,2.3328,15.4519,0.181768
15021,0.9605,8.0764,4.3888,2.3368,15.7624,0.049467
15022,0.9451,7.7195,4.3979,2.337,15.3995,0.131634
15023,0.9047,7.7807,4.4014,2.3435,15.4304,0.110425
15024,0.9722,7.7004,4.4281,2.3091,15.4098,0.107714
15025,0.9879,7.7694,4.446,2.3097,15.5129,0.085746
15026,0.9787,7.7679,4.3821,2.3109,15.4396,0.267248
15027,0.9178,7.9145,4.4165,2.3078,15.5566,0.293822
15028,0.9728,7.7633,4.3638,2.3197,15.4195,0.328994
15029,0.9603,7.7803,4.3697,2.3373,15.4476,0.315873
15030,0.9351,7.7128,4.3872,2.3571,15.3922,0.10577
15031,0.8857,7.7345,4.4033,2.339,15.3625,0.110892
15032,0.9681,7.7405,4.4053,2.3236,15.4376,0.314963
15033,0.9981,7.7851,4.3784,2.3088,15.4704,0.11247
15034,0.9835,7.6624,4.4516,2.2985,15.3961,0.135219
15035,0.8965,7.7935,4.4217,2.3202,15.4319,0.160834
15036,0.9703,7.7865,4.4315,2.3439,15.5322,0.013375
15037,0.9731,7.8207,4.3843,2.339,15.5171,0.01902
15038,0.944,7.7431,4.4116,2.3465,15.4453,0.020798
15039,0.9064,7.7881,4.523,2.35,15.5675,0.024254
15040,0.9699,7.7893,4.4,2.3388,15.4979,0.017963
15041,0.9743,7.7425,4.3753,2.31,15.4021,0.015464
15042,0.9668,7.8004,4.4151,2.3248,15.5071,0.017265
15043,0.9522,7.7958,4.4282,2.3007,15.4769,0.009458
15044,0.9769,7.7522,4.4567,2.3173,15.5031,0.038416
15045,0.9645,7.7942,4.437,2.3293,15.525,0.066546
15046,0.9494,7.6959,4.4275,2.3289,15.4017,0.05554
15047,0.9104,8.1856,4.4663,2.3478,15.9101,0.038003
15048,0.9703,7.8069,4.4441,2.3403,15.5616,0.079737
15049,0.9646,7.8834,4.3924,2.345,15.5854,0.099441
15050,0.9327,7.6955,4.4651,2.304,15.3974,0.069442
15051,0.9155,7.8543,4.4846,2.3113,15.5658,0.076301
15052,1.004,7.7302,4.4177,2.3118,15.4636,0.152797
15053,1.0123,7.7819,4.4247,2.3104,15.5293,0.125681
15054,0.9678,7.7396,4.4189,2.3253,15.4516,0.039874
15055,0.9273,7.8987,4.4042,2.3228,15.5529,0.035743
15056,0.9479,7.7532,4.4014,2.3375,15.44,0.052821
15057,0.9427,7.7971,4.3966,2.33,15.4665,0.023606
15058,0.9682,7.7409,4.3936,2.3509,15.4536,0.029015
15059,0.924,7.7905,4.4442,2.3176,15.4763,0.020513
15060,0.9894,7.8117,4.4155,2.3141,15.5308,0.015823
15061,0.964,7.769,4.3798,2.3129,15.4257,0.011544
15062,0.9857,7.7365,4.4203,2.3164,15.4589,0.011212
15063,0.926,7.8814,4.3984,2.3349,15.5407,0.012782
15064,0.9451,7.6874,4.4575,2.3395,15.4294,0.014975
15065,0.9436,7.8043,4.4367,2.3309,15.5156,0.013451
15066,0.9639,7.7245,4.3954,2.336,15.4198,0.013192
15067,0.926,7.8254,4.3903,2.334,15.4757,0.015211
15068,0.9465,7.7496,4.4433,2.3107,15.4501,0.012677
15069,0.9814,7.7252,4.4733,2.3031,15.483,0.005973
15070,0.9941,7.7021,4.3655,2.31,15.3717,0.006074
15071,0.9363,7.8467,4.3603,2.338,15.4813,0.006333
15072,0.9472,7.7201,4.3189,2.316,15.3023,0.00468
15073,0.9321,7.6982,4.3011,2.3264,15.2579,0.005225
15074,0.9644,8.0053,4.3069,2.3635,15.64,0.001846
15075,0.9193,7.802,4.3401,2.3138,15.3753,0.001841
15076,0.977,7.7246,4.3411,2.3379,15.3806,0.001892
15077,0.9683,7.7658,4.3248,2.3215,15.3804,0.001322
15078,0.9717,7.6553,4.3456,2.3426,15.3152,0.002059
15079,0.9128,7.7919,4.3848,2.3315,15.4211,0.001557
15080,0.9539,7.6789,4.3361,2.3636,15.3325,0.001743
15081,0.9629,7.7468,4.3532,2.3727,15.4356,0.001904
15082,0.9719,7.8174,4.3169,2.3177,15.4238,0.001931
15083,0.9132,7.8447,4.3533,2.3241,15.4353,0.001829
15084,0.9682,7.7282,4.3321,2.3204,15.3489,0.001528
15085,0.9522,7.7269,4.3216,2.3233,15.324,0.002136
15086,0.9675,7.7221,4.3163,2.3207,15.3265,0.002066
15087,0.9174,7.74,4.3273,2.3504,15.3351,0.0018
15088,0.9476,7.8198,4.3304,2.3554,15.4532,0.002158
15089,0.9455,7.8079,4.3428,2.3399,15.4361,0.004718
15090,0.9811,7.7562,4.3225,2.2966,15.3564,0.009858
15091,0.9622,7.7918,4.3524,2.3256,15.432,0.012726
15092,0.9509,7.7154,4.3665,2.3154,15.3481,0.010859
15093,0.9548,7.7867,4.3503,2.3385,15.4303,0.00544
15094,0.9698,7.7924,4.3365,2.3202,15.4189,0.005193
15095,0.9157,7.8127,4.3261,2.3612,15.4156,0.006333
15096,0.9501,7.7053,4.298,2.3488,15.3021,0.004985
15097,0.9424,7.8066,4.3236,2.3125,15.3851,0.003809
15098,0.9958,7.7134,4.3521,2.3174,15.3787,0.007493
15099,0.9486,7.8111,4.4009,2.3112,15.4718,0.005652
15100,0.9505,8.0748,4.3273,2.3353,15.6878,0.009919
15101,0.9588,7.8297,4.3604,2.3236,15.4724,0.010926
15102,0.9692,7.6702,4.3059,2.3396,15.2849,0.011395
15103,0.9275,7.8779,4.3183,2.3436,15.4674,0.016385
15104,0.9429,7.7521,4.3476,2.3442,15.3869,0.013242
15105,0.949,7.7398,4.3041,2.3052,15.298,0.045261
15106,1.003,7.8356,4.3785,2.3163,15.5335,0.088406
15107,0.9469,7.8292,4.3595,2.3248,15.4603,0.159775
15108,0.9443,7.8387,4.3393,2.3332,15.4556,0.081464
15109,0.9529,7.7168,4.3384,2.3276,15.3357,0.023417
15110,0.9632,7.7439,4.3428,2.353,15.4028,0.023444
15111,0.9282,7.7918,4.3843,2.3376,15.4419,0.101264
15112,0.9443,7.7341,4.3055,2.3043,15.2881,0.176159
15113,0.9907,7.7019,4.3341,2.305,15.3317,0.192284
15114,1.0047,7.6584,4.3847,2.3081,15.3558,0.181171
15115,0.9105,8.5464,4.3337,2.3106,16.1012,0.056335
15116,0.9458,7.7495,4.3281,2.3419,15.3652,0.037166
15117,0.9436,7.865,4.3359,2.3325,15.4769,0.026618
15118,0.9824,7.7031,4.324,2.3346,15.3441,0.027324
15119,0.9127,7.7451,4.3905,2.3613,15.4097,0.00202
15120,1.0702,8.0973,4.4892,2.3263,15.983,0.002983
15121,0.9463,7.7988,4.3157,2.3401,15.401,0.022971
15122,0.9587,7.8038,4.317,2.3084,15.388,0.01956
15123,0.9393,7.8272,4.3685,2.3053,15.4403,0.003443
15124,0.9528,7.8034,4.3804,2.3178,15.4543,0.004163
15125,0.9366,7.7948,4.339,2.3421,15.4125,0.006696
15126,0.9643,7.728,4.3417,2.3493,15.3834,0.007437
15127,0.9294,8.1083,4.3496,2.3376,15.725,0.006149
15128,0.9554,7.8135,4.3158,2.3592,15.4439,0.006833
15129,0.9495,7.7765,4.3292,2.3536,15.4088,0.007491
15130,0.974,7.7788,4.3788,2.3102,15.4419,0.008312
15131,0.9488,7.7407,4.3749,2.3222,15.3866,0.003996
15132,0.969,7.7532,4.4075,2.3087,15.4384,0.009568
15133,0.9398,7.7841,4.3233,2.3347,15.3819,0.015625
15134,0.9647,7.6782,4.3403,2.3263,15.3095,0.009142
15135,0.9327,7.7993,4.3719,2.3397,15.4436,0.009
15136,0.9488,7.7813,4.3493,2.3604,15.4398,0.007821
15137,0.9529,7.7508,4.3398,2.3019,15.3454,0.007551
15138,0.9884,7.7331,4.4147,2.3194,15.4557,0.00622
15139,0.9666,7.771,4.3396,2.3227,15.3999,0.005606
15140,0.9697,7.8496,4.3353,2.3238,15.4784,0.036648
15141,0.9671,7.7911,4.3176,2.3302,15.4059,0.137897
15142,0.9612,7.7974,4.2885,2.3241,15.3712,0.018295
15143,0.9206,7.7776,4.3513,2.3587,15.4082,0.018105
15144,0.9795,7.7234,4.3246,2.3375,15.365,0.009826
15145,0.9687,7.6943,4.4249,2.3163,15.4042,0.008563
15146,1.013,7.7025,4.3278,2.3114,15.3546,0.008425
15147,0.9255,7.9059,4.3385,2.2988,15.4687,0.00898
15148,0.9356,7.7096,4.3817,2.322,15.3489,0.017579
15149,0.9299,7.74,4.4161,2.3385,15.4244,0.008765
15150,0.9663,7.7058,4.2909,2.3492,15.3122,0.009198
15151,0.9299,7.7237,4.3521,2.36,15.3657,0.010707
15152,0.9533,7.7691,4.486,2.3042,15.5126,0.01409
15153,0.9697,8.1145,4.3959,2.3181,15.7983,0.011324
15154,0.9989,7.7562,4.4095,2.2998,15.4645,0.011065
15155,0.9921,7.7968,4.426,2.3066,15.5216,0.01252
15156,0.9413,7.7403,4.366,2.346,15.3937,0.015141
15157,0.9519,7.7602,4.4096,2.3365,15.4582,0.015154
15158,0.9651,7.7473,4.3886,2.3368,15.4377,0.001089
15159,0.9166,7.8175,4.3397,2.3561,15.4299,0.000845
15160,0.9712,7.751,4.4252,2.3248,15.4722,0.001901
15161,0.9765,7.9257,4.4098,2.3296,15.6417,0.000896
15162,0.9972,7.6679,4.3866,2.3128,15.3646,0.001634
15163,0.9458,7.8266,4.418,2.3057,15.496,0.001637
15164,0.9666,7.7488,4.3637,2.3185,15.3976,0.001207
15165,0.982,7.8142,4.3205,2.3328,15.4495,0.001608
15166,0.9695,7.7138,4.4109,2.3393,15.4334,0.002082
15167,0.9234,7.7062,4.4201,2.3432,15.3929,0.003183
15168,0.969,7.7228,4.3565,2.3439,15.392,0.002744
15169,0.9741,7.732,4.3751,2.3088,15.3899,0.002597
15170,0.9892,7.7523,4.3936,2.318,15.4532,0.002998
15171,0.9496,7.7844,4.3375,2.3166,15.3881,0.003171
15172,0.9683,7.7459,4.3374,2.3369,15.3885,0.003108
15173,0.9694,7.8033,4.3136,2.3412,15.4275,0.004455
15174,0.9749,7.7379,4.3357,2.3434,15.3919,0.00427
15175,0.9139,7.8139,4.3906,2.3586,15.4771,0.00339
15176,0.9331,7.7827,4.3387,2.3055,15.36,0.004122
15177,0.9897,7.8238,4.3199,2.315,15.4485,0.006582
15178,1.0004,7.7811,4.3767,2.3323,15.4905,0.008861
15179,0.8918,7.7474,4.441,2.3353,15.4156,0.025231
15180,0.957,8.2777,4.3327,2.3269,15.8943,0.011588
15181,0.9595,7.8455,4.3324,2.3297,15.4671,0.007562
15182,0.9198,7.8141,4.3605,2.3448,15.4392,0.02109
15183,0.8995,7.7452,4.4166,2.3533,15.4147,0.008351
15184,0.9534,7.8006,4.4215,2.3333,15.5089,0.007142
15185,0.9214,7.8115,4.3014,2.2978,15.3321,0.008954
15186,0.9307,8.6287,4.3309,2.3355,16.2258,0.022424
15187,0.9552,7.8088,4.3102,2.3067,15.3809,0.310771
15188,0.9535,7.7469,4.2933,2.3183,15.312,0.876304
15189,0.9121,7.8184,4.3419,2.3387,15.4111,0.737557
15190,0.9444,7.8033,4.4158,2.3331,15.4966,0.206316
15191,0.9375,7.7615,4.3924,2.3369,15.4283,0.006352
15192,0.914,8.6651,4.4328,2.343,16.3549,0.013522
15193,0.9632,7.829,4.4097,2.351,15.5529,0.085177
15194,0.9207,7.7934,4.3585,2.3481,15.4207,0.214195
15195,0.8935,7.7882,4.368,2.3445,15.3942,0.230476
15196,0.9744,7.7563,4.4221,2.3203,15.4731,0.216298
15197,0.9796,7.8612,4.3992,2.3106,15.5506,0.512143
15198,0.9696,7.808,4.4923,2.3347,15.6045,0.626274
15199,0.9698,7.8231,4.4094,2.3117,15.514,0.491954
15200,0.9295,7.7845,4.4032,2.3334,15.4506,0.795298
15201,0.9335,7.9197,4.4259,2.3265,15.6057,0.70192
15202,0.9534,7.7423,4.4968,2.3232,15.5158,0.784009
15203,0.9175,7.8212,4.5073,2.3313,15.5772,0.702973
15204,0.9645,7.7803,4.4074,2.3341,15.4863,0.524979
15205,0.96,7.7966,4.3777,2.3277,15.462,0.599624
15206,0.9573,8.0697,4.4866,2.3227,15.8363,0.753744
15207,0.9063,7.8712,4.5538,2.3186,15.6498,0.691437
15208,0.9907,7.766,4.4096,2.312,15.4783,0.652975
15209,0.9877,7.8642,4.4123,2.3032,15.5674,0.577306
15210,0.9551,7.8162,4.4243,2.3251,15.5207,0.595413
15211,0.8921,8.5857,4.4329,2.3084,16.2191,0.818542
15212,0.9852,7.7517,4.4093,2.3403,15.4865,0.748854
15213,0.975,7.8349,4.3757,2.3414,15.5271,0.819378
15214,0.9382,7.8025,4.5192,2.3471,15.6071,0.871104
15215,0.8978,7.8613,4.431,2.3292,15.5193,0.825218
15216,0.9673,7.8359,4.4199,2.3617,15.5848,0.80675
15217,0.9781,7.8752,4.4133,2.3415,15.6081,0.649728
15218,0.9363,7.7862,4.4924,2.32,15.5348,0.615428
15219,0.9061,7.7961,4.5438,2.3043,15.5503,0.532605
15220,0.9915,7.812,4.4281,2.3092,15.5408,0.741929
15221,1.001,7.7791,4.4032,2.3163,15.4995,0.574949
15222,0.9353,7.789,4.5134,2.3122,15.5498,0.536143
15223,0.9152,8.45,4.4807,2.3166,16.1625,0.469752
15224,0.9609,7.822,4.3756,2.354,15.5125,0.488026
15225,0.964,7.812,4.415,2.3327,15.5237,0.952315
15226,0.9377,7.7181,4.3689,2.3394,15.3641,0.999989
15227,0.8924,8.3506,4.433,2.3218,15.9978,0.999999
15228,0.9659,7.7695,4.4064,2.3294,15.4712,1.0
15229,0.9771,7.7175,4.39,2.3386,15.4232,0.999998
15230,0.9386,7.6823,4.4168,2.3091,15.3468,0.99988
15231,0.9222,8.3387,4.411,2.3181,15.99,0.999409
15232,0.9987,7.8132,4.4179,2.3203,15.5501,0.990406
15233,1.0028,8.1406,4.4856,2.3354,15.9644,0.974648
15234,1.0197,7.7472,4.3657,2.3098,15.4424,0.960759
15235,0.9289,7.8387,4.3963,2.2987,15.4626,0.932476
15236,0.9553,7.7516,4.4097,2.3335,15.4501,0.889579
15237,0.9421,7.7534,4.372,2.3351,15.4025,0.853134
15238,0.9926,7.729,4.4087,2.3475,15.4778,0.858456
15239,0.9194,7.8698,4.3955,2.34,15.5248,0.889499
15240,0.9496,7.7628,4.422,2.3454,15.4798,0.887421
15241,0.9543,7.7896,4.3948,2.308,15.4467,0.868157
15242,1.0101,7.76,4.3687,2.3193,15.458,0.869386
15243,0.9492,7.8257,4.4078,2.3021,15.4848,0.848351
15244,0.9614,7.7506,4.4008,2.3282,15.4411,0.846432
15245,0.9464,7.7098,4.3923,2.3319,15.3803,0.849808
15246,0.9673,7.7818,4.4621,2.3385,15.5496,0.832572
15247,0.9345,7.7923,4.4935,2.3466,15.567,0.802729
15248,0.9737,7.84,4.5572,2.3743,15.7451,0.798976
15249,0.9525,8.2576,4.7346,2.3371,16.2819,0.885084
15250,0.9595,7.8039,4.5512,2.3466,15.6611,0.999988
15251,0.8952,8.3821,4.3772,2.3529,16.0074,1.0
15252,0.9581,7.7408,4.4399,2.337,15.4758,1.0
15253,0.9472,7.7164,4.384,2.3125,15.36,1.0
15254,1.0105,7.7418,4.4274,2.3301,15.5098,1.0
15255,0.9439,7.8248,4.4596,2.3229,15.5513,0.999997
15256,0.9751,7.7883,4.4526,2.3021,15.5181,0.999974
15257,0.9844,7.7453,4.4569,2.333,15.5197,0.999781
15258,0.9473,7.755,4.4247,2.3357,15.4626,0.987646
15259,0.8992,8.2006,4.4104,2.3524,15.8626,0.970316
15260,0.9908,7.8095,4.4185,2.3455,15.5644,0.945266
15261,0.9736,7.8692,4.3952,2.3537,15.5916,0.90176
15262,0.9438,7.78,4.5182,2.3583,15.6003,0.850664
15263,0.9403,7.738,4.4939,2.3219,15.4941,0.757821
15264,0.9696,7.7901,4.4112,2.3228,15.4936,0.814418
15265,0.9558,7.7515,4.4063,2.3141,15.4277,0.832558
15266,0.9366,7.7797,4.511,2.318,15.5453,0.833189
15267,0.9426,7.9586,4.5234,2.3271,15.7517,0.984657
15268,0.9858,7.7687,4.4295,2.3612,15.5452,0.999988
15269,0.9261,7.7941,4.378,2.3307,15.4289,1.0
15270,0.9433,7.7209,4.3757,2.3218,15.3618,1.0
15271,0.943,7.8075,4.4279,2.3444,15.5229,0.999975
15272,0.9795,7.7577,4.4578,2.3179,15.5128,0.999789
15273,0.9233,7.7998,4.4912,2.3199,15.5342,0.98317
15274,1.0247,7.8067,4.4247,2.3057,15.5619,0.985179
15275,1.011,7.7476,4.4476,2.3139,15.5201,0.903507
15276,0.9549,7.679,4.4267,2.3395,15.4001,0.903027
15277,0.8937,7.8128,4.4118,2.3305,15.4488,0.904358
15278,0.981,7.7729,4.4221,2.3491,15.5251,0.883721
15279,0.9687,7.8508,4.4145,2.3573,15.5914,0.893196
15280,0.9438,7.736,4.4401,2.3823,15.5023,0.88306
15281,0.9002,7.8497,4.4459,2.3102,15.506,0.878559
15282,0.9604,7.7833,4.432,2.3189,15.4946,0.905
15283,0.9958,7.8054,4.4367,2.3161,15.5541,0.945521
15284,0.9565,7.701,4.4401,2.3175,15.415,0.836625
15285,0.9067,7.8787,4.3927,2.3393,15.5174,0.72709
15286,0.982,8.1093,4.3945,2.3315,15.8174,0.892445
15287,0.9645,7.7811,4.3595,2.3383,15.4434,0.575896
15288,0.9458,7.7449,4.4073,2.3275,15.4255,0.483762
15289,0.8949,7.7435,4.3885,2.3608,15.3877,0.493434
15290,0.9688,7.826,4.4466,2.3508,15.5922,0.428811
15291,0.9676,7.7688,4.4181,2.295,15.4496,0.405009
15292,0.9966,7.7103,4.4802,2.3073,15.4944,0.322082
15293,0.9372,7.8521,4.4198,2.3201,15.5292,0.480614
15294,0.9786,7.8661,4.4639,2.3177,15.6264,0.512177
15295,0.9783,7.8236,4.4136,2.3313,15.5468,0.464637
15296,0.9523,7.7721,4.4312,2.3403,15.4959,0.451697
15297,0.898,7.871,4.392,2.3337,15.4948,0.462294
15298,0.9835,7.7894,4.4113,2.3303,15.5145,0.485553
15299,0.9676,7.81,4.3958,2.3481,15.5215,0.475637
15300,0.9567,7.7402,4.4824,2.3039,15.4832,0.483579
15301,0.9346,7.8612,4.4583,2.3135,15.5676,0.477231
15302,1.0216,7.6748,4.4273,2.3091,15.4329,0.52797
15303,0.9737,7.9126,4.442,2.302,15.6303,0.551268
15304,0.9461,7.732,4.3717,2.3586,15.4084,0.520763
15305,0.9073,7.875,4.3813,2.3423,15.5059,0.867944
15306,0.9732,7.7704,4.391,2.3317,15.4662,0.826798
15307,0.9642,7.7292,4.3547,2.3458,15.3939,0.8131
15308,0.9387,7.7084,4.4346,2.3357,15.4173,0.81381
15309,0.8904,7.8212,4.3887,2.2984,15.3987,0.702608
15310,0.9866,7.79,4.5246,2.3135,15.6148,0.685513
15311,0.9706,7.7914,4.4783,2.3116,15.5519,0.795711
15312,0.9206,8.1032,4.4712,2.2738,15.7688,0.986942
15313,0.9577,7.8313,4.4174,2.3412,15.5476,0.999961
15314,0.9367,7.7951,4.531,2.3299,15.5927,0.999971
15315,0.8976,7.764,4.4372,2.3333,15.4321,0.9999
15316,0.9634,7.7427,4.4199,2.4659,15.5919,0.999669
15317,1.0447,7.8099,4.3882,2.349,15.5918,0.995757
15318,0.9425,7.7134,4.5003,2.3583,15.5144,0.983094
15319,0.9062,7.7527,4.3705,2.32,15.3494,0.788795
15320,1.0146,7.7483,4.407,2.2992,15.4692,0.469356
15321,0.982,7.7436,4.4437,2.3086,15.4779,0.329718
15322,0.9719,7.7116,4.3919,2.3355,15.4109,0.38102
15323,0.895,8.0018,4.4232,2.3459,15.6658,0.126789
15324,0.9673,7.7903,4.4483,2.3213,15.5272,0.183715
15325,0.9675,7.7608,4.3596,2.3426,15.4304,0.043114
15326,0.9405,7.8178,4.4112,2.3396,15.5092,0.038691
15327,0.896,7.791,4.523,2.3379,15.5479,0.028888
15328,0.98,7.6978,4.5684,2.2967,15.5429,0.0268
15329,0.9999,7.8007,4.4378,2.308,15.5464,0.025081
15330,0.9784,7.7378,4.4049,2.2889,15.4101,0.024462
15331,0.8873,7.7603,4.3612,2.3398,15.3486,0.04347
15332,0.9829,7.73,4.4381,2.326,15.477,0.036625
15333,0.9691,7.762,4.377,2.3159,15.424,0.01242
15334,0.9535,7.7484,4.4153,2.3438,15.461,0.008173
15335,0.921,7.8162,4.4702,2.3445,15.5519,0.006346
15336,0.9541,7.8878,4.3982,2.3083,15.5484,0.011623
15337,0.978,7.793,4.5155,2.314,15.6006,0.012669
15338,0.982,7.8299,4.4151,2.2928,15.5198,0.013451
15339,0.9199,8.2305,4.5449,2.3055,16.0008,0.01417
15340,0.9816,7.8164,4.4132,2.3076,15.5189,0.019558
15341,0.9611,7.7732,4.3877,2.3406,15.4626,0.05901
15342,0.9522,7.6994,4.4922,2.3199,15.4637,0.073888
15343,0.8965,7.8598,4.388,2.3392,15.4835,0.050149
15344,0.9534,7.7908,4.3586,2.3454,15.4482,0.068306
15345,0.9422,7.7506,4.4096,2.3297,15.4321,0.067582
15346,0.943,7.807,4.4279,2.2998,15.4778,0.066153
15347,0.9154,7.8798,4.464,2.305,15.5642,0.013544
15348,1.0024,7.768,4.3955,2.2987,15.4646,0.013873
15349,0.9647,7.7602,4.366,2.3018,15.3928,0.01148
15350,0.9485,7.7396,4.4496,2.3292,15.4669,0.009189
15351,0.9085,7.8884,4.364,2.332,15.4929,0.006115
15352,0.9605,7.6898,4.3923,2.332,15.3747,0.006968
15353,0.9587,7.7442,4.4042,2.3439,15.4511,0.009696
15354,0.9417,7.7612,4.4779,2.3451,15.5259,0.03681
15355,0.9146,7.7451,4.4271,2.3203,15.4071,0.032127
15356,1.0056,7.7852,4.4023,2.3213,15.5144,0.039029
15357,0.9951,7.7403,4.4319,2.3134,15.4807,0.046768
15358,0.9511,7.7311,4.4186,2.3382,15.4391,0.048459
15359,0.8837,7.8007,4.4329,2.3443,15.4615,0.029383
15360,0.9642,7.7403,4.4253,2.3281,15.4579,0.054271
15361,0.9547,7.7837,4.3971,2.3496,15.485,0.04969
15362,0.9631,7.704,4.3833,2.3492,15.3995,0.043244
15363,0.9001,8.3739,4.4001,2.3273,16.0015,0.050694
15364,0.9576,7.8162,4.3667,2.3077,15.4482,0.068739
15365,0.9683,8.1271,4.409,2.2967,15.8012,0.017963
15366,0.9808,7.6264,4.4604,2.3071,15.3747,0.012702
15367,0.9091,7.8339,4.472,2.3035,15.5186,0.010817
15368,0.9575,7.7741,4.4571,2.3343,15.523,0.015632
15369,0.9705,7.8511,4.4483,2.3386,15.6086,0.016704
15370,0.9883,7.7127,4.4658,2.3596,15.5264,0.012635
15371,0.9257,7.8179,4.4511,2.3273,15.5221,0.007578
15372,1.0052,7.8201,4.4451,2.3438,15.6141,0.006477
15373,0.9388,7.771,4.4088,2.3508,15.4693,0.006556
15374,0.9572,7.7303,4.4387,2.3141,15.4403,0.011005
15375,0.9275,7.7652,4.5069,2.3002,15.4997,0.005901
15376,0.9961,7.6774,4.4171,2.3646,15.4552,0.004198
15377,0.9604,7.8555,4.4124,2.3451,15.5734,0.005229
15378,0.9422,8.3924,4.4926,2.2756,16.1027,0.004363
15379,0.9045,7.8233,4.4268,2.353,15.5077,0.016554
15380,0.9653,7.9137,4.458,2.3237,15.6606,0.005436
15381,0.9468,7.8712,4.3822,2.3223,15.5226,0.010202
15382,0.952,7.6899,4.4274,2.342,15.4113,0.006515
15383,0.8988,7.7735,4.4226,2.3313,15.4263,0.003822
15384,0.9495,7.7047,4.4254,2.2961,15.3757,0.004796
15385,0.9618,7.738,4.4084,2.3161,15.4242,0.005826
15386,0.9691,7.6717,4.4343,2.306,15.3812,0.004821
15387,0.9004,7.822,4.4202,2.3181,15.4607,0.004308
15388,0.9451,7.8186,4.4551,2.3409,15.5597,0.006596
15389,0.9415,7.8214,4.3925,2.3219,15.4773,0.006036
15390,0.9549,7.6875,4.4307,2.3443,15.4174,0.002916
15391,0.9108,7.8168,4.4288,2.3484,15.5048,0.003573
15392,0.9542,8.1093,4.4657,2.3465,15.8757,0.003632
15393,0.9359,7.8804,4.4887,2.3273,15.6323,0.002386
15394,0.9824,7.6965,4.4229,2.3155,15.4173,0.003256
15395,0.9475,7.7635,4.3896,2.317,15.4176,0.002591
15396,0.962,7.7448,4.4022,2.3154,15.4244,0.0043
15397,0.9445,7.7747,4.4298,2.3303,15.4793,0.0044
15398,0.8735,7.6545,4.4282,2.3435,15.2997,0.004751
15399,0.841,7.6432,4.4315,2.3428,15.2584,0.003202
15400,0.8417,7.5782,4.4198,2.3239,15.1636,0.004543
15401,0.8499,7.6735,4.428,2.3165,15.2679,0.004083
15402,0.8534,7.6285,4.414,2.3132,15.2091,0.006168
15403,5.0371,8.1043,4.409,2.3516,19.902,0.22826
15404,0.8977,7.8561,4.3116,2.3205,15.3859,0.001042
15405,0.9006,7.9258,4.3424,2.3091,15.4779,0.002875
15406,0.9224,7.8412,4.4105,2.3076,15.4817,0.004443
15407,0.9085,7.9154,4.4815,2.3272,15.6326,0.001346
15408,0.8682,7.8059,4.4622,2.3841,15.5204,0.000911
15409,0.9251,7.9965,4.385,2.34,15.6465,0.000447
15410,0.8946,7.8101,4.4755,2.3208,15.501,0.0001
15411,0.8809,7.8112,4.2935,2.3445,15.33,1.1e-05
15412,0.8917,7.8747,4.5195,2.3649,15.6508,1.1e-05
15413,0.9079,7.9821,4.5213,2.3375,15.7488,0.002183
15414,0.8581,7.803,4.5162,2.3075,15.4848,0.984885
15415,0.9418,8.0197,4.4199,2.3088,15.6901,0.999802
15416,0.9186,7.9602,4.4986,2.3349,15.7124,0.999964
15417,0.953,7.8883,4.3163,2.3108,15.4685,0.999513
15418,0.8808,8.1374,4.2685,2.3123,15.5989,0.982826
15419,0.8899,7.8501,4.3054,2.3231,15.3684,0.893796
15420,0.9165,7.7875,4.274,2.3439,15.3219,0.939044
15421,0.928,8.0008,4.3754,2.338,15.6422,0.972101
15422,0.8744,7.7517,4.3541,2.3574,15.3375,0.605649
15423,0.886,7.9713,4.2266,2.338,15.4219,0.390691
15424,0.919,7.973,4.1338,2.3167,15.3424,0.891896
15425,0.9562,7.9533,4.3477,2.2903,15.5476,0.489721
15426,0.8947,7.9281,4.3313,2.352,15.5062,0.386787
15427,0.9168,8.0472,4.2711,2.3328,15.5678,0.752731
15428,0.9218,8.0717,3.9314,2.332,15.2571,0.913938
15429,0.908,7.9307,4.0359,2.3398,15.2144,0.969994
15430,0.8734,7.8999,4.2126,2.3281,15.314,0.964985
15439,0.9677,12.0137,4.06,2.3253,19.3667,0.00192
15440,0.9147,8.0029,4.0067,2.3347,15.2589,3e-06
15441,0.9065,7.9954,4.1355,2.3421,15.3796,0.002246
15442,0.8927,8.0856,4.2355,2.351,15.5648,0.738601
15443,0.9294,7.9964,4.364,2.3581,15.6478,0.999811
15444,0.9084,7.9217,4.3977,2.3193,15.5471,0.999924
15445,0.934,7.919,4.3456,2.3039,15.5024,0.093397
15446,0.9692,8.1551,4.3014,2.313,15.7387,0.01148
15447,0.9847,7.8507,4.3463,2.2972,15.4789,0.056165
15448,0.9383,7.7753,4.2745,2.3354,15.3234,0.053574
15449,0.9202,7.7411,4.2404,2.3393,15.241,0.013168
15450,0.9199,7.8021,4.5421,2.3492,15.6132,0.009939
15451,0.9022,7.9438,4.5035,2.3378,15.6873,0.142115
15452,0.9392,7.8755,4.5795,2.3455,15.7397,0.125673
15453,0.903,7.8588,4.283,2.3129,15.3577,0.225362
15454,0.9252,7.8328,4.3089,2.3167,15.3836,0.379782
15455,0.9759,7.8396,4.5128,2.2998,15.6281,0.261458
15456,0.9408,7.8891,4.3662,2.3227,15.5187,0.199843
15457,0.8991,7.9804,4.2696,2.3334,15.4824,0.175336
15458,0.915,7.9724,4.3991,2.3395,15.6261,0.251137
15459,0.92,8.0081,4.2502,2.3419,15.5201,0.012847
15460,0.8971,7.8999,4.2717,2.3577,15.4264,0.005109
15461,0.9241,7.9792,4.3387,2.3458,15.5878,0.909882
15462,0.9017,7.8917,4.4486,2.3613,15.6034,0.969888
15464,0.9447,11.7646,4.4318,2.346,19.4871,0.186866
15465,0.9396,7.9907,4.1783,2.307,15.4156,0.423265
15466,0.9336,7.9564,4.3587,2.347,15.5956,0.992451
15467,0.9298,7.9592,4.2073,2.3155,15.4119,0.972228
15468,0.9229,7.9606,4.4693,2.3252,15.678,0.992818
15469,0.9064,7.9037,4.1655,2.3456,15.3212,0.999389
15470,0.9008,7.9713,4.2294,2.3308,15.4323,0.989599
15472,0.966,12.1982,4.2598,2.3622,19.7862,0.123565
15473,0.8967,7.9415,4.4289,2.3543,15.6214,0.994605
15474,0.9124,7.9216,4.459,2.3452,15.6382,0.999817
15475,0.9306,8.0014,4.4459,2.3255,15.7034,0.999999
15476,0.8819,7.9198,4.4059,2.3551,15.5627,0.999492
15477,0.9249,7.9431,4.4104,2.3422,15.6205,0.676362
15478,0.9743,7.7541,4.4955,2.3142,15.5381,0.46378
15479,0.9831,7.8774,4.4164,2.3066,15.5835,0.82369
15480,0.9286,7.7764,4.5095,2.3181,15.5326,0.744955
15481,0.9938,7.9131,4.5265,2.3034,15.7367,0.809461
15482,0.9567,7.8306,4.4597,2.3275,15.5746,0.806173
15483,0.94,7.8992,4.4538,2.3281,15.621,0.762132
15484,0.887,7.7985,4.464,2.3437,15.4933,0.795462
15485,0.9436,7.9624,4.4401,2.3353,15.6814,0.667976
15486,0.9308,7.7735,4.4785,2.341,15.5239,0.668616
15487,0.9641,7.8211,4.4295,2.3509,15.5656,0.654222
15488,0.8935,7.7897,4.5166,2.3623,15.5621,0.480819
15489,0.9174,7.9007,4.4514,2.335,15.6046,0.42849
15490,0.9256,7.8245,4.4643,2.3244,15.5387,0.408988
15491,0.9408,7.83,4.4173,2.3087,15.4969,0.466788
15492,0.9103,7.7074,4.4612,2.3133,15.3922,0.211348
15493,0.9186,7.8536,4.5046,2.3174,15.5942,0.253239
15494,0.9225,7.8508,4.4139,2.3177,15.5049,0.311349
15495,0.8941,7.8306,4.4354,2.3422,15.5022,0.339971
15496,0.9222,7.7631,4.4564,2.349,15.4906,0.294141
15497,0.8864,7.8876,4.491,2.3495,15.6145,0.119618
15498,0.9083,7.841,4.5106,2.3607,15.6206,0.121188
15499,0.8876,8.3912,4.5647,2.3526,16.196,0.062987
15500,0.9216,7.8072,4.4804,2.3693,15.5785,0.023007
15501,0.9193,7.8503,4.4464,2.314,15.5298,0.001942
15502,0.944,7.8511,4.4356,2.3065,15.5372,0.001997
15503,0.9797,7.7806,4.4317,2.308,15.5,0.003599
15504,0.9368,7.8663,4.4775,2.3661,15.6467,0.004003
15505,0.9083,7.9005,4.4453,2.3307,15.5848,0.00045
15506,0.9245,7.8116,4.4233,2.4699,15.6292,0.000296
15507,0.9941,7.8608,4.4411,2.3273,15.6233,0.000519
15508,0.9369,7.8289,4.5656,2.583,15.9145,0.000451
15509,1.0463,8.1349,4.4347,2.3361,15.952,0.000477
15510,0.9297,7.8321,4.4094,2.3767,15.548,0.000528
15511,0.9351,7.8485,4.427,2.3219,15.5326,0.00016
15512,0.944,7.8121,4.4095,2.3525,15.5181,0.000206
15513,0.9081,7.838,4.5026,2.3307,15.5795,0.000226
15514,0.9216,7.8314,4.4423,2.3017,15.4969,0.000505
15515,0.9539,7.8717,4.4394,2.2982,15.5631,0.000549
15516,0.955,7.8086,4.4483,2.3239,15.5358,0.001213
15517,0.9158,7.9062,4.4507,2.3118,15.5846,0.001508
15518,0.9504,7.8785,4.4457,2.3394,15.6141,0.942167
15519,0.9527,7.8263,4.433,2.3311,15.5431,0.999944
15520,0.9488,7.8434,4.406,2.3416,15.54,0.999988
15521,0.9095,7.8752,4.4991,2.3311,15.6149,0.999994
15522,0.9488,7.8212,4.3955,2.3599,15.5253,0.999874
15523,0.9484,7.7782,4.3835,2.3288,15.4389,0.998998
15524,0.9539,7.7702,4.4109,2.3243,15.4593,0.989888
15525,0.9079,8.1567,4.4972,2.3051,15.8669,0.946626
15526,0.9865,7.8099,4.4558,2.3221,15.5742,0.853669
15527,0.9923,7.8412,4.4487,2.3132,15.5955,0.495019
15528,0.9546,7.7561,4.4275,2.3316,15.4698,0.456545
15529,0.886,7.8271,4.4691,2.3335,15.5156,0.404759
15530,0.9477,7.9549,4.4002,2.3502,15.653,0.446333
15531,0.9662,7.8282,4.4357,2.3324,15.5626,0.430327
15532,0.9562,7.771,4.4117,2.3478,15.4867,0.420938
15533,0.8886,7.8399,4.4229,2.3466,15.498,0.414805
15534,0.9583,7.8936,4.4968,3.4585,16.8072,0.29915
15535,0.9554,7.8685,4.4042,2.348,15.5762,0.405777
15536,0.9537,7.8456,4.4533,2.3545,15.6071,0.290361
15537,0.9093,7.8598,4.4278,2.3096,15.5065,0.469355
15538,0.946,7.7866,4.4353,2.3095,15.4774,0.473071
15539,0.9737,7.8468,4.4195,2.3089,15.5489,0.54706
15540,1.0097,7.7576,4.4059,2.3188,15.4919,0.652177
15541,0.9053,7.8956,4.3906,2.3303,15.5219,0.692159
15542,0.956,7.8849,4.3908,2.3544,15.5861,0.755133
15543,0.9655,7.7985,4.3815,2.3308,15.4763,0.791174
15544,0.952,7.7747,4.4168,2.3444,15.488,0.768801
15545,0.9095,7.8167,4.4267,2.3474,15.5003,0.747783
15546,0.9557,7.8241,4.4827,2.3415,15.6041,0.76024
15547,0.9632,7.8297,4.4544,2.3106,15.5578,0.227616
15548,0.9775,7.7827,4.4199,2.3295,15.5097,0.440284
15549,0.9483,7.879,4.43,2.3179,15.5751,0.444406
15550,0.9532,7.845,4.414,2.3167,15.529,0.582639
15551,0.9551,7.8151,4.4497,2.3247,15.5445,0.591415
15552,0.9616,8.1791,4.3956,2.3362,15.8724,0.453292
15553,0.8846,7.8804,4.4598,2.3359,15.5607,0.255766
15554,0.9599,7.737,4.4274,2.3605,15.4848,0.309039
15555,0.9646,7.8379,4.424,2.3447,15.5712,0.400602
15556,0.9551,7.823,4.3942,2.3429,15.5152,0.265343
15557,0.903,7.8114,4.4922,2.3554,15.562,0.186463
15558,0.9683,7.7966,4.4853,2.328,15.5782,0.171826
15559,0.9857,7.8291,4.4538,2.2997,15.5683,0.177262
15560,0.9922,7.7782,4.4211,2.3075,15.4989,0.159181
15561,0.8993,7.935,4.4487,2.3338,15.6169,0.216804
15562,0.9297,7.8109,4.4395,2.3498,15.5299,0.151815
15563,0.9568,7.8812,4.5072,2.319,15.6641,0.154599
15564,0.9318,7.905,4.4631,2.3386,15.6386,0.076856
15565,0.8885,7.8938,4.462,2.3351,15.5796,0.204571
15566,0.9319,7.7727,4.4281,2.3554,15.4882,0.182242
15567,0.955,7.8173,4.44,2.3519,15.5642,0.217806
15568,0.9362,7.813,4.3775,2.3177,15.4445,0.201528
15569,0.9155,7.8343,4.4303,2.3063,15.4864,0.158794
15570,0.9551,7.8852,4.4402,2.3315,15.612,0.233647
15571,0.9916,7.8361,4.4594,2.3076,15.5947,0.221978
15572,0.9242,7.8152,4.4532,2.3337,15.5263,0.125973
15573,0.8921,7.9019,4.4585,2.337,15.5895,0.202509
15574,0.9661,7.8607,4.4248,2.346,15.5977,0.146658
15575,0.9347,7.8026,4.4998,2.355,15.5921,0.154185
15576,0.9575,7.7848,4.3513,2.3459,15.4395,0.054462
15577,0.9131,7.8128,4.3885,2.3521,15.4665,0.078303
15578,0.9595,8.1131,4.4546,2.3453,15.8725,0.07446
15579,0.9279,7.7599,4.4545,2.3116,15.4539,0.069823
15580,0.9963,7.7757,4.5047,2.3197,15.5964,0.057975
15581,0.9652,7.826,4.4301,2.305,15.5264,0.034259
15582,0.9398,7.9407,4.5048,2.3344,15.7198,0.032909
15583,0.9576,7.8738,4.405,2.3455,15.582,0.031663
15584,0.9595,7.852,4.4682,2.3385,15.6181,0.037238
15585,0.8936,7.8338,4.5256,2.3325,15.5855,0.05093
15586,0.9522,7.8567,4.4284,2.3456,15.583,0.048317
15587,0.96,7.7677,4.4316,2.3448,15.5042,0.045022
15588,0.9631,7.7852,4.4951,2.3482,15.5915,0.04929
15589,0.9115,7.82,4.5406,2.3481,15.6202,0.045767
15590,0.9313,7.8308,4.5125,2.3022,15.5768,0.060407
15591,0.988,7.8188,4.4207,2.3172,15.5446,0.050017
15592,0.9753,7.7665,4.4937,2.3153,15.5508,0.054548
15593,0.9189,7.9331,4.4898,2.3087,15.6505,0.036704
15594,0.9294,7.8719,4.4402,2.3255,15.5671,0.042169
15595,0.9597,7.9126,4.4472,2.3251,15.6446,0.040104
15596,0.9394,7.7902,4.4195,2.3319,15.4811,0.032878
15597,0.9147,7.9061,4.4665,2.3301,15.6174,0.019146
15598,0.9382,7.8272,4.4264,2.3371,15.5289,0.011285
15599,0.9628,7.8063,4.433,2.3311,15.5331,0.014001
15600,0.9269,7.743,4.5066,2.312,15.4884,0.013793
15601,0.9402,7.995,4.4577,2.3028,15.6956,0.007633
15602,0.9759,7.8,4.4612,2.3107,15.5478,0.009439
15603,0.9803,7.764,4.44,2.3057,15.49,0.008796
15604,0.937,7.882,4.4677,2.3106,15.5973,0.011104
15605,0.9146,8.2305,4.4727,2.3012,15.919,0.008077
15606,0.9285,7.8606,4.4529,2.3632,15.6051,0.015746
15607,0.9548,7.8548,4.5222,2.3438,15.6755,0.021652
15608,0.9717,7.7739,4.4438,2.3384,15.5277,0.017517
15609,0.8822,7.9238,4.507,2.3525,15.6655,0.007778
15610,0.9504,7.7839,4.4586,2.3474,15.5403,0.00749
15611,0.9561,7.8751,4.4535,2.3289,15.6136,0.003897
15612,0.9582,7.8588,4.5251,2.3428,15.6849,0.005532
15613,0.8932,7.7717,4.4202,2.31,15.3952,0.005312
15614,0.9822,7.7924,4.4233,2.3281,15.526,0.004018
15615,0.9986,7.9126,4.5315,2.3087,15.7513,0.005291
15616,0.9859,7.8019,4.3993,2.3171,15.5042,0.004401
15617,0.8961,8.5857,4.3921,2.2974,16.1714,0.004173
15618,0.956,7.8133,4.3977,2.3383,15.5054,0.004638
15619,0.9541,7.9122,4.4342,2.3304,15.6308,0.004708
15620,0.9734,7.8177,4.4461,2.3395,15.5766,0.004603
15621,0.9294,7.8783,4.425,2.3345,15.5672,0.002958
15622,0.943,7.7693,4.4458,2.3465,15.5046,0.002869
15623,0.9644,7.8187,4.4552,2.3495,15.5879,0.003424
15624,0.932,7.7177,4.4807,2.3173,15.4477,0.003641
15625,0.9093,7.8457,4.4147,2.3097,15.4794,0.003376
15626,0.9543,7.883,4.4419,2.3093,15.5885,0.026798
15627,0.995,7.8075,4.4133,2.2987,15.5145,0.01724
15628,0.9384,7.8332,4.5117,2.3432,15.6265,0.014451
15629,0.9231,7.9181,4.4529,2.3451,15.6391,0.012917
15630,0.9459,7.8652,4.432,2.3778,15.6209,0.019682
15631,0.942,8.1208,4.3976,2.3322,15.7926,0.025667
15632,0.9591,7.8747,4.4349,2.3439,15.6125,0.023791
15633,0.9149,7.9169,4.5222,2.3237,15.6777,0.018614
15634,0.9309,7.8158,4.5436,2.3068,15.5971,0.016813
15635,0.9532,7.8208,4.5218,2.341,15.637,0.017011
15636,0.9664,7.7808,4.4585,2.3186,15.5242,0.013954
15637,0.9149,8.5487,4.4805,2.3345,16.2786,0.014283
15638,0.9527,7.8036,4.3944,2.3086,15.4593,0.017903
15639,0.9955,7.8778,4.5286,2.3165,15.7184,0.019275
15640,0.9944,7.7423,4.4287,2.3093,15.4747,0.023155
15641,0.9434,7.8564,4.4652,2.3093,15.5744,0.02149
15642,0.9718,7.816,4.4588,2.3056,15.5521,0.023873
15643,0.9643,7.8155,4.387,2.3372,15.504,0.033567
15644,0.9328,7.748,4.5218,2.8495,16.0521,0.028612
15645,0.9439,7.8338,4.4741,2.3252,15.5771,0.025989
15646,0.9455,7.7658,4.4639,2.3407,15.5159,0.023853
15647,0.9381,7.9982,4.4613,2.3374,15.735,0.020289
15648,0.9185,7.8813,4.4573,2.3729,15.63,0.055526
15649,0.8928,7.8809,4.4981,2.3431,15.6149,0.048489
15650,0.9102,7.8309,4.4455,2.3133,15.4999,0.048841
15651,0.9524,7.7966,4.4114,2.3171,15.4775,0.047823
15652,0.968,7.7844,4.4479,2.3033,15.5036,0.05049
15653,0.9684,7.8326,4.5448,2.3132,15.659,0.012513
15654,0.932,7.854,4.4541,2.3267,15.5668,0.00652
15655,0.9591,7.8914,4.4041,2.326,15.5805,0.011357
15656,0.936,7.8004,4.5137,2.3456,15.5958,0.006782
15657,0.9156,7.9372,4.4491,2.3239,15.6257,0.004566
15658,0.9342,8.1326,4.4899,2.3613,15.9179,0.0061
15659,0.9628,7.8808,4.462,2.3423,15.6478,0.006565
15660,0.9406,7.8655,4.5239,2.3602,15.6901,0.007472
15661,0.9154,7.8565,4.5427,2.3553,15.6698,0.005064
15662,0.9277,7.8791,4.4712,2.3384,15.6163,0.006132
15663,0.9747,7.8054,4.3993,2.3105,15.4899,0.007212
15664,0.9607,7.8131,4.4521,2.3184,15.5443,0.006145
15665,0.9348,7.9021,4.4122,2.3079,15.557,0.010968
15666,0.9317,7.8557,4.427,2.321,15.5354,0.00891
15667,0.958,7.9588,4.438,2.3299,15.6847,0.015589
15668,0.9517,7.9048,4.3874,2.3386,15.5824,0.010107
15669,0.9125,7.9216,4.514,2.3303,15.6784,0.006263
15670,0.9396,7.7908,4.4441,2.3412,15.5157,0.013109
15671,0.9442,7.9421,4.4581,2.347,15.6913,0.012203
15672,0.9509,7.8694,4.4427,2.3579,15.6209,0.013339
15673,0.8946,7.8017,4.4335,2.3393,15.4691,0.013512
15674,0.9688,7.7185,4.4003,2.3114,15.399,0.012392
15675,0.9896,7.7794,4.4307,2.2943,15.4939,0.012113
15676,0.9704,7.703,4.4666,2.3124,15.4524,0.013643
15677,0.9215,7.8632,4.421,2.3227,15.5285,0.011442
15678,0.924,7.8492,4.4182,2.3538,15.5451,0.013849
15679,0.9712,7.9094,4.438,2.3425,15.661,0.011691
15680,0.9609,7.8806,4.4374,2.3244,15.6033,0.012774
15681,0.8912,7.8295,4.5018,2.3581,15.5805,0.014433
15682,0.9624,7.9246,4.4234,2.3484,15.6589,0.015055
15683,0.9626,7.8204,4.3871,2.3612,15.5313,0.011725
15684,0.9758,8.1408,4.4515,2.3591,15.9273,0.013753
15685,0.9303,7.9135,4.4462,2.3013,15.5914,0.011101
15686,0.9612,7.8247,4.4045,2.3136,15.5039,0.010261
15687,0.9885,7.823,4.4238,2.3113,15.5466,0.010945
15688,0.9375,7.7345,4.4445,2.3136,15.4301,0.010432
15689,0.9091,7.9458,4.3747,2.3511,15.5808,0.007005
15690,0.9325,7.814,4.4367,2.347,15.5302,0.013062
15691,0.9619,7.7663,4.4175,2.3585,15.5042,0.009554
15692,0.9399,7.782,4.4373,2.3567,15.5159,0.009553
15693,0.9053,7.858,4.4155,2.3476,15.5264,0.00959
15694,0.9277,7.8297,4.3895,2.299,15.4459,0.009709
15695,0.9834,7.9167,4.3774,2.3135,15.591,0.00871
15696,0.9738,7.7891,4.4587,2.3154,15.537,0.010493
15697,0.9434,7.8339,4.4671,2.315,15.5593,0.903668
15698,0.9293,7.7564,4.4238,2.3043,15.4138,0.999993
15699,0.964,7.8686,4.4711,2.3295,15.6331,0.999994
15700,0.9448,7.7556,4.4599,2.3353,15.4956,0.999946
15701,0.9204,7.9135,4.4502,2.3223,15.6064,0.9986
15702,0.9353,7.7435,4.4094,2.3518,15.44,0.990338
15703,0.9741,7.919,4.4215,2.3413,15.656,0.600672
15704,0.9474,7.793,4.4446,2.3246,15.5096,0.493076
15705,0.9471,7.8806,4.4069,2.3111,15.5456,0.457396
15706,0.9661,7.7944,4.4035,2.3227,15.4868,0.10751
15707,0.9798,7.882,4.517,2.3145,15.6934,0.038958
15708,0.9599,7.8216,4.3676,2.3374,15.4864,0.053647
15709,0.899,8.619,4.4697,2.3185,16.3061,0.075702
15710,0.9539,7.8311,4.4172,2.323,15.5252,0.101567
15711,0.9608,8.1858,4.4121,2.3275,15.8862,0.06405
15712,0.9598,7.7722,4.4085,2.3226,15.4632,0.067376
15713,0.89,8.4358,4.4157,2.3327,16.0741,0.040805
15714,0.9602,7.8999,4.3783,2.3403,15.5787,0.071156
15715,0.9561,7.8596,4.4388,2.3279,15.5824,0.235099
15716,0.9338,7.7124,4.4331,2.363,15.4424,0.242243
15717,0.9133,7.8504,4.4954,2.3468,15.606,0.23077
15718,0.9698,7.8755,4.4794,2.3099,15.6346,0.264677
15719,0.9628,7.8961,4.4092,2.2961,15.5642,0.23925
15720,1.0002,7.7866,4.4625,2.311,15.5603,0.248734
15721,0.9267,7.83,4.5186,2.3083,15.5836,0.151756
15722,0.9602,7.819,4.4835,2.315,15.5777,0.177046
15723,0.9637,7.9,4.3575,2.346,15.5673,0.038556
15724,0.9411,7.7638,4.4164,2.3521,15.4734,0.028635
15725,0.9244,7.8936,4.3962,2.3394,15.5537,0.02902
15726,0.9345,7.9024,4.395,2.3606,15.5926,0.029066
15727,0.9501,7.84,4.4192,2.354,15.5633,0.034519
15728,0.9583,7.827,4.439,2.3354,15.5597,0.036952
15729,0.8993,7.8374,4.5196,2.3061,15.5624,0.034228
15730,0.9879,7.8455,4.4676,2.3123,15.6132,0.030601
15731,0.9764,7.8973,4.4639,2.3148,15.6525,0.035677
15732,0.9722,7.791,4.4655,2.3262,15.5548,0.032894
15733,0.9111,7.8997,4.4715,2.3069,15.5893,0.030652
15734,0.9318,7.7963,4.4516,2.3522,15.5319,0.022825
15735,0.959,7.8608,4.467,2.3197,15.6066,0.021634
15736,0.9357,7.826,4.455,2.3385,15.5552,0.022823
15737,0.9148,8.2143,4.4423,2.3393,15.9107,0.027553
15738,0.9277,7.8629,4.3885,2.3264,15.5055,0.031792
15739,0.9543,7.8428,4.4403,2.3424,15.5798,0.028477
15740,0.9262,7.8041,4.4621,2.3159,15.5083,0.024487
15741,0.9143,7.8727,4.4524,2.3036,15.5431,0.019523
15742,0.9915,7.7709,4.415,2.3187,15.4961,0.025095
15743,1.0135,7.8828,4.4188,2.3144,15.6296,0.036423
15744,0.933,7.8092,4.4622,2.32,15.5244,0.033968
15745,0.9134,7.852,4.4217,2.3197,15.5068,0.033529
15746,0.9378,7.8509,4.4505,2.3515,15.5908,0.022258
15747,0.9618,7.7986,4.4708,2.3476,15.5788,0.017422
15748,0.938,7.8168,4.5168,2.3441,15.6157,0.022135
15749,0.9214,7.8802,4.4074,2.3487,15.5577,0.028
15750,0.9328,7.8549,4.4043,2.3473,15.5392,0.029995
15751,0.9507,7.8972,4.3882,2.324,15.5601,0.033192
15752,0.9536,7.7869,4.4262,2.3331,15.4999,0.023525
15753,0.94,7.829,4.4262,2.3188,15.514,0.013377
15754,0.9406,7.8578,4.4708,2.3195,15.5888,0.02339
15755,0.9417,7.9012,4.4096,2.3438,15.5963,0.024108
15756,0.9423,7.785,4.4905,2.3457,15.5634,0.031093
15757,0.9203,7.8755,4.4507,2.3503,15.5967,0.030796
15758,0.9376,7.8379,4.3922,2.3393,15.5071,0.033835
15759,0.9464,7.9067,4.4324,2.3433,15.6287,0.02409
15760,0.9357,7.8125,4.4551,2.3478,15.5511,0.024421
15761,0.9144,7.861,4.4692,2.3124,15.5569,0.023476
15762,0.9845,7.8236,5.3313,2.3258,16.4652,0.019203
15763,0.9682,7.8586,4.548,2.3368,15.7116,0.028811
15764,0.9425,8.1051,6.5195,2.3383,17.9054,0.0232
15765,0.895,8.3621,4.5692,3.5001,17.3264,0.023421
15766,1.0668,7.8094,4.4258,2.3378,15.6398,0.017615
15767,1.0197,7.8948,4.5107,2.3082,15.7335,0.018383
15768,0.9767,7.8206,4.5221,2.3083,15.6276,0.051504
15769,0.911,7.875,4.5607,2.3106,15.6574,0.047207
15770,0.9613,7.8623,4.4494,2.3495,15.6225,0.042786
15771,0.9361,7.8351,4.4508,2.3243,15.5463,0.036282
15772,0.9529,7.849,4.444,2.3484,15.5943,0.063099
15773,0.915,7.8357,4.4339,2.349,15.5336,0.060608
15774,0.9649,7.8147,4.4659,2.3517,15.5972,0.065493
15775,0.952,7.9872,4.418,2.3355,15.6927,0.059966
15776,0.9703,7.8141,4.5086,2.324,15.6171,0.078935
15777,0.8951,7.9282,4.4277,2.315,15.566,0.08689
15778,0.9933,7.7989,4.4427,2.3027,15.5376,0.082721
15779,0.9865,7.9259,4.4447,2.3031,15.6602,0.085694
15780,0.9708,7.8107,4.4929,2.3066,15.581,0.071475
15781,0.9141,7.8788,4.4467,2.3298,15.5694,0.071283
15782,0.9616,7.9673,4.4688,2.3361,15.7339,0.093713
15783,0.9637,7.8495,4.404,2.337,15.5542,0.085524
15784,0.9645,7.8371,4.4189,2.3203,15.5408,0.067299
15785,0.8916,7.8343,4.4359,2.3381,15.4999,0.090415
15786,0.9515,7.7953,4.4246,2.342,15.5134,0.07985
15787,0.9483,7.8258,4.442,2.3106,15.5268,0.978846
15788,0.9763,7.8443,4.371,2.3113,15.5028,0.999997
15789,0.9232,7.9181,4.4098,2.32,15.5711,0.999983
15790,0.9772,8.4104,4.3594,2.3268,16.0738,0.999976
15791,0.993,7.8351,4.503,2.3201,15.6512,0.99968
15792,0.952,7.8469,4.4619,2.3061,15.5668,0.999775
15793,0.8899,7.8978,4.4507,2.348,15.5865,0.99809
15794,0.9577,7.8683,4.4459,2.3379,15.6098,0.991687
15795,0.9678,7.8465,4.4477,2.3332,15.5952,0.922244
15796,0.9585,7.8298,4.44,2.3304,15.5588,0.976658
15797,0.9006,7.8518,4.5091,2.3512,15.6126,0.981921
15798,0.9593,7.8407,4.4602,2.3446,15.6047,0.839311
15799,0.9609,7.8948,4.3883,2.3833,15.6274,0.911748
15800,1.0371,7.8401,4.4219,2.3165,15.6156,0.875594
15801,0.914,7.8746,4.5221,2.313,15.6236,0.831949
15802,0.9908,7.8315,4.44,2.3182,15.5805,0.75871
15803,0.9922,7.7775,4.4744,2.2889,15.533,0.792673
15804,0.9679,7.7973,4.429,2.3475,15.5418,0.796066
15805,0.8862,7.8115,4.5294,2.3371,15.5641,0.844443
15806,0.9451,7.857,4.4825,2.3456,15.6302,0.86756
15807,0.9744,7.8591,4.442,2.3269,15.6024,0.854682
15808,0.9504,7.7734,4.441,2.3445,15.5092,0.817341
15809,0.8793,7.9417,4.4294,2.3468,15.5972,0.857287
15810,0.9652,7.8372,4.4698,2.3563,15.6285,0.829059
15811,0.9553,7.8517,4.4398,2.3128,15.5597,0.823119
15812,0.9977,7.8295,4.4385,2.3143,15.5799,0.869035
15813,0.9291,7.8789,4.4415,2.2955,15.5451,0.841694
15814,0.9753,7.8941,4.4628,2.3105,15.6427,0.835823
15815,0.958,7.9972,4.4535,2.3042,15.7129,0.833984
15816,0.9558,7.839,4.4565,2.3438,15.5951,0.851603
15817,0.8904,8.3498,4.4228,2.3295,15.9924,0.860559
15818,0.9636,7.8269,4.4578,2.3343,15.5826,0.838863
15819,0.9622,7.9246,4.4181,2.3273,15.6321,0.75038
15820,0.9542,7.775,4.4591,2.332,15.5203,0.821645
15821,0.8965,8.4946,4.4349,2.3299,16.1559,0.74606
15822,0.9623,7.8485,4.4047,2.3569,15.5724,0.682055
15823,0.961,7.8975,4.4477,2.3533,15.6595,0.645216
15824,0.9245,7.7638,4.4151,2.3532,15.4566,0.695679
15825,0.9129,7.8817,4.4433,2.3256,15.5636,0.583111
15826,0.977,7.7978,4.4764,2.3073,15.5584,0.472544
15827,0.9715,7.8286,4.442,2.296,15.538,0.510805
15828,0.9664,7.7974,4.47,2.322,15.5558,0.512956
15829,0.9125,7.9293,4.3983,2.3075,15.5476,0.518555
15830,0.9398,7.7725,4.4588,2.3419,15.513,0.573649
15831,0.939,7.7851,4.4228,2.3187,15.4656,0.570764
15832,0.9384,7.7443,4.4462,2.3485,15.4773,0.564178
15833,0.9183,7.9152,4.4325,2.3501,15.616,0.62725
15834,0.9354,7.8314,4.4401,2.3645,15.5715,0.417297
15835,0.9318,7.8313,4.4561,2.3033,15.5225,0.412956
15836,0.9683,7.7727,4.4132,2.308,15.4622,0.32311
15837,0.9364,7.8273,4.439,2.312,15.5147,0.120028
15838,0.938,7.8157,4.4263,2.3142,15.4943,0.122375
15839,0.9393,7.801,4.403,2.3244,15.4677,0.196991
15840,0.9414,7.7993,4.4524,2.3272,15.5203,0.253169
15841,0.9213,7.8597,4.4567,2.335,15.5726,0.327184
15842,0.9424,7.8135,4.4558,2.3421,15.5538,0.319718
15843,0.96,8.1905,4.4293,2.3409,15.9207,0.257847
15844,0.9367,7.865,4.4748,2.341,15.6174,0.315263
15845,0.9125,7.8006,4.4416,2.3041,15.4587,0.379199
15846,0.9606,7.7653,4.4426,2.3115,15.48,0.312665
15847,0.9775,7.8915,4.4299,2.2918,15.5907,0.293446
15848,0.9532,7.7739,4.4437,2.302,15.4728,0.273285
15849,0.9243,7.9251,4.4487,2.3251,15.6232,0.233286
15850,0.93,7.8022,4.4322,2.3375,15.5019,0.232379
15851,0.9455,7.8431,4.4248,2.3311,15.5446,0.260184
15852,0.9431,7.7623,4.4492,2.3353,15.4899,0.188876
15853,0.914,7.8666,4.517,2.3354,15.633,0.151588
15854,0.9604,7.844,4.5802,2.3525,15.7371,0.187324
15855,0.9615,7.7923,4.421,2.3005,15.4753,0.221443
15856,0.9536,7.8729,4.4282,2.3007,15.5554,0.208218
15857,0.9372,7.837,4.4537,2.3019,15.5297,0.253163
15858,0.9868,7.8067,4.4325,2.3535,15.5796,0.224223
15859,0.9582,7.9165,4.4476,2.2898,15.6121,0.183474
15860,0.9715,7.8062,4.4385,2.3245,15.5408,0.197235
15861,0.9052,7.8529,4.4398,2.3129,15.5108,0.150771
15862,0.96,7.8477,4.4439,2.3458,15.5973,0.207054
15863,0.9591,7.8091,4.3969,2.3627,15.5278,0.331821
15864,0.9618,7.8255,4.4012,2.3486,15.5371,0.276491
15865,0.9296,7.8232,4.4361,2.3364,15.5254,0.205682
15866,0.9585,7.8106,4.4043,2.3178,15.4911,0.277228
15867,0.9791,7.8335,4.3942,2.3088,15.5156,0.275722
15868,0.9926,7.7936,4.4092,2.3093,15.5046,0.292926
15869,0.9214,7.8369,4.3945,2.3314,15.4842,0.083518
15870,0.9669,8.1452,4.4187,2.3478,15.8787,0.081547
15871,0.9619,7.8386,4.4402,2.321,15.5616,0.052203
15872,0.9637,7.8677,4.46,2.3525,15.6439,0.052802
15873,0.9053,7.8588,4.4534,2.3475,15.565,0.055319
15874,0.9245,7.7982,4.4614,2.3509,15.535,0.049847
15875,0.9275,7.8534,4.4652,2.3569,15.6031,0.049775
15876,0.9397,7.7516,4.4394,2.3145,15.4452,0.03546
15877,0.9427,7.9406,4.4551,2.3128,15.6512,0.039903
15878,0.9575,7.7436,4.4091,2.3116,15.4218,0.16617
15879,0.9656,7.7789,4.4431,2.2847,15.4724,0.194671
15880,0.9355,7.8143,4.4256,2.3405,15.5159,0.235494
15881,0.9169,7.8788,4.444,2.3275,15.5673,0.298444
15882,0.9244,7.8345,4.3819,2.3432,15.484,0.273386
15883,0.9472,7.8182,4.4012,2.3612,15.5278,0.241255
15884,0.9262,7.8021,4.3878,2.3466,15.4628,0.235405
15885,0.912,7.8446,4.3986,2.3074,15.4625,0.058014
15886,0.955,7.8812,4.378,2.3038,15.5181,0.078183
15887,0.9624,7.8251,4.3809,2.3065,15.4749,0.038863
15888,0.9664,7.7217,4.3702,2.305,15.3633,0.03534
15889,0.9227,7.9408,4.4188,2.3339,15.6161,0.02455
15890,0.9313,7.9538,4.3887,2.34,15.6138,0.1366
15891,0.9942,7.8167,4.4351,2.3326,15.5786,0.164744
15892,0.9485,7.7575,4.3944,2.3513,15.4517,0.134745
15893,0.8848,8.3041,4.7688,2.3106,16.2684,0.161941
15894,0.9607,7.8145,4.392,2.3469,15.514,0.142667
15895,0.96,7.8198,4.3822,2.338,15.5001,0.143238
15896,0.9591,8.1207,4.3918,2.358,15.8296,0.200503
15897,0.9439,7.7298,4.4001,2.2999,15.3737,0.124829
15898,0.9671,7.757,4.4525,2.2995,15.476,0.072084
15899,0.9259,7.8129,4.4586,2.3042,15.5016,0.101309
15900,0.9536,7.6988,4.4513,2.3314,15.435,0.09491
15901,0.9339,7.8795,4.4158,2.3342,15.5635,0.042085
15902,0.9733,7.812,4.427,2.3298,15.5421,0.040711
15903,0.901,7.829,4.3948,2.3339,15.4587,0.145276
15904,0.9564,7.8711,4.5817,2.3563,15.7655,0.147852
15905,0.922,7.7601,4.4656,2.3303,15.478,0.1531
15906,0.967,7.8289,4.4686,2.3235,15.588,0.131626
15907,0.9237,7.8683,4.419,2.3125,15.5235,0.125799
15908,0.9839,7.8132,4.4669,2.3154,15.5794,0.705063
15909,0.9485,7.8552,4.5049,2.3444,15.6529,0.999953
15910,0.9391,7.8845,4.3847,2.3163,15.5247,0.999999
15911,0.9234,7.8788,4.4121,2.3184,15.5326,0.999993
15912,0.9318,7.7584,4.3437,2.3258,15.3598,0.999974
15913,0.9557,7.8638,4.4899,2.3376,15.6471,0.999915
15914,0.951,7.7462,4.4275,2.3547,15.4794,0.996902
15915,0.919,7.7813,4.3934,2.3402,15.4339,0.738925
15916,0.9552,7.8656,4.459,2.3343,15.6141,0.414067
15917,0.9853,7.8529,4.3593,2.3105,15.508,0.302406
15918,0.9917,7.7475,4.46,2.3143,15.5136,0.247563
15919,0.9305,7.8304,4.461,2.2992,15.521,0.207025
15920,0.9483,7.9363,4.4611,2.307,15.6527,0.188548
15921,0.9226,7.8502,4.4214,2.3348,15.529,0.1404
15922,0.9618,7.7362,4.4042,2.3331,15.4353,0.110673
15923,0.9062,8.1177,4.4287,2.3273,15.7799,0.144108
15924,0.9683,7.772,4.4671,2.3552,15.5626,0.148328
15925,0.9325,7.8947,4.5155,2.3727,15.7154,0.192506
15926,0.9298,7.8297,4.4809,2.3516,15.592,0.203929
15927,0.9265,7.8576,4.4265,2.305,15.5156,0.189023
15928,0.9514,7.8211,4.5356,2.3169,15.6251,0.150086
15929,0.9655,7.8813,4.5105,2.317,15.6742,0.151156
15930,0.9977,7.7699,4.4481,2.3002,15.5158,0.12625
15931,0.9055,7.8985,4.4205,2.3103,15.5348,0.196155
15932,0.945,7.9187,4.5116,2.3364,15.7117,0.170677
15933,0.9268,7.8219,4.4114,2.3338,15.4939,0.109625
15934,0.96,7.8054,4.4145,2.3403,15.5203,0.097141
15935,0.9105,7.8482,4.4609,2.3433,15.5629,0.047629
15936,0.9574,7.8158,6.5598,2.3186,17.6515,0.138193
15937,0.9233,7.8224,4.4274,2.3321,15.5051,0.049492
15938,0.9044,7.8297,4.4706,2.3318,15.5365,0.056185
15939,0.9426,7.936,4.4437,2.3351,15.6574,0.015766
15940,0.944,7.8629,4.4695,2.3363,15.6126,0.013086
15941,0.9278,7.9187,4.3731,2.3357,15.5553,0.00934
15942,0.9236,7.7674,4.4475,2.3512,15.4896,0.010343
15943,0.9414,7.959,4.5377,2.3606,15.7987,0.001852
15944,0.9313,7.8028,4.4354,2.3296,15.4992,0.000925
15945,0.9737,7.9177,4.5492,2.3185,15.7592,0.000856
15946,0.9263,7.7984,4.4596,2.3161,15.5004,5.4e-05
15947,0.972,7.9254,4.4428,2.3101,15.6503,0.000201
15948,0.9489,7.8596,4.431,2.3099,15.5494,0.000133
15949,0.947,8.2321,4.4282,2.3025,15.9098,0.000149
15950,0.8946,7.8658,4.4352,2.328,15.5236,8e-05
15951,0.9387,7.9246,4.4522,2.3342,15.6496,0.000124
15952,0.9582,7.8211,4.4401,2.3451,15.5645,0.000807
15953,0.955,7.9225,4.4773,2.3673,15.7221,0.001262
15954,0.9852,7.7778,4.4584,2.3377,15.5591,0.000469
15955,0.9249,7.91,4.4697,2.3407,15.6452,0.000322
15956,0.9662,7.8101,4.4444,2.3206,15.5412,0.000342
15957,0.9135,7.8905,4.4732,2.3233,15.6005,0.000506
15958,0.9397,7.7734,4.439,2.3234,15.4754,0.000488
15959,0.9703,7.948,4.4014,2.3182,15.6379,0.001589
15960,0.9219,7.8129,4.4138,2.3105,15.459,0.000968
15961,0.9287,7.9513,4.4496,2.3358,15.6654,0.000735
15962,0.9012,7.7958,4.407,2.3379,15.4419,0.000423
15963,0.9343,7.9399,4.3947,2.3279,15.5968,0.001591
15964,0.9204,7.8267,4.421,2.3633,15.5313,0.001807
15965,0.94,7.9054,4.448,2.3465,15.6399,0.004984
15966,0.8842,7.8149,4.4805,2.335,15.5146,0.001132
15967,0.9258,7.9231,4.3997,2.3029,15.5515,0.019291
15968,0.9923,7.7783,4.4382,2.3365,15.5452,0.014649
15969,0.9865,7.8536,4.3899,2.309,15.5391,0.022666
15970,0.8895,7.8151,4.4548,2.317,15.4764,0.012192
15971,0.9307,7.9415,4.3928,2.3168,15.5819,0.011577
15972,0.9305,7.8244,4.4134,2.3378,15.5062,0.006372
15973,0.9601,7.8915,4.3975,2.3378,15.5869,0.006535
15974,0.9021,7.9218,4.4562,2.3529,15.633,0.011591
15975,0.9162,7.8887,4.4239,2.3496,15.5784,0.002726
15976,0.9347,8.1306,4.4291,2.3565,15.8508,0.003354
15977,0.9538,7.8426,4.448,2.3389,15.5834,0.010677
15978,0.8937,7.9307,4.4447,2.3217,15.5909,0.012187
15979,0.9442,7.8862,4.4459,2.3149,15.5912,0.010895
15980,1.0074,7.8119,4.4237,2.3192,15.5621,0.009366
15981,0.9792,7.9904,4.4033,2.2913,15.6641,0.011396
15982,0.887,7.8219,4.3923,2.337,15.4382,0.008517
15983,0.9357,7.8375,4.4988,2.3321,15.604,0.007325
15984,0.923,7.7569,4.3905,2.3383,15.4087,0.009662
15985,0.9553,7.8511,4.4063,2.3345,15.5472,0.0037
15986,0.8989,7.7934,4.4012,2.3768,15.4702,0.001847
15987,0.9214,7.9826,4.4429,2.3412,15.6881,0.00179
15988,0.9299,7.7621,4.4245,2.3135,15.4299,0.004791
15989,0.9614,7.8862,4.4217,2.3016,15.5709,0.004206
15990,0.9107,7.7708,4.4202,2.3181,15.4199,0.002347
15991,0.9247,7.9343,4.4199,2.3079,15.5868,0.005318
15992,0.9409,7.8497,4.4388,2.3371,15.5666,0.040882
15993,0.9625,7.9002,4.5169,2.3446,15.7243,0.040606
15994,0.8858,7.7858,4.4531,2.3474,15.4721,0.013201
15995,0.943,7.8445,4.4492,2.3386,15.5752,0.001764
15996,0.9295,7.8195,4.5087,2.3601,15.6177,0.000452
15997,0.9409,7.8209,4.5277,2.3537,15.6432,0.000859
15998,0.9113,7.7513,4.4438,2.309,15.4154,0.000322
15999,0.9695,7.8643,4.3876,2.3173,15.5387,0.000347
16000,0.9866,7.7245,4.4251,2.3147,15.451,0.00018
16001,0.983,7.7974,4.3887,2.296,15.465,0.000878
16002,0.9109,8.1232,4.3525,2.3454,15.732,0.001047
16003,0.9507,7.9565,4.3586,2.3601,15.6258,0.002735
16004,0.9568,7.8356,4.3969,2.3312,15.5205,0.001213
16005,0.9426,7.8797,4.3588,2.3275,15.5086,0.004691
16006,0.9044,7.8353,4.295,2.3493,15.3841,0.000594
16007,0.9308,7.8686,4.3288,2.3439,15.4721,0.007072
16008,0.9605,7.8181,4.2959,2.3225,15.397,0.006019
16009,0.9784,7.8295,4.3402,2.3098,15.4579,0.001175
16010,0.9348,7.7555,4.3305,2.3052,15.326,0.0037
16011,0.9407,8.0267,4.3116,2.335,15.6139,0.001323
16012,0.9507,7.8718,4.2899,2.372,15.4844,0.005415
16013,0.9235,7.8868,4.2991,2.3406,15.4501,0.002733
16014,0.9027,7.7692,4.2962,2.3634,15.3315,0.00692
16015,0.9534,7.8715,4.295,2.3468,15.4667,0.01421
16016,0.964,7.7815,4.3198,2.3394,15.4047,0.003999
16017,1.001,7.8517,4.2693,2.3235,15.4454,0.02097
16018,0.8841,8.4218,4.2732,2.316,15.895,0.002856
16019,1.0035,7.8418,4.2971,2.2959,15.4383,0.007524
16020,0.948,7.8036,4.2736,2.3378,15.3629,0.020092
16021,0.9454,7.8141,4.2818,2.5108,15.5521,0.019937
16022,0.9852,8.017,4.2775,2.3304,15.6102,0.017404
16023,0.957,7.8889,4.3024,2.3548,15.503,0.031843
16024,0.9627,7.7766,4.3089,2.344,15.3923,0.052333
16025,0.9277,7.8094,4.2884,2.299,15.3246,0.008735
16026,0.972,7.7475,4.3113,2.3035,15.3342,0.015895
16027,0.9438,7.8975,4.3082,2.2971,15.4466,0.012523
16028,0.9533,7.7995,4.3168,2.348,15.4175,0.059329
16029,0.9609,8.1901,4.32,2.3409,15.8119,0.050533
16030,0.8815,7.7426,4.2805,2.3494,15.254,0.05047
16031,0.9033,7.885,4.3061,2.3354,15.4298,0.055619
16032,0.9126,7.8143,4.2963,2.3274,15.3506,0.05244
16033,0.9403,7.882,4.3023,2.2998,15.4245,0.047316
16034,0.9169,7.7158,4.2861,2.3187,15.2375,0.035472
16035,0.9166,7.9144,4.2755,2.3116,15.4181,0.104539
16036,0.8783,9.3246,4.2925,2.3123,16.8078,0.142314
16037,0.961,7.9023,4.2861,2.2988,15.4482,0.187501
16038,0.911,7.7604,4.2958,2.3365,15.3036,0.983314
16039,0.9089,7.8913,4.2895,2.3613,15.451,0.998931
16040,0.8855,7.7536,4.321,2.353,15.3132,0.999914
16041,0.9492,7.9995,4.3013,2.3507,15.6006,0.999945
16042,0.9336,7.7298,4.2826,2.3035,15.2494,0.999793
16043,0.9027,7.8551,4.2954,2.2998,15.353,0.99828
16044,0.9584,7.7955,4.2765,2.3222,15.3525,0.944705
16045,0.9571,7.8671,4.3043,2.3589,15.4874,0.346269
16046,0.935,7.7604,4.2631,2.3489,15.3074,0.066528
16047,0.893,7.7876,4.3395,2.3479,15.368,0.060685
16048,0.9426,7.8207,4.2802,2.3563,15.3997,0.063141
16049,0.9436,7.7789,4.282,2.3194,15.3239,0.061534
16050,0.9597,7.8658,4.2801,2.3329,15.4386,0.03701
16051,0.9048,7.8474,4.2805,2.3033,15.336,0.022837
16052,0.933,7.9172,4.2687,2.3442,15.4632,0.033658
16053,0.9685,7.8435,4.2753,2.3221,15.4094,0.029384
16054,0.9305,7.716,4.2445,2.3574,15.2484,0.024095
16055,0.8916,8.1864,4.2938,2.3449,15.7167,0.028495
16056,0.9323,7.8848,4.2708,2.3488,15.4367,0.019686
16057,0.95,7.765,4.2932,2.3172,15.3253,0.008665
16058,0.9894,7.801,4.2927,2.3291,15.4121,0.006798
16059,0.9229,7.8375,4.3019,2.3123,15.3746,0.012107
16060,0.9327,7.8333,4.2917,2.3275,15.3852,0.013634
16061,0.9507,7.8709,4.2885,2.3326,15.4427,0.01016
16062,0.9349,7.7838,4.268,2.3313,15.3181,0.0079
16063,0.895,7.821,4.3269,2.3503,15.3932,0.033124
16064,0.9338,7.7437,4.3403,2.3068,15.3245,0.026387
16065,0.9836,7.7826,4.3038,2.301,15.3711,0.021514
16066,0.9488,7.7437,4.3134,2.3171,15.3229,0.036268
16067,0.8894,7.8195,4.2994,2.3483,15.3565,0.038285
16068,0.9297,7.8152,4.2872,2.3391,15.3711,0.040137
16069,0.9525,7.7994,4.3181,2.3389,15.4089,0.035528
16070,0.9602,7.7723,4.2703,2.3634,15.3662,0.041855
16071,0.9349,7.8668,4.2884,2.3049,15.3949,0.035835
16072,0.98,7.7967,4.3215,2.3015,15.3996,0.040926
16073,0.9847,7.7943,4.3068,2.3035,15.3894,0.044006
16074,0.9598,7.7885,4.3223,2.3695,15.4401,0.037013
16075,0.9071,7.861,4.3374,2.3273,15.4328,0.029896
16076,0.9632,7.8493,4.334,2.3514,15.4979,0.023385
16077,0.9494,7.8899,4.3083,2.3417,15.4893,0.015323
16078,0.9645,7.9033,4.2842,2.3832,15.5352,0.014513
16079,0.9129,7.8825,4.3241,2.3121,15.4317,0.013575
16080,0.9757,7.8486,4.29,2.3071,15.4214,0.014805
16081,0.9488,7.8254,4.357,2.2963,15.4276,0.016324
16082,0.9563,8.1274,4.402,2.2784,15.7641,0.016705
16083,0.9107,7.8708,4.338,2.3193,15.4388,0.005503
16084,0.9504,7.8999,4.3389,2.3469,15.5361,0.010073
16085,0.9341,7.8361,4.3437,2.3586,15.4725,0.014433
16086,0.9281,7.823,4.3581,2.3884,15.4976,0.974351
16087,0.9139,7.8131,4.3468,2.3431,15.4169,0.999707
16088,0.9373,7.7751,4.3053,2.3239,15.3415,0.999815
16089,1.0036,7.7928,4.2993,2.3205,15.4162,0.999965
16090,0.9249,7.7804,4.2848,2.3332,15.3234,0.999963
16091,0.882,8.3719,4.2767,2.3326,15.8632,0.999975
16092,0.9334,7.8419,4.279,2.3474,15.4018,0.999938
16093,0.9497,7.9038,4.2784,2.3335,15.4654,0.999929
16094,0.9306,7.8551,4.279,2.3406,15.4053,0.999314
16095,0.8888,7.8018,4.3587,2.3249,15.3743,0.996519
16096,0.9347,7.8044,4.3021,2.3145,15.3558,0.974278
16097,0.979,7.8665,4.2851,2.3215,15.4521,0.747736
16098,0.9554,7.7312,4.2843,2.3084,15.2793,0.300292
16099,0.894,7.9168,4.2657,2.3467,15.4233,0.044753
16100,0.9378,7.7981,4.2986,2.3487,15.3833,0.021427
16101,0.9632,7.8271,4.3026,2.354,15.4469,0.021988
16102,0.9593,7.7932,4.2899,2.349,15.3914,0.027585
16103,0.911,7.9239,4.3272,2.315,15.4772,0.016627
16104,0.9715,7.7904,4.304,2.313,15.3789,0.024969
16105,0.9852,7.7983,4.3086,2.321,15.4131,0.016279
16106,0.9625,7.8223,4.282,2.3385,15.4052,0.016922
16107,0.9103,7.8953,4.2848,2.3415,15.4319,0.015006
16108,0.9311,8.0956,4.285,2.3365,15.6482,0.012265
16109,0.9555,7.8364,4.3095,2.3436,15.445,0.019414
16110,0.9311,7.772,4.3007,2.3582,15.3619,0.010407
16111,0.9214,7.8814,4.3387,2.3106,15.4521,0.005026
16112,1.0147,7.8394,4.2851,2.3127,15.4518,0.014078
16113,0.9884,7.8465,4.3292,2.3031,15.4673,0.004904
16114,0.9499,7.7833,4.2917,2.327,15.3519,0.008173
16115,0.8982,7.8968,4.2764,2.3386,15.4099,0.011547
16116,0.9362,7.7939,4.3213,2.3504,15.4018,0.008201
16117,0.9513,7.8726,4.2943,2.3307,15.4489,0.005658
16118,0.9312,7.7469,4.2946,2.335,15.3078,0.005228
16119,0.9084,7.9479,4.3027,2.31,15.469,0.00398
16120,0.9631,7.8,4.3019,2.3092,15.3742,0.004363
16121,0.9469,7.8394,4.3186,2.3248,15.4296,0.005499
16122,0.9269,7.8224,4.3145,2.3341,15.398,0.004685
16123,0.9071,7.9548,4.3108,2.3461,15.5189,0.004183
16124,0.9312,7.8316,4.3005,2.3368,15.4001,0.004283
16125,0.9567,7.7618,4.284,2.3439,15.3464,0.003978
16126,0.934,7.7461,4.3416,2.3275,15.3492,0.004136
16127,0.942,7.8472,4.2865,2.3034,15.3792,0.003408
16128,0.9643,7.782,4.3102,2.3099,15.3664,0.003699
16129,0.9704,7.8518,4.2888,2.3247,15.4357,0.003827
16130,0.9576,7.7616,4.2722,2.3479,15.3394,0.003926
16131,0.8956,7.8309,4.3042,2.3449,15.3756,0.002119
16132,0.9688,7.8073,4.3116,2.3596,15.4473,0.003678
16133,0.9546,7.8131,4.3615,2.3195,15.4486,0.002266
16134,1.0089,7.8376,4.3259,2.3258,15.4981,0.00188
16135,0.9337,8.29,4.3453,2.3076,15.8766,0.001581
16136,0.9879,7.811,4.3132,2.3005,15.4126,0.001919
16137,0.9305,7.8577,4.2849,2.3374,15.4105,0.001781
16138,0.9744,7.8791,4.2966,2.3682,15.5183,0.001995
16139,0.8873,7.8747,4.3058,2.3344,15.4022,0.002211
16140,0.9576,7.7956,4.3319,2.3703,15.4554,0.00167
16141,0.9292,7.7706,4.3532,2.3378,15.3909,0.001504
16142,0.9674,7.8463,4.3567,2.3112,15.4816,0.001644
16143,0.9326,7.9519,4.3273,2.3153,15.527,0.001651
16144,0.9545,7.8853,4.3386,2.3326,15.5109,0.002558
16145,0.9489,7.797,4.3043,2.305,15.3551,0.032685
16146,0.938,7.7764,4.2749,2.3415,15.3308,0.039301
16147,0.955,8.0022,4.3127,2.3233,15.5931,0.003911
16148,0.9132,7.8821,4.3523,2.3538,15.5014,0.031091
16149,0.9097,7.8046,4.3259,2.3635,15.4037,0.031421
16150,0.9444,7.7878,4.3455,2.334,15.4117,0.021071
16151,0.9675,8.0435,4.6798,2.2813,15.9722,0.022684
16152,0.9747,7.8514,4.3218,2.3304,15.4783,0.020792
16153,0.9457,7.8027,4.3405,2.3042,15.3931,0.025552
16154,0.9227,7.8514,4.3093,2.3174,15.4009,0.023958
16155,0.9269,7.8088,4.3659,2.3298,15.4314,0.030134
16156,0.9352,7.7705,4.2713,2.3496,15.3267,0.025843
16157,0.9115,7.8837,4.2884,2.3597,15.4433,0.034249
16158,0.921,7.8303,4.2863,2.345,15.3825,0.03204
16159,0.9384,7.8047,4.2971,2.3044,15.3446,0.027936
16160,0.9541,7.8042,4.2927,2.3128,15.3637,0.029407
16161,0.914,8.2076,4.3178,2.2972,15.7366,0.015646
16162,0.9313,7.8948,4.2749,2.3322,15.4332,0.030469
16163,0.922,7.8307,4.2785,2.3349,15.3661,0.017814
16164,0.9359,7.7916,4.3306,2.3412,15.3993,0.029378
16165,0.9197,7.8074,4.3174,2.3453,15.3898,0.0191
16166,0.95,7.8112,4.3529,2.3433,15.4574,0.026646
16167,0.9606,7.7318,4.2975,2.3109,15.3009,0.024068
16168,0.9971,7.7586,4.3181,2.3171,15.3909,0.032039
16169,0.8997,7.8725,4.3157,2.3223,15.4102,0.035709
16170,0.9541,7.854,4.2853,2.3468,15.4402,0.059864
16171,0.9305,7.8283,4.4189,2.3481,15.5258,0.956768
16172,0.9552,7.8096,4.3264,2.3459,15.4371,0.999713
16173,0.9103,7.8049,4.3411,2.3509,15.4072,0.999947
16174,0.9544,7.7589,4.3007,2.3203,15.3343,0.999959
16175,0.959,7.8488,4.3697,2.3288,15.5064,0.999806
16176,0.9929,7.7966,4.2968,2.3131,15.3993,0.999038
16177,0.9095,7.9923,4.3935,2.3151,15.6103,0.943952
16178,0.9655,7.8414,4.2901,2.3423,15.4392,0.603804
16179,0.9351,7.7869,4.2798,2.3351,15.3369,0.078824
16180,0.9653,7.7563,4.3213,2.3349,15.3778,0.051996
16181,0.9041,7.9682,4.3228,2.3578,15.5529,0.044543
16182,0.9483,7.8172,4.3183,2.3273,15.4111,0.039565
16183,0.9597,7.8459,4.3212,2.3085,15.4353,0.033615
16184,0.994,7.7546,4.3047,2.3297,15.3829,0.0334
16185,0.9259,8.4759,4.312,2.3133,16.027,0.081065
16186,0.9592,7.7825,4.3152,2.3264,15.3832,0.032062
16187,0.9294,7.8531,4.2765,2.3185,15.3775,0.032346
16188,0.9575,8.0751,4.2942,2.3343,15.6611,0.031129
16189,0.9132,8.3917,4.3537,2.3703,16.0288,0.020662
16190,0.9424,7.8476,4.2919,2.3478,15.4298,0.03662
16191,0.958,7.8441,4.3056,2.3361,15.4439,0.011048
16192,0.9557,7.7489,4.3047,2.3188,15.328,0.013202
16193,0.9312,7.8518,4.3544,2.3166,15.4539,0.010509
16194,0.9931,7.787,4.2957,2.3093,15.3852,0.012713
16195,0.93,7.8777,4.2865,2.3328,15.427,0.010833
16196,0.9335,7.8253,4.295,2.3286,15.3824,0.014071
16197,0.9042,7.8792,4.4006,2.3514,15.5354,0.012622
16198,0.9588,7.7688,4.3109,2.3536,15.3922,0.013821
16199,0.9266,7.751,4.2915,2.348,15.3171,0.010073
16200,0.9366,7.7502,4.3069,2.3117,15.3054,0.012538
16201,0.9425,7.8793,4.3426,2.3066,15.4711,0.008295
16202,0.9685,7.7617,4.3135,2.3158,15.3595,0.014364
16203,0.9318,7.8478,4.2754,2.3099,15.3648,0.017404
16204,0.9438,7.7718,4.2968,2.3676,15.38,0.02291
16205,0.923,7.751,4.2993,2.3343,15.3077,0.031649
16206,0.9419,7.8112,4.2598,2.3501,15.363,0.005901
16207,0.9422,7.8313,4.2971,2.3093,15.3799,0.003624
16208,0.9709,7.8516,4.2953,2.3096,15.4273,0.00313
16209,0.9292,7.8475,4.3023,2.3128,15.3917,0.003498
16210,0.932,7.7486,4.274,2.3348,15.2893,0.001914
16211,0.9569,7.8035,4.3432,2.2957,15.3994,0.00307
16212,0.9266,7.7532,4.2819,2.3542,15.3159,0.006187
16213,0.9035,7.8937,4.3025,2.3432,15.4429,0.006667
16214,0.9435,8.112,4.3069,2.3041,15.6665,0.016487
16215,0.9593,7.888,4.2942,2.3007,15.4422,0.0318
16216,0.9706,7.7408,4.2798,2.3118,15.303,0.045713
16217,0.8998,8.4557,4.2882,2.3106,15.9544,0.060694
16218,0.9212,7.8498,4.2779,2.3308,15.3796,0.076422
16219,0.939,7.7658,4.3061,2.3381,15.349,0.170779
16220,0.9301,7.8273,4.296,2.3544,15.4078,0.296836
16221,0.8991,7.8336,4.3139,2.3531,15.3997,0.08042
16222,0.9292,7.7925,4.291,2.3096,15.3223,0.115159
16223,0.9482,7.7971,4.2792,2.2959,15.3204,0.208106
16224,0.983,7.7992,4.2898,2.3267,15.3986,0.170089
16225,0.885,7.874,4.3091,2.3499,15.418,0.207462
16226,0.9606,7.7992,4.2732,2.3387,15.3717,0.221207
16227,0.9597,7.9097,4.2709,2.3345,15.4748,0.36925
16228,0.9745,7.8348,4.2921,2.357,15.4585,0.464496
16229,0.8924,7.8111,4.284,2.3041,15.2916,0.506773
16230,0.9537,7.9244,4.3141,2.3325,15.5247,0.494631
16231,0.9538,7.7661,4.2984,2.2972,15.3154,0.518767
16232,0.9415,7.8012,4.2998,2.328,15.3704,0.520606
16233,0.9067,7.8787,4.2958,2.3368,15.418,0.565732
16234,0.9261,7.7766,4.3036,2.331,15.3372,0.48623
16235,0.9668,7.8323,4.2915,2.3458,15.4364,0.442394
16236,0.9635,7.8109,4.3279,2.3603,15.4626,0.440389
16237,0.9023,7.813,4.2875,2.3112,15.314,0.383331
16238,0.9839,7.824,4.2945,2.3041,15.4065,0.334363
16239,0.9854,7.8136,4.3259,2.2992,15.4242,0.489283
16240,0.9477,7.7376,4.2753,2.3472,15.3078,0.475975
16241,0.8925,8.1758,4.305,2.3368,15.7102,0.491461
16242,0.931,7.7954,4.3259,2.3565,15.4088,0.244839
16243,0.9534,7.7446,4.3037,2.3658,15.3675,0.251822
16244,0.9536,7.8179,4.3002,2.346,15.4177,0.327288
16245,0.9297,7.8519,4.3352,2.3005,15.4172,0.322276
16246,0.9713,7.7665,4.3448,2.3188,15.4014,0.307992
16247,0.9403,7.7664,4.3351,2.3161,15.358,0.347621
16248,0.961,7.7999,4.3134,2.3608,15.4351,0.316268
16249,0.8842,7.8558,4.3295,2.3438,15.4133,0.296033
16250,0.9323,7.761,4.2969,2.3493,15.3395,0.231012
16251,0.9303,7.7716,4.3353,2.3384,15.3756,0.211771
16252,0.9558,7.7462,4.2927,2.3301,15.3248,0.308819
16253,0.9387,7.8423,4.3164,2.2998,15.3972,0.149691
16254,0.9822,7.7679,4.3925,2.3442,15.4868,0.283546
16255,0.9545,7.8563,4.3198,2.341,15.4715,0.324236
16256,0.939,7.7325,4.2964,2.3514,15.3193,0.274236
16257,0.8956,7.848,4.3007,2.3518,15.3961,0.337689
16258,0.9572,7.7882,4.3148,2.3561,15.4163,0.453896
16259,0.9391,7.8171,4.3394,2.3191,15.4148,0.418992
16260,0.9871,7.7778,4.3173,2.3114,15.3935,0.348867
16261,0.9201,7.8527,4.298,2.3134,15.3842,0.292651
16262,0.9502,7.7704,4.2817,2.3475,15.3497,0.321878
16263,0.9573,7.8722,4.2947,2.3431,15.4674,0.381969
16264,0.969,7.8082,4.3102,2.3441,15.4315,0.376541
16265,0.8988,7.8328,4.3061,2.3478,15.3854,0.978113
16266,0.9601,7.7637,4.3174,2.3348,15.376,0.999895
16267,0.9733,8.1734,4.3363,2.3151,15.7982,0.999975
16268,0.9774,7.838,4.2598,2.3348,15.4099,0.999941
16269,0.965,7.7645,4.2812,2.296,15.3067,0.999938
16270,0.959,7.8097,4.2531,2.3391,15.3609,0.999955
16271,0.949,7.7394,4.249,2.3337,15.2712,0.999775
16272,0.9656,7.7195,4.3031,2.3588,15.3469,0.999816
16273,0.908,7.8233,4.3024,2.351,15.3847,0.999259
16274,0.961,7.812,4.2844,2.3271,15.3845,0.978884
16275,0.9585,7.7922,4.2882,2.3091,15.348,0.761577
16276,1.0367,7.9364,4.3072,2.3163,15.5966,0.884012
16277,0.9086,8.0251,4.3425,2.3123,15.5886,0.872312
16278,0.9531,7.8508,4.316,2.3369,15.4567,0.607559
16279,0.9425,7.7378,4.3005,2.336,15.3168,0.593435
16280,0.9566,7.8499,4.3291,2.3561,15.4918,0.695069
16281,0.9116,8.468,4.3268,2.3403,16.0467,0.675526
16282,0.9711,7.8927,4.3106,2.3564,15.5308,0.621734
16283,0.9355,7.8794,4.323,2.3337,15.4717,0.513441
16284,0.9583,7.7704,4.279,2.318,15.3257,0.464261
16285,0.9599,7.7815,4.2905,2.3073,15.3391,0.512933
16286,0.9536,7.824,4.3083,2.3223,15.4082,0.422276
16287,0.9563,7.8416,4.2945,2.3358,15.4282,0.346836
16288,0.9454,7.8481,4.3061,2.3303,15.4299,0.262033
16289,0.8863,7.8157,4.3275,2.3482,15.3776,0.251459
16290,0.9595,7.8053,4.3158,2.3641,15.4447,0.223962
16291,0.9512,7.7641,4.2762,2.3136,15.3052,0.146643
16292,0.9981,7.7799,4.3204,2.3164,15.4147,0.193638
16293,0.9395,7.8456,4.2932,2.3027,15.381,0.048304
16294,0.9582,8.1533,4.2858,2.3422,15.7395,0.061892
16295,0.9407,7.813,4.2965,2.3209,15.3711,0.073496
16296,0.9597,7.8477,4.2875,2.3432,15.4381,0.08494
16297,0.9013,7.7766,4.2933,2.356,15.3271,0.041319
16298,0.9594,7.8223,4.3202,2.3675,15.4694,0.125879
16299,0.9553,7.8702,4.2986,2.3098,15.4339,0.188092
16300,0.984,7.7938,4.3413,2.3004,15.4196,0.200004
16301,0.9241,7.8457,4.309,2.306,15.3848,0.15896
16302,0.9641,7.81,4.2926,2.3386,15.4053,0.11943
16303,0.9521,7.8351,4.28,2.3476,15.4149,0.105411
16304,0.9644,7.7751,4.3235,2.345,15.408,0.093634
16305,0.9088,7.8893,4.3061,2.3499,15.4541,0.096628
16306,0.9505,7.8773,4.3375,2.3131,15.4783,0.495594
16307,0.9554,7.7909,4.2979,2.3,15.3441,0.182422
16308,0.995,7.7685,4.2902,2.3288,15.3824,0.146897
16309,0.9123,7.8677,4.2917,2.3404,15.4121,0.126685
16310,0.9426,7.8179,4.3085,2.3283,15.3972,0.132678
16311,0.9563,7.8613,4.2985,2.3322,15.4482,0.124395
16312,0.9371,7.7843,4.2877,2.3354,15.3444,0.090695
16313,0.9109,7.835,4.3005,2.332,15.3783,0.072468
16314,0.9319,7.8535,4.2937,2.3031,15.3822,0.091307
16315,0.9921,7.796,4.29,2.2999,15.3781,0.101318
16316,0.9372,7.7882,4.2758,2.3366,15.3378,0.11364
16317,0.8882,7.9197,4.2976,2.3369,15.4424,0.135953
16318,0.9618,7.88,4.2816,2.331,15.4544,0.143019
16319,0.9592,7.8994,4.323,2.3345,15.516,0.113328
16320,0.9347,8.1194,4.2782,2.3498,15.6821,0.923717
16321,0.909,7.8899,4.3217,2.358,15.4787,0.999754
16322,0.9393,7.8408,4.2987,2.3123,15.3911,0.999468
16323,0.9849,7.8471,4.3284,2.3332,15.4936,0.999778
16324,0.9662,7.7453,4.3371,2.3145,15.3632,0.991236
16325,0.9229,7.8696,4.2975,2.3406,15.4307,0.897799
16326,0.9228,7.7609,4.2873,2.3501,15.3211,0.434641
16327,0.9614,7.8063,4.3142,2.3537,15.4356,0.371136
16328,0.9567,7.7471,4.2881,2.342,15.3339,0.15702
16329,0.9108,7.8062,4.3048,2.3143,15.3362,0.125623
16330,0.9881,7.7847,4.2829,2.3225,15.3781,0.14622
16331,1.0017,7.8071,4.287,2.2982,15.3939,0.111422
16332,0.9686,7.7925,4.3169,2.3392,15.4172,0.098245
16333,0.9094,7.8113,4.273,2.3351,15.3289,0.098404
16334,0.9378,7.7614,4.2895,2.3526,15.3413,0.102206
16335,0.9571,7.8263,4.3007,2.3331,15.4172,0.121467
16336,0.9348,7.7343,4.3066,2.3305,15.3061,0.137534
16337,0.942,7.8885,4.2902,2.2987,15.4194,0.136069
16338,0.9599,7.7541,4.306,2.3007,15.3208,0.113996
16339,0.9603,7.8372,4.2996,2.3184,15.4155,0.168613
16340,0.9336,7.7448,4.2835,2.4257,15.3876,0.136466
16341,0.9665,8.3217,4.2936,2.328,15.9098,0.118944
16342,0.995,7.7938,4.2703,2.3451,15.4042,0.101825
16343,0.9587,7.8583,4.2731,2.3406,15.4307,0.105538
16344,0.9378,7.7373,4.3251,3.5841,16.5843,0.102674
16345,0.9168,7.8423,4.3159,2.3436,15.4186,0.118554
16346,0.9565,7.8405,4.2908,2.3051,15.3928,0.112364
16347,0.9642,8.1951,4.32,2.3118,15.7911,0.114389
16348,1.0092,7.7895,4.2988,2.3051,15.4026,0.122242
16349,0.9341,7.9294,4.3427,2.2932,15.4994,0.110029
16350,0.9557,7.8307,4.3013,2.334,15.4217,0.083256
16351,0.955,7.8782,4.2964,2.325,15.4546,0.098289
16352,0.9605,7.78,4.2836,2.3427,15.3668,0.089195
16353,0.8921,7.9148,4.3191,2.3374,15.4634,0.087262
16354,0.9582,7.7826,4.3245,2.3542,15.4195,0.10407
16355,0.9578,7.7718,4.2933,2.2932,15.3161,0.096216
16356,0.9901,7.721,4.2886,2.2981,15.2978,0.106112
16357,0.8947,7.9427,4.293,2.307,15.4374,0.258242
16358,0.9628,7.8064,4.3039,2.3331,15.4062,0.269997
16359,0.962,7.8136,4.2999,2.3366,15.4121,0.077065
16360,0.9549,7.786,4.2772,2.3702,15.3883,0.084426
16361,0.8847,7.8922,4.2976,2.382,15.4566,0.076272
16362,0.9598,7.787,4.305,2.3083,15.3602,0.092095
16363,0.9769,7.8131,4.3379,2.3209,15.4488,0.107514
16364,0.9829,7.7605,4.3214,2.3248,15.3896,0.038709
16365,0.9044,7.9017,4.2934,2.3345,15.434,0.024916
16366,0.954,7.8304,4.2878,2.3255,15.3977,0.046318
16367,0.9778,7.9167,4.281,2.3254,15.501,0.03467
16368,0.9474,7.7851,4.3039,2.3384,15.3748,0.062631
16369,0.9174,7.8487,4.2943,2.3443,15.4046,0.06205
16370,0.9354,7.7834,4.3145,2.3111,15.3445,0.059509
16371,0.9753,7.8185,4.2886,2.3095,15.3919,0.055164
16372,0.9387,7.7685,4.2824,2.3062,15.2958,0.06561
16373,0.9204,8.727,4.3008,2.3159,16.2641,0.067586
16374,0.9673,7.8573,4.3066,2.3521,15.4833,0.05823
16375,0.957,7.8032,4.2928,2.3331,15.386,0.043942
16376,0.956,7.8364,4.3119,2.3552,15.4594,0.042773
16377,0.8891,7.8274,4.2717,2.3526,15.3409,0.032685
16378,0.963,7.7481,4.2789,2.3009,15.2909,0.049604
16379,0.9793,7.7975,4.3082,2.3103,15.3953,0.05285
16380,0.9975,7.7728,4.3389,2.3214,15.4306,0.04678
16381,0.9122,7.941,4.3009,2.3315,15.4856,0.036357
16382,0.9336,7.7858,4.2789,2.336,15.3342,0.166642
16383,0.9695,7.8584,4.2934,2.3309,15.4522,0.99781
16384,0.9321,7.6897,4.3093,2.3521,15.2832,0.999949
16385,0.8868,7.8394,4.3401,2.3117,15.3779,0.99998
16386,1.0072,7.7969,4.3628,2.3228,15.4896,0.999972
16387,0.9923,7.8005,4.3143,2.308,15.4152,0.999904
16388,0.9703,7.7912,4.3619,2.3182,15.4416,0.999377
16389,0.9067,7.8839,4.3018,2.3313,15.4236,0.928269
16390,0.9577,7.8362,4.2924,2.3294,15.4157,0.765861
16391,0.9576,7.8085,4.318,2.3428,15.4269,0.211918
16392,0.9638,7.7498,4.3383,2.3625,15.4144,0.192965
16393,0.9078,7.9085,4.3094,2.3095,15.4352,0.123317
16394,0.9827,7.7791,4.3021,2.3208,15.3848,0.126905
16395,0.9935,7.8187,4.3046,2.3083,15.4251,0.113648
16396,0.9547,7.8402,4.2849,2.3448,15.4247,0.091781
16397,0.9468,7.7741,4.2526,2.3358,15.3093,0.085141
16398,0.9175,7.7838,4.3271,2.3528,15.3813,0.083864
16399,0.8909,8.5527,4.3064,2.3215,16.0714,0.083637
16400,0.9435,8.1222,4.326,2.3467,15.7384,0.090308
16401,0.937,7.868,4.3211,2.3392,15.4653,0.107026
16402,0.9628,7.7195,4.2978,2.3127,15.2928,0.101182
16403,0.9323,7.8117,4.3219,2.3108,15.3766,0.045091
16404,1.0035,7.7779,4.2871,2.3229,15.3915,0.044604
16405,0.925,7.9983,4.3081,2.3181,15.5496,0.045079
16406,0.961,7.7406,4.3089,2.3473,15.3578,0.045133
16407,0.9168,7.7895,4.3013,2.3396,15.3472,0.03589
16408,0.9766,7.784,4.3071,2.3541,15.4218,0.05069
16409,0.9265,7.8438,4.3381,2.373,15.4814,0.058527
16410,0.9437,7.8982,4.3545,2.8581,16.0546,0.059738
16411,0.8889,9.7448,4.3153,2.3376,17.2866,0.071439
16412,0.936,7.7736,4.318,2.3457,15.3733,0.082831
16413,0.9626,7.7815,4.3278,2.3266,15.3985,0.055798
16414,0.9298,7.8018,4.2792,2.3127,15.3235,0.066924
16415,0.9394,7.8675,4.2917,2.2998,15.3984,0.054067
16416,0.971,7.8333,4.3068,2.3161,15.4271,0.077208
16417,0.9146,7.7784,4.2871,2.337,15.3171,0.065308
16418,0.9638,7.7953,4.2938,2.334,15.3869,0.084908
16419,0.9099,7.7975,4.3251,2.335,15.3675,0.062868
16420,0.9385,7.8238,4.3081,2.3524,15.4227,0.066949
16421,0.9548,7.7831,4.3433,2.3221,15.4033,0.074158
16422,0.9531,7.8249,4.3542,2.3013,15.4335,0.05728
16423,0.9466,7.8975,4.3161,2.2969,15.4572,0.066447
16424,0.9569,7.8423,4.2822,2.322,15.4034,0.077568
16425,0.9499,7.8829,4.2935,2.3202,15.4466,0.086916
16426,0.9549,8.1261,4.3099,2.3496,15.7404,0.098652
16427,0.9135,7.8298,4.298,2.3332,15.3745,0.096144
16428,0.9688,7.784,4.2924,2.3582,15.4034,0.100598
16429,0.965,7.816,4.3138,2.3388,15.4336,0.122719
16430,0.9603,7.7961,4.3314,2.3078,15.3956,0.130109
16431,0.9112,7.7766,4.3263,2.2976,15.3118,0.091864
16432,0.9587,7.8054,4.3467,2.2908,15.4016,0.087868
16433,0.9432,7.8741,4.2746,2.3448,15.4367,0.107982
16434,0.9599,7.8051,4.2956,2.3359,15.3965,0.093061
16435,0.9105,7.8876,4.3169,2.3473,15.4625,0.077448
16436,0.9566,7.8244,4.3205,2.3518,15.4532,0.124953
16437,0.9298,7.8123,4.3413,2.3327,15.4161,0.119331
16438,0.9522,7.8337,4.2908,2.3648,15.4415,0.11975
16439,0.9222,7.8087,4.3258,2.3247,15.3813,0.110284
16440,0.9558,7.8893,4.2803,2.3365,15.4619,0.09457
16441,0.9535,7.8373,4.304,2.3447,15.4395,0.108363
16442,0.9288,7.8759,4.3158,2.3544,15.4749,0.310294
16443,0.9037,7.875,4.3134,2.3502,15.4423,0.436778
16444,0.939,7.8506,4.2793,2.3531,15.4219,0.423266
16445,0.9462,7.8307,4.295,2.3053,15.3772,0.308617
16446,0.9633,7.8075,4.3256,2.3179,15.4143,0.213773
16447,0.9659,7.7578,4.3191,2.3085,15.3512,0.132275
16448,0.9384,7.8525,4.3016,2.3425,15.435,0.169621
16449,0.9476,7.8371,4.3047,2.3264,15.4158,0.147234
16450,0.938,7.8511,4.303,2.3501,15.4422,0.151573
16451,0.9044,7.8242,4.3391,2.3339,15.4016,0.076972
16452,0.9215,7.8382,4.396,2.3489,15.5045,0.279722
16453,0.9422,8.3451,4.3893,2.3319,16.0086,0.982712
16454,0.9286,7.7814,4.3699,2.3189,15.3987,0.999888
16455,0.939,7.794,4.3303,2.3028,15.3661,0.999956
16456,0.9851,7.8302,4.3063,2.3056,15.4272,0.999934
16457,0.9144,7.8193,4.3128,2.3308,15.3773,0.999715
16458,0.945,7.8638,4.326,2.3983,15.5331,0.99984
16459,0.905,7.8276,4.3634,2.3271,15.4231,0.999336
16460,0.9333,7.8169,4.3026,2.3898,15.4426,0.997807
16461,0.9529,7.804,4.3554,2.3185,15.4307,0.990468
16462,0.936,7.8345,4.3748,2.3274,15.4726,0.975246
16463,0.9543,7.828,4.3795,2.3073,15.4691,0.92328
16464,0.9534,7.9396,4.4475,2.3036,15.6441,0.9287
16465,0.9251,7.8947,4.4224,2.3096,15.5519,0.881372
16466,0.9218,7.7628,4.4541,2.327,15.4657,0.850045
16467,0.9103,7.8428,4.4216,2.3613,15.5359,0.716678
16468,0.9312,7.8131,4.41,2.3562,15.5105,0.809627
16469,0.9191,7.8014,4.5037,2.299,15.5233,0.26151
16470,0.9249,7.8105,4.4437,2.3438,15.5229,0.419963
16471,0.9097,7.787,4.4277,2.3067,15.431,0.226217
16472,0.9487,7.7854,4.4611,2.2966,15.4917,0.174132
16473,0.9424,7.8664,4.471,2.3125,15.5922,0.133373
16474,0.9341,7.8412,4.5456,2.329,15.6498,0.152469
16475,0.9109,7.938,4.4267,2.3355,15.6111,0.2122
16476,0.9286,7.841,4.4478,2.339,15.5564,0.219685
16477,0.9263,7.8465,4.4497,2.3448,15.5674,0.166495
16478,0.9329,7.8046,4.3906,2.3479,15.4761,0.147194
16479,0.9229,8.2354,4.4295,2.3503,15.9381,0.144004
16480,0.9362,7.8367,4.5227,2.3688,15.6644,0.567813
16481,0.9522,7.8836,4.4293,2.34,15.605,0.447031
16482,0.957,7.8204,4.4129,2.3174,15.5077,0.496706
16483,0.9348,7.9504,4.4024,2.2997,15.5873,0.386016
16484,0.9865,7.8916,4.4542,2.2952,15.6275,0.480692
16485,0.9812,7.8391,4.4355,2.312,15.5678,0.548652
16486,0.9478,7.9007,4.4596,2.3308,15.639,0.826462
16487,0.9107,7.9487,4.4426,2.3265,15.6285,0.799643
16488,0.954,7.8468,4.4501,2.3457,15.5966,0.761728
16489,0.9236,7.8108,4.4205,2.3336,15.4886,0.61895
16490,0.9263,7.897,4.4585,2.3469,15.6286,0.616722
16491,0.8987,7.7858,4.4195,2.3407,15.4447,0.51867
16492,0.9638,7.8435,4.4578,2.3431,15.6082,0.512908
16493,0.9546,7.9677,4.4403,2.3473,15.7099,0.490878
16494,0.9634,7.7389,4.4484,2.3143,15.465,0.174572
16495,0.9288,7.8685,4.4455,2.3107,15.5535,0.452853
16496,1.0022,7.8205,4.5179,2.3211,15.6617,0.171023
16497,0.9323,7.8978,4.452,2.314,15.5962,0.53395
16498,0.9342,7.8942,4.4378,2.3258,15.592,0.23871
16499,0.92,7.8932,4.4229,2.3364,15.5726,0.256212
16500,0.9378,7.802,4.454,2.3561,15.55,0.23051
16501,0.9641,7.9697,4.5476,2.3353,15.8167,0.181958
16502,0.9315,7.8055,4.4647,2.3376,15.5393,0.096959
16503,0.9125,7.8648,4.4449,2.3846,15.6068,0.181462
16504,0.9359,7.8244,4.4497,2.3482,15.5582,0.228792
16505,0.9452,7.8335,4.3989,2.3134,15.4909,0.256299
16506,0.9612,8.1683,4.4682,2.3387,15.9364,0.230317
16507,0.9296,7.8433,4.4555,2.2964,15.5248,0.165906
16508,1.0022,7.8257,4.5083,2.3037,15.6399,0.164183
16509,0.9847,7.8562,4.5012,2.3152,15.6573,0.104804
16510,0.9592,7.8222,4.4573,2.3161,15.5548,0.163428
16511,0.8943,7.8983,4.4413,2.3264,15.5603,0.163915
16512,0.9629,7.8268,4.4048,2.3396,15.5341,0.144636
16513,0.9472,7.8503,4.4198,2.3199,15.5372,0.203349
16514,0.9512,7.7886,4.4411,2.35,15.531,0.187179
16515,0.9204,7.8145,4.4364,2.3339,15.5051,0.138024
16516,0.9658,7.8548,4.493,2.3297,15.6433,0.150233
16517,0.9525,7.873,4.4521,2.3253,15.6028,0.143435
16518,0.9923,7.7635,4.4441,2.3234,15.5233,0.134378
16519,0.9289,7.9087,4.4698,2.2983,15.6057,0.455921
16520,0.9582,7.8031,4.4603,2.3169,15.5385,0.18607
16521,0.959,7.8369,4.4052,2.3402,15.5413,0.171702
16522,0.9472,7.7879,4.4385,2.3422,15.5158,0.411671
16523,0.8922,7.7963,4.4453,2.325,15.4587,0.341872
16524,0.9557,7.8006,4.4608,2.3584,15.5756,0.303634
16525,0.9553,7.8613,4.4565,2.3545,15.6276,0.091291
16526,0.9569,7.8271,4.42,2.3584,15.5624,0.232316
16527,0.9039,7.8163,4.4525,2.3012,15.4739,0.2151
16528,0.9864,7.8675,4.4293,2.3112,15.5944,0.262019
16529,0.9837,7.8237,4.3985,2.3083,15.5142,0.278811
16530,0.9603,7.778,4.4599,2.3064,15.5045,0.247598
16531,0.912,7.9022,4.4356,2.3218,15.5716,0.221092
16532,0.9528,8.2217,4.4579,2.3225,15.955,0.270077
16533,0.9506,7.8912,4.4618,2.2786,15.5823,0.298231
16534,0.9622,7.8564,4.4636,2.3373,15.6195,0.301451
16535,0.912,7.9999,4.4616,2.3223,15.6958,0.295081
16536,0.9803,7.8643,4.4751,2.3347,15.6545,0.260572
16537,0.9567,7.9413,4.4734,2.3418,15.7132,0.257334
16538,0.9541,7.8344,4.4204,2.3702,15.5791,0.316108
16539,0.9126,8.5836,4.5608,2.3147,16.3717,0.251947
16540,0.9727,7.8224,4.4846,2.3644,15.6441,0.227395
16541,0.9578,7.8188,4.4538,2.3045,15.535,0.281636
16542,0.9509,7.8557,4.4708,2.3221,15.5995,0.218442
16543,0.9157,7.8383,4.439,2.3027,15.4957,0.127891
16544,1.0053,7.7962,4.4392,2.2993,15.54,0.157323
16545,0.9592,7.8766,4.4166,2.3113,15.5636,0.143143
16546,0.9679,7.7566,4.4155,2.3343,15.4743,0.18664
16547,0.8852,7.8308,4.4355,2.3161,15.4676,0.187857
16548,0.9619,7.8433,4.4636,2.338,15.6067,0.209988
16549,0.9549,7.8114,4.412,2.336,15.5142,0.211882
16550,0.9582,7.7722,4.4298,2.3355,15.4957,0.242064
16551,0.9068,7.8911,4.4658,2.3037,15.5675,0.22512
16552,0.981,7.8444,4.4135,2.3096,15.5484,0.248135
16553,0.9866,7.8951,4.5389,2.3111,15.7316,0.243008
16554,0.9983,7.6978,4.5042,2.3117,15.512,0.281668
16555,0.9057,7.9687,4.4448,2.3158,15.635,0.280399
16556,0.9562,7.8309,4.4412,2.337,15.5654,0.272916
16557,0.9496,7.8938,4.4589,2.3243,15.6266,0.31551
16558,0.9584,7.8494,4.4628,2.3588,15.6294,0.309145
16559,0.9114,8.1287,4.4358,2.325,15.801,0.260008
16560,0.9591,7.8206,4.4623,2.3574,15.5995,0.368107
16561,0.9496,7.8503,4.4072,2.3453,15.5524,0.341051
16562,0.964,7.7754,4.4371,2.3444,15.5208,0.344124
16563,0.8863,7.8437,4.4587,2.2963,15.485,0.282674
16564,1.0005,7.7721,4.5097,2.3017,15.584,0.453193
16565,0.9954,7.8057,4.4683,2.3097,15.5791,0.470181
16566,0.9925,7.7407,4.455,2.3017,15.4899,0.482849
16567,0.9238,7.861,4.4497,2.3232,15.5578,0.448594
16568,0.9607,7.7955,4.4792,2.3508,15.5861,0.592018
16569,0.95,7.9067,4.3834,2.3232,15.5633,0.602759
16570,0.9396,7.8078,4.4289,2.3638,15.54,0.621267
16571,0.9099,7.8103,4.4318,2.3537,15.5057,0.596943
16572,0.9653,7.723,4.4672,2.3655,15.5211,0.591363
16573,0.9395,7.8493,4.4263,2.3111,15.5263,0.544855
16574,0.9543,7.9093,4.3848,2.3199,15.5684,0.478192
16575,0.9419,7.8672,4.4091,2.3202,15.5384,0.345229
16576,0.9311,7.8657,4.394,2.3186,15.5094,0.383489
16577,0.9403,7.771,4.3645,2.3346,15.4105,0.374377
16578,0.9473,7.7505,4.3857,2.3307,15.4141,0.374632
16579,0.93,7.849,4.4028,2.3536,15.5354,0.396333
16580,0.9461,7.7343,4.4876,2.3573,15.5253,0.42581
16581,0.9299,7.8242,4.4835,2.3569,15.5945,0.404714
16582,0.929,7.7725,4.4227,2.3084,15.4326,0.415435
16583,0.9489,7.8243,4.4523,2.2965,15.522,0.500273
16584,0.9834,7.8746,4.4882,2.3183,15.6644,0.457488
16585,0.9612,8.1931,4.469,2.3128,15.9361,0.474435
16586,0.9595,7.7496,4.4914,2.3171,15.5176,0.468994
16587,0.9086,7.8926,4.4181,2.3138,15.5331,0.423221
16588,0.9353,7.8273,4.4477,2.3387,15.549,0.425339
16589,0.9326,7.867,4.4691,2.3666,15.6353,0.47552
16590,0.9299,7.7861,4.4505,2.359,15.5253,0.457008
16591,0.9102,7.8121,4.4402,2.3455,15.508,0.524745
16592,0.94,7.8102,4.4321,2.352,15.5343,0.468238
16593,0.929,7.855,4.4756,2.2909,15.5504,0.429261
16594,0.9565,7.8353,4.5019,2.3227,15.6163,0.428234
16595,0.9489,7.8366,4.4389,2.3182,15.5426,0.436197
16596,0.9705,7.8071,4.5071,2.3136,15.5983,0.510613
16597,0.9293,7.8676,4.5269,2.2809,15.6047,0.687719
16598,0.934,7.7966,4.4272,2.3382,15.496,0.914097
16599,0.9108,7.9372,4.4065,2.325,15.5795,0.999989
16600,0.9376,7.8267,4.3517,2.3366,15.4526,0.999996
16601,0.9275,7.9106,4.3553,2.3343,15.5277,0.999991
16602,0.9245,7.8094,4.3134,2.3431,15.3903,0.999994
16603,0.927,7.7816,4.3991,2.2972,15.4049,0.999997
16604,0.9641,7.7679,4.4515,2.3211,15.5045,0.999995
16605,0.9583,7.8295,4.4754,2.3109,15.5741,0.999873
16606,0.9395,7.8866,4.48,2.3093,15.6153,0.999457
16607,0.9023,7.8492,4.3979,2.33,15.4794,0.998621
16608,0.9443,7.7848,4.4016,2.3334,15.4641,0.988711
16609,0.9267,7.8525,4.4512,2.3263,15.5566,0.954025
16610,0.9364,7.8174,4.3666,2.3656,15.486,0.954937
16611,0.9072,7.9235,4.4046,2.3453,15.5806,0.917086
16612,0.966,8.1419,4.4097,2.3426,15.8602,0.807556
16613,0.9515,7.9525,4.4622,2.3299,15.6961,0.970019
16614,0.9754,7.9384,4.4458,2.3042,15.6637,0.947605
16615,0.9275,7.7986,4.4886,2.2962,15.5109,0.908931
16616,0.9899,7.8012,4.5108,2.2995,15.6014,0.91291
16617,0.9502,7.8028,4.4154,2.3134,15.4817,0.856164
16618,0.9619,7.8331,4.4117,2.3574,15.5641,0.840653
16619,0.883,7.8459,4.4099,2.3316,15.4703,0.880424
16620,0.9659,7.8406,4.4147,2.352,15.5732,0.840643
16621,0.9607,7.8993,4.4062,2.3352,15.6014,0.840191
16622,0.9526,7.7582,4.4725,2.3495,15.5327,0.888485
16623,0.9299,7.803,4.4808,2.3263,15.54,0.880133
16624,0.9633,7.7688,4.4628,2.3006,15.4954,0.890096
16625,0.9837,7.8441,4.4387,2.3134,15.5799,0.806812
16626,0.985,7.7695,4.4445,2.3096,15.5086,0.757894
16627,0.916,7.9014,4.4867,2.3102,15.6142,0.743915
16628,0.9595,7.8138,4.4317,2.345,15.55,0.828122
16629,0.922,7.8485,4.3851,2.3303,15.4859,0.824418
16630,0.9349,7.7715,4.3917,2.3351,15.4332,0.740097
16631,0.911,7.853,4.4074,2.3447,15.5161,0.854232
16632,0.9375,7.724,4.4237,2.3598,15.4449,0.777626
16633,0.9365,7.9158,4.4163,2.3019,15.5705,0.753018
16634,0.9453,7.8268,4.4453,2.3237,15.5411,0.653431
16635,0.9529,7.847,4.3952,2.2824,15.4775,0.716104
16636,0.9355,7.8834,4.4742,2.3168,15.6099,0.521501
16637,0.9223,7.879,4.4906,2.3134,15.6053,0.554447
16638,0.9283,8.1151,4.425,2.3411,15.8094,0.450032
16639,0.9142,7.9085,4.425,2.3349,15.5826,0.395888
16640,0.9434,7.8221,4.3745,2.3359,15.476,0.391056
16641,0.9275,7.8407,4.3951,2.3494,15.5127,0.436817
16642,0.937,7.8292,4.3826,2.3469,15.4957,0.449316
16643,0.9253,7.8412,4.4385,2.3247,15.5297,0.500911
16644,0.929,7.8307,4.4006,2.3141,15.4744,0.445624
16645,0.9514,7.8353,4.4766,2.3094,15.5726,0.37713
16646,0.9645,7.8442,4.435,2.3259,15.5696,0.345756
16647,0.9546,7.8052,4.3612,2.3318,15.4527,0.426244
16648,0.9338,7.7492,4.473,2.3369,15.4929,0.504182
16649,0.9021,7.8857,4.4198,2.3332,15.5409,0.596396
16650,0.9322,7.8244,4.4553,2.342,15.5539,0.392498
16651,0.9751,7.8642,4.3887,2.3471,15.5751,0.425148
16652,0.9436,7.811,4.4614,2.3577,15.5738,0.316647
16653,0.8885,7.8336,4.4307,2.3013,15.4541,0.263284
16654,0.9434,7.7971,4.4107,2.3217,15.4728,0.262563
16655,0.9862,7.7879,4.3938,2.3132,15.4811,0.278972
16656,0.9376,7.7845,4.4576,2.321,15.5007,0.261272
16657,0.913,7.9344,4.4939,2.3257,15.667,0.2237
16658,0.9244,7.8785,4.4869,2.3404,15.6301,0.228542
16659,0.9518,7.8439,4.3824,2.3331,15.5111,0.260219
16660,0.9483,7.8224,4.4399,2.3486,15.5593,0.165521
16661,0.9343,7.8579,4.5032,2.2832,15.5786,0.136995
16662,0.926,7.9368,4.3981,2.3469,15.6077,0.15842
16663,0.9558,7.8161,4.449,2.301,15.5219,0.14492
16664,0.9691,7.7138,4.407,2.3117,15.4015,0.126439
16665,0.9478,8.1547,4.5298,2.2937,15.926,0.130864
16666,0.971,7.888,4.5137,2.3268,15.6994,0.16695
16667,1.008,7.7389,4.4841,2.4581,15.6891,0.191772
16668,1.0138,8.3008,4.4784,2.3171,16.1101,0.191194
16669,0.8837,7.9322,4.5282,2.3054,15.6495,0.554933
16670,0.9451,7.8453,4.4177,2.3326,15.5408,0.590698
16671,0.9528,7.8228,4.4698,2.3517,15.5971,0.477917
16672,0.95,7.8403,4.4846,2.3545,15.6294,0.43336
16673,0.9113,7.8312,4.4212,2.3411,15.5047,0.351124
16674,0.9324,7.7577,4.3884,2.352,15.4304,0.336094
16675,0.96,7.8277,4.3989,2.3441,15.5307,0.413637
16676,0.9309,7.7922,4.4186,2.3262,15.4679,0.416988
16677,0.9434,7.8217,4.4976,2.3129,15.5756,0.305005
16678,0.9909,7.8788,4.46,2.3027,15.6324,0.323316
16679,0.9966,7.7485,4.472,2.296,15.5131,0.273458
16680,0.9589,7.84,4.4615,2.329,15.5893,0.283898
16681,0.8928,7.8585,4.4681,2.3347,15.5541,0.453076
16682,0.9233,7.8151,4.3794,2.3517,15.4695,0.458303
16683,0.9484,7.8125,4.3964,2.3483,15.5055,0.388983
16684,0.9068,7.7956,4.4862,2.3503,15.5388,0.348889
16685,0.9152,7.9976,4.398,2.3457,15.6565,0.352588
16686,0.927,7.8579,4.4124,2.3064,15.5038,0.257092
16687,0.9344,7.8408,4.4242,2.3047,15.504,0.437492
16688,0.9736,7.8127,4.4726,2.321,15.5798,0.405871
16689,0.8771,7.8785,4.5169,2.3293,15.6018,0.870006
16690,0.91,7.8985,4.4996,2.3072,15.6153,0.817569
16691,0.8979,8.125,4.372,2.3266,15.7215,0.998148
16692,0.9195,7.8145,4.4205,2.3393,15.4938,0.999998
16693,0.897,7.8107,4.4509,2.3203,15.4789,0.999997
16694,0.9162,7.8237,4.3689,2.3448,15.4534,0.999999
16695,0.9551,7.911,4.4465,2.3406,15.6532,0.999999
16696,0.9469,7.7491,4.433,2.3143,15.4433,0.999975
16697,0.8923,7.8438,4.4014,2.3113,15.4488,0.999839
16698,0.9798,7.9041,4.4708,2.3082,15.663,0.999619
16699,0.9803,7.8144,4.3979,2.3141,15.5066,0.994511
16700,0.9305,7.7863,4.4841,2.3166,15.5174,0.941269
16701,0.9165,7.8084,4.4627,2.3358,15.5234,0.771269
16702,0.9339,7.9312,4.386,2.3357,15.5867,0.51297
16703,0.9602,7.7698,4.4638,2.3518,15.5455,0.488165
16704,0.9327,7.7924,4.4327,2.3463,15.5042,0.490841
16705,0.9222,7.8355,4.4621,2.324,15.5438,0.487196
16706,0.95,7.8025,4.5421,2.3119,15.6066,0.428879
16707,0.9423,7.8659,4.3718,2.307,15.4869,0.477785
16708,0.9987,7.7505,4.4645,2.3227,15.5364,0.431344
16709,0.9402,7.895,4.5007,2.329,15.6649,0.408937
16710,0.959,7.8187,4.4115,2.317,15.5061,0.43778
16711,0.9364,7.7973,4.4181,2.3258,15.4776,0.478126
16712,0.9568,7.7645,4.3978,2.3557,15.4748,0.52121
16713,0.9288,7.9414,4.3973,2.3263,15.5939,0.614918
16714,0.9523,7.8091,4.3945,2.3477,15.5037,0.519753
16715,0.953,7.7664,4.3851,2.3348,15.4393,0.466597
16716,0.9586,7.7623,4.4774,2.2965,15.4948,0.48274
16717,0.9407,7.9032,4.4763,2.3147,15.6349,0.631144
16718,1.004,8.2136,4.4406,2.3102,15.9684,0.475746
16719,0.9877,7.8116,4.3982,2.309,15.5064,0.366133
16720,0.9964,7.8589,4.4816,2.3223,15.6592,0.346273
16721,0.8978,7.8881,4.4227,2.3234,15.532,0.309756
16722,0.9528,7.808,4.4195,2.3412,15.5215,0.279031
16723,0.9562,7.9353,4.4455,2.3353,15.6723,0.298026
16724,0.9687,7.7802,4.416,2.3374,15.5023,0.287491
16725,0.9167,7.8492,4.6938,2.3133,15.773,0.285
16726,0.9602,7.7944,4.4836,2.3434,15.5816,0.132198
16727,0.9652,7.8138,4.3853,2.3477,15.5119,0.120257
16728,0.932,7.8046,4.4667,2.2985,15.5018,0.126554
16729,0.9433,7.8973,4.4643,2.3125,15.6174,0.074476
16730,0.9973,7.7978,4.3765,2.3114,15.483,0.118707
16731,0.9666,7.7758,4.4322,2.2981,15.4727,0.101461
16732,0.9612,7.9212,4.4262,2.3218,15.6304,0.074677
16733,0.8938,7.8866,4.4595,2.3381,15.5779,0.085371
16734,0.95,7.8091,4.4948,2.3285,15.5825,0.108476
16735,0.9582,7.7782,4.3695,2.3318,15.4377,0.11602
16736,0.9607,7.7847,4.4658,2.3505,15.5618,0.12841
16737,0.92,7.981,4.4462,2.3474,15.6946,0.1507
16738,0.9594,7.769,4.3911,2.3037,15.4232,0.173485
16739,0.9857,7.8947,4.3932,2.3174,15.591,0.20134
16740,0.9614,7.7454,4.4142,2.3092,15.4302,0.180544
16741,0.9091,7.8374,4.442,2.3154,15.5039,0.150005
16742,0.9557,7.8083,4.3879,2.3319,15.4837,0.158798
16743,0.9628,7.7839,4.3589,2.328,15.4336,0.118829
16744,0.962,8.1086,4.4569,2.3538,15.8814,0.110736
16745,0.9112,7.9463,4.4392,2.3167,15.6134,0.08295
16746,0.9192,7.8606,4.4583,2.355,15.5931,0.091114
16747,0.9605,7.7959,4.4702,2.333,15.5596,0.104935
16748,0.9612,7.7855,4.4689,2.3049,15.5206,0.072435
16749,0.8882,7.8468,4.4921,2.3027,15.5297,0.091253
16750,1.0071,7.8519,4.4923,2.2986,15.6498,0.114763
16751,1.0029,7.8104,4.4088,2.2921,15.5142,0.147417
16752,0.9663,7.8116,4.473,2.3169,15.5677,0.07736
16753,0.891,7.827,4.4907,2.3352,15.5438,0.062153
16754,0.949,7.909,4.4266,2.3403,15.6248,0.074872
16755,0.963,7.7431,4.3777,2.3517,15.4356,0.098371
16756,0.959,7.7618,4.4384,2.3417,15.5009,0.197197
16757,0.906,7.7851,4.4773,2.3615,15.5298,0.097452
16758,0.918,7.8292,4.4528,2.3307,15.5307,0.087638
16759,0.9521,7.9239,4.3979,2.2864,15.5603,0.072882
16760,0.9805,7.8188,4.4342,2.301,15.5345,0.086605
16761,0.9295,7.7907,4.5168,2.3014,15.5384,0.066522
16762,0.9479,7.8992,4.4006,2.3181,15.5658,0.155396
16763,0.9599,7.8071,4.4538,2.3288,15.5496,0.099725
16764,0.9647,7.762,4.4641,2.3398,15.5306,0.134777
16765,0.9111,7.897,4.4698,2.3233,15.6011,0.116482
16766,0.9385,7.8081,4.4109,2.333,15.4906,0.108977
16767,0.9555,7.8333,4.4003,2.3261,15.5153,0.108538
16768,0.9297,7.8047,4.4838,2.3197,15.538,0.101243
16769,0.9493,7.8606,4.4161,2.3162,15.5423,0.088659
16770,0.9516,7.848,4.4048,2.3075,15.5119,0.063309
16771,1.0034,8.3265,4.427,2.3076,16.0645,0.063189
16772,0.9835,7.822,4.4747,2.3243,15.6045,0.072315
16773,0.9179,7.9227,4.4227,2.3216,15.585,0.0787
16774,0.9288,7.824,4.4297,2.3652,15.5478,0.142873
16775,0.9435,7.8246,4.4139,2.3296,15.5116,0.089768
16776,0.9472,7.8826,4.4241,2.3275,15.5814,0.125511
16777,0.9312,7.8279,4.5069,2.3472,15.6131,0.150216
16778,0.9457,7.7994,4.4203,2.3498,15.5152,0.098233
16779,0.952,7.8635,4.3713,2.355,15.5418,0.081454
16780,0.9795,7.813,4.4837,2.317,15.5931,0.080628
16781,0.9221,8.3377,4.4765,2.3173,16.0535,0.054465
16782,0.9751,7.807,4.4142,2.3046,15.501,0.061567
16783,0.987,7.8774,4.409,2.3111,15.5846,0.062111
16784,0.9766,7.7748,4.428,2.3068,15.4863,0.062285
16785,0.916,7.8775,4.4219,2.3377,15.5531,0.06632
16786,0.9444,7.8457,4.6425,2.3193,15.7519,0.115886
16787,0.9441,7.8403,4.3997,2.3163,15.5004,0.383956
16788,0.9693,7.7436,4.4252,2.3588,15.4969,0.418665
16789,0.9284,7.8383,4.464,2.304,15.5347,0.420554
16790,0.9487,7.8157,4.4385,2.3406,15.5436,0.411058
16791,0.9581,7.8305,4.4604,2.2981,15.5471,0.326903
16792,0.9526,7.7845,4.4805,2.3212,15.5387,0.109803
16793,0.9164,7.8744,4.4853,2.2921,15.5682,0.105335
16794,0.9979,7.8247,4.4573,2.3195,15.5994,0.387204
16795,0.9688,7.8733,4.5142,2.3108,15.6671,0.391236
16796,0.9532,8.3038,4.504,2.279,16.0399,0.324165
16797,0.913,8.3033,4.438,2.2969,15.9512,0.191664
16798,0.9691,7.8647,4.4183,2.3315,15.5835,0.229254
16799,0.9574,7.7939,4.3951,2.3277,15.4741,0.27138
16800,0.949,7.8028,4.3579,2.3672,15.4768,0.228625
16801,0.9092,7.8729,4.3855,2.347,15.5146,0.2947
16802,0.9457,7.7681,4.4244,2.3891,15.5273,0.249967
16803,0.9507,7.8128,4.398,2.3264,15.4878,0.198273
16804,0.9505,7.8926,4.4248,2.3124,15.5803,0.23108
16805,0.9271,7.8641,4.4149,2.3038,15.5099,0.165209
16806,0.9606,7.766,4.4028,2.3018,15.4312,0.106782
16807,0.9571,7.9314,4.5058,2.3219,15.7162,0.160126
16808,0.9596,7.7972,4.4186,2.3384,15.5139,0.160147
16809,0.9117,7.9171,4.4213,2.3329,15.583,0.123688
16810,0.9427,7.8823,4.4025,2.3394,15.5669,0.213315
16811,0.9593,7.8333,4.384,2.3492,15.5258,0.205958
16812,0.9499,7.7838,4.3868,2.3486,15.4691,0.126375
16813,0.9199,7.9715,4.3993,2.3427,15.6333,0.087564
16814,0.9307,7.8215,4.39,2.3122,15.4544,0.069165
16815,0.9904,7.8699,4.3829,2.307,15.5502,0.072712
16816,0.9614,7.7889,4.4721,2.3216,15.5441,0.062973
16817,0.9105,7.995,4.4059,2.2988,15.6101,0.048798
16818,0.9314,7.8743,4.4017,2.3588,15.5662,0.072089
16819,0.9604,7.8376,4.4194,2.3277,15.5451,0.055061
16820,0.9365,7.7138,4.3918,2.3535,15.3957,0.057477
16821,0.923,7.9243,4.4009,2.3497,15.5978,0.095333
16822,0.9383,7.8462,4.3955,2.3438,15.5238,0.187289
16823,0.9707,8.1603,4.4129,2.3477,15.8915,0.090085
16824,0.9258,7.7677,4.4994,2.3267,15.5195,0.123085
16825,0.9108,7.8638,4.4098,2.3023,15.4867,0.112307
16826,0.9594,7.8248,4.4398,2.3004,15.5244,0.151704
16827,1.0148,7.8115,4.4563,2.3,15.5827,0.148177
16828,0.9396,7.8137,4.4074,2.3239,15.4846,0.215957
16829,0.9153,7.9435,4.5312,2.339,15.7291,0.233367
16830,0.9464,7.8429,4.4608,2.3269,15.577,0.21347
16831,0.9559,7.9508,4.4573,2.3326,15.6966,0.121073
16832,0.9691,7.7657,4.4152,2.358,15.5081,0.235209
16833,0.9,7.9319,4.4603,2.3476,15.6398,0.183265
16834,0.9526,7.8133,4.4935,2.3652,15.6246,0.154854
16835,0.9666,7.8311,4.4591,2.3315,15.5884,0.178325
16836,0.9724,7.7938,4.491,2.3186,15.5759,0.191927
16837,0.945,7.8665,4.4033,2.3033,15.5182,0.182236
16838,1.0043,7.8177,4.4337,2.3154,15.5711,0.149025
16839,0.9614,7.8295,4.4977,2.3402,15.6287,0.132181
16840,0.9277,7.8445,4.458,2.3336,15.5638,0.134793
16841,0.9125,7.8907,4.485,2.3151,15.6033,0.13974
16842,0.9607,7.8639,4.4451,2.3418,15.6115,0.115157
16843,0.9629,7.8188,4.4473,2.3385,15.5675,0.125489
16844,0.9512,7.8749,4.4444,2.3601,15.6306,0.129272
16845,0.9028,7.9051,4.5259,2.3756,15.7094,0.068496
16846,0.9216,7.8828,4.4585,2.3585,15.6214,0.078583
16847,0.9593,7.7991,4.3987,2.2967,15.4538,0.055391
16848,0.9596,7.7776,4.3922,2.2996,15.4291,0.086959
16849,0.9398,7.8093,4.473,2.303,15.5251,0.066208
16850,0.9357,8.1618,4.4796,2.318,15.8951,0.118812
16851,0.9537,7.8647,4.4366,2.315,15.5699,0.137553
16852,0.9174,7.8084,4.4213,2.3345,15.4816,0.137984
16853,0.9208,7.8538,4.4338,2.3059,15.5144,0.124754
16854,0.9274,7.8258,4.3887,2.3403,15.4822,0.117198
16855,0.9701,7.8377,4.4305,2.3485,15.5868,0.063339
16856,0.9384,7.7952,4.4521,2.3589,15.5447,0.090968
16857,0.9052,7.8297,4.4232,2.3871,15.5452,0.083249
16858,1.0896,7.7681,4.4347,2.3121,15.6044,0.120211
16859,0.985,7.8959,4.4502,2.315,15.6463,0.106689
16860,0.979,7.7892,4.462,2.3195,15.5497,0.160589
16861,0.9081,7.8652,4.4892,2.3048,15.5673,0.164235
16862,0.9383,7.8464,4.3451,2.3505,15.4803,0.999961
16863,0.948,7.744,4.3127,2.3365,15.3412,0.999995
16864,0.9452,7.7738,4.36,2.3568,15.4358,0.999996
16865,0.9161,7.8162,4.4546,2.346,15.5329,0.999998
16866,0.9241,7.7917,4.4216,2.3441,15.4815,0.999983
16867,0.934,7.8576,4.4356,2.3084,15.5356,0.999915
16868,0.9593,7.853,4.4515,2.4226,15.6864,0.999149
16869,0.9551,7.8787,4.5455,2.3023,15.6816,0.998609
16870,0.9899,7.8339,4.489,2.324,15.6368,0.991895
16871,0.9325,7.8883,4.4207,2.2994,15.5409,0.953413
16872,0.9366,7.7895,4.3888,2.3372,15.4521,0.934552
16873,0.9174,8.292,4.4177,2.3361,15.9632,0.921621
16874,0.9612,7.8324,4.5064,2.3336,15.6336,0.886866
16875,0.9437,7.8315,4.4068,2.3372,15.5191,0.81811
16876,0.9472,8.1131,4.4269,2.3507,15.8379,0.822198
16877,0.9032,7.8577,4.5666,2.3408,15.6684,0.857812
16878,0.9576,7.8697,4.4886,2.3366,15.6526,0.847288
16879,0.9635,7.8208,4.4656,2.3478,15.5977,0.802451
16880,0.961,7.8996,4.4495,2.3065,15.6166,0.818189
16881,0.9149,7.8602,4.4891,2.2997,15.5639,0.775192
16882,1.0004,7.8059,4.4977,2.3402,15.6441,0.757201
16883,1.0202,7.8157,4.3537,2.2942,15.4837,0.688956
16884,0.9628,7.9213,4.3963,2.3183,15.5987,0.7453
16885,0.9359,7.8981,4.409,2.319,15.5621,0.704967
16886,0.9492,7.8535,4.3881,2.3411,15.532,0.705213
16887,0.96,7.9064,4.4857,2.3402,15.6924,0.668432
16888,0.9613,7.7681,4.4218,2.3303,15.4816,0.682358
16889,0.9135,7.8965,4.4357,2.345,15.5907,0.66639
16890,0.9507,7.8055,4.4247,2.3258,15.5068,0.666707
16891,0.9626,7.8397,4.3862,2.3096,15.498,0.440445
16892,1.0125,7.7193,4.4662,2.305,15.503,0.599846
16893,0.9294,7.8793,4.4262,2.3109,15.5458,0.430497
16894,0.9409,7.8496,4.4424,2.3117,15.5446,0.469658
16895,0.9667,7.9006,4.385,2.3245,15.5769,0.402995
16896,0.9603,7.769,4.3989,2.3313,15.4595,0.314731
16897,0.9311,7.7538,4.3914,2.3379,15.4142,0.318225
16898,0.9166,7.8088,4.4363,2.35,15.5116,0.410655
16899,0.8985,7.8202,4.412,2.3299,15.4607,0.349752
16900,0.9348,7.8383,4.4134,2.3203,15.5069,0.347498
16901,0.9619,7.8702,4.4853,2.3078,15.6253,0.365648
16902,0.9754,7.7816,4.4482,2.3184,15.5236,0.345367
16903,0.909,8.261,4.4569,2.3102,15.9371,0.114797
16904,0.9489,7.8758,4.4392,2.3033,15.5672,0.189811
16905,0.9445,7.8851,4.4352,2.3309,15.5957,0.158578
16906,0.9685,7.7553,4.3911,2.3373,15.4522,0.209443
16907,0.9123,7.8904,4.4315,2.3299,15.5641,0.184476
16908,0.9553,7.8116,4.3877,2.3416,15.4962,0.244272
16909,0.9525,7.8388,4.3935,2.3496,15.5344,0.389664
16910,0.9445,7.8738,4.4761,2.3251,15.6194,0.391521
16911,0.8927,7.8761,4.4624,2.299,15.5302,0.380331
16912,0.9535,7.8781,4.4599,2.3211,15.6127,0.402846
16913,0.984,7.89,4.5241,2.3048,15.7028,0.317744
16914,0.9857,7.711,4.4163,2.3183,15.4313,0.28294
16915,0.9014,7.8707,4.4113,2.3424,15.5257,0.270289
16916,0.9395,7.8205,4.387,2.3272,15.4742,0.256564
16917,0.9461,7.8776,4.5579,2.3213,15.7029,0.244059
16918,0.9592,7.8276,4.4194,2.3514,15.5575,0.267541
16919,0.9038,7.9003,4.4196,2.3499,15.5736,0.22264
16920,0.9597,7.813,4.5016,2.3602,15.6346,0.232744
16921,0.9565,7.8611,4.3948,2.3107,15.5232,0.260413
16922,0.9433,7.8117,4.4655,2.3226,15.5431,0.273998
16923,0.9465,7.9261,4.4019,2.2942,15.5688,0.185154
16924,1.0052,7.8679,4.495,2.4874,15.8555,0.139358
16925,1.1879,7.8322,4.5052,2.3097,15.835,0.218138
16926,1.0002,7.7854,4.4194,2.3226,15.5276,0.146198
16927,0.9277,7.8498,4.4013,2.3376,15.5164,0.089773
16928,0.9486,7.8445,4.3791,2.3307,15.503,0.09372
16929,0.9246,8.1743,4.5087,2.366,15.9736,0.139695
16930,0.9527,7.7965,4.4367,2.3237,15.5097,0.101407
16931,0.912,7.9243,4.397,2.3461,15.5795,0.084949
16932,0.9577,7.8198,4.4111,2.3368,15.5254,0.124924
16933,0.931,7.7889,4.4777,2.3602,15.5578,0.141302
16934,0.9661,7.7346,4.4173,2.3017,15.4197,0.14142
16935,0.9343,7.9087,4.3974,2.3111,15.5515,0.143712
16936,0.9825,7.8695,4.3856,2.2994,15.5369,0.151817
16937,0.9289,7.8754,4.4848,2.3125,15.6016,0.225162
16938,0.9681,7.7803,4.4624,2.3362,15.547,0.194126
16939,0.9139,7.9416,4.4631,2.3253,15.644,0.133685
16940,0.9747,7.8194,4.409,2.3318,15.5349,0.211467
16941,0.9644,7.7831,4.3962,2.3246,15.4683,0.195667
16942,0.9674,7.7797,4.4278,2.3583,15.5331,0.187597
16943,0.9212,7.8471,4.4261,2.3443,15.5388,0.121818
16944,0.952,7.9367,4.3985,2.3236,15.6107,0.165784
16945,0.9794,7.9001,4.4026,2.3073,15.5894,0.182069
16946,0.9806,7.7789,4.4694,2.3119,15.5408,0.144312
16947,0.9253,7.8744,4.4036,2.3015,15.5048,0.245953
16948,0.9899,7.8253,4.4602,2.3542,15.6296,0.154891
16949,0.9292,7.8056,4.5646,2.3454,15.6448,0.062309
16950,0.9596,7.7383,4.4871,2.3398,15.5247,0.061142
16951,0.913,7.8733,4.4512,2.326,15.5634,0.039136
16952,0.9532,7.832,4.4705,2.3528,15.6085,0.052878
16953,0.9404,7.8529,4.4513,2.3327,15.5774,0.057554
16954,0.9608,7.747,4.4704,2.3094,15.4877,0.052179
16955,0.9054,7.8814,4.4609,2.3066,15.5543,0.036189
16956,0.9943,8.1211,4.4903,2.3264,15.9321,0.051181
16957,0.9689,7.9023,4.5432,2.3085,15.7229,0.044369
16958,0.9964,7.823,4.4747,2.3068,15.601,0.064991
16959,0.9127,7.879,4.4306,2.2959,15.5181,0.070294
16960,0.9533,7.8866,4.401,2.3216,15.5626,0.068531
16961,0.9316,7.7563,4.3623,2.3442,15.3944,0.0805
16962,0.9696,7.8083,4.4286,2.3412,15.5476,0.075451
16963,0.9102,7.8491,4.428,2.3333,15.5207,0.083623
16964,0.9553,7.8401,4.404,2.3503,15.5497,0.078217
16965,0.927,7.8591,4.5279,2.3612,15.6752,0.081635
16966,0.9634,7.75,4.4985,2.3034,15.5152,0.051102
16967,0.939,7.8399,4.4577,2.3019,15.5386,0.056627
16968,0.9974,7.7075,4.4666,2.3116,15.4831,0.095508
16969,0.925,7.8383,4.5072,2.3316,15.6022,0.090118
16970,0.9531,7.8474,4.4193,2.3378,15.5576,0.098373
16971,0.9272,7.9326,4.4612,2.3147,15.6356,0.087054
16972,0.9335,7.8777,4.4883,2.3627,15.6621,0.085694
16973,0.9195,7.9425,4.4288,2.3404,15.6312,0.077679
16974,0.9307,7.8026,4.4835,2.3886,15.6053,0.371327
16975,0.9115,7.8174,4.4975,2.346,15.5724,0.392075
16976,0.9271,7.7774,4.5561,2.3595,15.6202,0.352121
16977,0.9583,7.8833,4.434,2.307,15.5826,0.29338
16978,0.9702,7.7238,4.4875,2.3115,15.4929,0.314733
16979,0.9453,7.8128,4.4472,2.3024,15.5077,0.190264
16980,0.9618,7.8507,4.4591,2.3207,15.5923,0.180891
16981,0.9372,7.8967,4.4956,2.2853,15.6148,0.183612
16982,0.9538,8.1992,4.5436,2.3185,16.0151,0.12469
16983,0.8951,7.9413,4.4325,2.3451,15.6139,0.159611
16984,0.9695,7.948,4.4409,2.3369,15.6954,0.117319
16985,0.9365,7.834,4.4807,2.3439,15.595,0.131687
16986,0.9606,7.7928,4.4817,2.349,15.5841,0.168831
16987,0.9277,7.9335,4.4824,2.3325,15.6761,0.102685
16988,0.9461,7.7859,4.4115,2.3477,15.4912,0.119323
16989,0.9555,7.8597,4.5235,2.3488,15.6874,0.124707
16990,0.973,7.7126,4.4415,2.3264,15.4535,0.092464
16991,0.9519,7.9242,4.4669,2.3285,15.6714,0.11788
16992,1.0021,7.838,4.4504,2.3096,15.6,0.180095
16993,0.9301,7.8835,4.4818,2.316,15.6114,0.148834
16994,0.9557,7.7991,4.4789,2.3249,15.5586,0.148478
16995,0.924,7.8187,4.4277,2.3183,15.4887,0.193743
16996,0.9627,7.9656,4.4641,2.3378,15.7301,0.163147
16997,0.9698,7.8565,4.4156,2.3295,15.5713,0.17
16998,0.9707,7.8099,4.4273,2.3509,15.5588,0.184919
16999,0.9201,7.8539,4.4888,2.3369,15.5997,0.165853
17000,0.9503,7.8285,4.4545,2.3434,15.5766,0.19321
17001,0.9839,7.8287,4.5327,2.3087,15.654,0.19701
17002,0.9893,7.8083,4.5202,2.3154,15.6331,0.191241
17003,0.9663,7.9075,4.4554,2.2992,15.6283,0.2183
17004,0.9725,7.7544,4.509,2.3173,15.5531,0.26132
17005,0.9512,7.8529,4.4509,2.3083,15.5634,0.990891
17006,0.9397,7.878,4.4284,2.3293,15.5754,0.999999
17007,0.8942,7.8629,4.4477,2.3216,15.5263,0.999999
17008,0.9428,7.9521,4.3905,2.3387,15.6241,0.999999
17009,0.9599,8.1188,4.4191,2.3325,15.8303,0.999997
17010,0.9382,7.8189,4.4222,2.3594,15.5386,0.999847
17011,0.9224,7.8325,4.4336,2.3438,15.5323,0.999817
17012,0.9688,7.8115,4.4215,2.3097,15.5116,0.99703
17013,0.9547,7.8524,4.4279,2.3112,15.5462,0.96393
17014,0.983,7.7829,4.4092,2.3203,15.4954,0.912006
17015,0.9432,7.8342,4.4613,2.2993,15.538,0.688715
17016,0.9653,7.831,4.5237,2.3047,15.6247,0.758296
17017,0.975,7.9159,4.3633,2.3172,15.5714,0.608242
17018,0.9485,7.7338,4.3658,2.3285,15.3765,0.518057
17019,0.9081,7.9208,4.4679,2.3251,15.6219,0.612651
17020,0.943,7.8056,4.3949,2.3493,15.4926,0.376647
17021,0.9344,7.8359,4.4864,2.3639,15.6207,0.208504
17022,0.965,7.8895,4.4014,2.3018,15.5577,0.24658
17023,0.936,7.9108,4.4465,2.3046,15.5979,0.207068
17024,0.9967,7.7583,4.4674,2.3146,15.5371,0.184083
17025,0.9824,7.8585,4.3634,2.3058,15.5101,0.244742
17026,0.9367,7.8916,4.4415,2.3102,15.58,0.438662
17027,0.9204,7.9165,4.4093,2.3346,15.5809,0.13733
17028,0.9578,7.9381,4.4315,2.3408,15.6682,0.10998
17029,0.9614,7.8288,4.4379,2.3357,15.5637,0.121608
17030,0.9557,7.8718,4.4494,2.3474,15.6243,0.087109
17031,0.9154,7.8542,4.4476,2.3475,15.5646,0.092086
17032,0.9666,7.9358,4.4514,2.337,15.6908,0.086899
17033,0.9547,7.7588,4.5169,2.2945,15.5249,0.094655
17034,0.9533,7.8775,4.4671,2.3084,15.6062,0.107365
17035,0.9231,8.165,4.5348,2.313,15.9359,0.109095
17036,1.0027,7.7742,4.4984,2.3066,15.5819,0.118969
17037,0.9961,7.8528,4.4442,2.3076,15.6007,0.107616
17038,0.9339,7.8293,4.4958,2.3158,15.5747,0.139307
17039,0.8927,7.886,4.4276,2.3182,15.5245,0.101389
17040,0.9606,7.803,4.4805,2.3481,15.5923,0.099774
17041,0.9536,7.8944,4.5392,2.3235,15.7107,0.098417
17042,0.931,7.812,4.4575,2.3446,15.5451,0.133745
17043,0.8946,7.8326,4.5111,2.3273,15.5657,0.079641
17044,0.9643,7.8801,4.5067,2.337,15.6881,0.11644
17045,0.9427,7.9095,4.5046,2.3279,15.6846,0.121606
17046,0.9622,7.8298,4.48,2.3031,15.5751,0.141101
17047,0.9267,7.9633,4.5135,2.302,15.7055,0.138626
17048,0.9887,7.8277,4.5967,2.3085,15.7215,0.121283
17049,0.9899,7.8865,4.4544,2.2968,15.6276,0.173336
17050,0.9575,7.7748,4.527,2.3159,15.5752,0.165214
17051,0.8909,7.7886,4.5522,2.3014,15.5332,0.110921
17052,0.9617,7.8766,4.4752,2.6332,15.9468,0.180509
17053,1.0052,8.1678,4.4824,2.3013,15.9567,0.196476
17054,0.9358,7.8631,4.4921,2.3136,15.6046,0.236866
17055,0.9071,8.0415,4.4278,2.3431,15.7195,0.20037
17056,0.9633,7.8945,4.4709,2.3355,15.6642,0.201184
17057,0.9507,7.9105,4.4663,2.3165,15.6441,0.158973
17058,0.9459,7.8306,4.4657,2.3518,15.5941,0.183834
17059,0.9071,7.91,4.4329,2.3383,15.5882,0.203777
17060,0.9674,7.8833,4.409,2.3418,15.6015,0.260464
17061,0.9379,7.8489,4.4788,2.306,15.5715,0.253085
17062,0.9856,8.1754,4.4156,2.3153,15.8918,0.207828
17063,0.9412,7.8428,4.4303,2.3035,15.5179,0.217141
17064,0.9807,7.83,4.4584,2.3049,15.574,0.250857
17065,0.9382,7.9162,4.4277,2.3185,15.6006,0.20885
17066,0.9384,7.8705,4.4317,2.3467,15.5872,0.180645
17067,0.8943,7.8385,4.4637,2.3233,15.5199,0.142985
17068,0.9568,7.8312,4.4416,2.36,15.5896,0.178262
17069,0.9549,7.8732,4.389,2.343,15.5601,0.208401
17070,0.9253,7.8021,4.3838,2.3519,15.4631,0.247549
17071,0.8951,7.8374,4.4073,2.3421,15.4819,0.304538
17072,0.9762,7.8096,4.4263,2.3121,15.5241,0.299385
17073,0.9907,7.812,4.503,2.3096,15.6154,0.349039
17074,0.9963,7.6892,4.3825,2.3026,15.3707,0.335985
17075,0.9075,7.9,4.4352,2.3197,15.5624,0.324296
17076,0.9249,7.8451,4.3938,2.3446,15.5084,0.555371
17077,0.941,7.7748,4.446,2.3142,15.476,0.311017
17078,0.9629,7.8158,4.434,2.3417,15.5544,0.396681
17079,0.9084,7.8438,4.4261,2.3405,15.5189,0.383651
17080,0.9378,7.7632,4.4419,2.3448,15.4878,0.403506
17081,0.9413,7.8169,4.5187,2.2941,15.5711,0.213955
17082,0.9654,7.8171,4.4459,2.311,15.5394,0.223688
17083,0.9312,7.8785,4.4527,2.3013,15.5636,0.26431
17084,0.9925,7.8231,4.4862,2.3045,15.6062,0.207693
17085,0.9625,7.8368,4.4692,2.3071,15.5756,0.206882
17086,0.9257,7.727,4.4314,2.3377,15.4217,0.17702
17087,0.891,7.8491,4.4221,2.3182,15.4803,0.145265
17088,0.9642,8.4078,4.4449,2.3306,16.1475,0.144897
17089,0.959,7.7693,4.4591,2.3161,15.5034,0.250292
17090,0.9382,7.7861,4.4717,2.3493,15.5454,0.221831
17091,0.8952,7.9082,4.4272,2.3267,15.5572,0.129512
17092,0.9624,7.9703,4.4166,2.3329,15.6822,0.200989
17093,0.9559,7.8026,4.4432,2.3078,15.5095,0.162459
17094,0.9663,7.7743,4.4516,2.3001,15.4923,0.175831
17095,0.9216,7.7807,4.4679,2.3172,15.4874,0.152634
17096,0.9592,7.8799,4.4683,2.3101,15.6175,0.15133
17097,0.9569,7.8596,4.4174,2.3222,15.5562,0.189262
17098,0.9196,7.7844,4.3782,2.3259,15.4081,0.299939
17099,0.9106,7.8858,4.4194,2.3357,15.5515,0.22403
17100,0.9447,7.8032,4.4091,2.3712,15.5282,0.456844
17101,0.9642,7.7624,4.4609,2.3389,15.5263,0.421211
17102,0.9405,7.6929,4.4862,2.3152,15.4347,0.424386
17103,0.9105,7.8621,4.4494,2.3016,15.5235,0.355398
17104,0.9807,7.8994,4.5098,2.3293,15.7193,0.210327
17105,0.9634,7.7687,4.552,2.2986,15.5826,0.286224
17106,0.955,7.7852,4.4506,2.3171,15.5079,0.204354
17107,0.917,7.9044,4.4511,2.3343,15.6069,0.585188
17108,0.9359,7.8085,4.4392,2.3411,15.5247,0.469699
17109,0.9424,7.9504,4.4495,2.3387,15.6811,0.999985
17110,0.9621,7.8667,4.4148,2.3427,15.5864,0.999998
17111,0.9187,7.861,4.413,2.3408,15.5335,0.999999
17112,0.9349,7.7504,4.4472,2.3577,15.4903,0.999997
17113,0.9376,7.8886,4.4252,2.3061,15.5574,0.999997
17114,0.9853,7.7748,4.3763,2.3169,15.4534,0.999932
17115,0.9518,8.2093,4.4529,2.3188,15.9328,0.999799
17116,0.9649,7.848,4.4596,2.3263,15.5988,0.996153
17117,0.9364,7.8225,4.4767,2.3099,15.5455,0.951306
17118,0.9656,7.7998,4.448,2.3332,15.5465,0.837918
17119,0.917,7.9073,4.4127,2.3338,15.5708,0.890172
17120,0.9454,7.733,4.5127,2.3428,15.5338,0.720504
17121,0.9388,7.8331,4.4269,2.3462,15.5451,0.6984
17122,0.9552,7.7967,4.4735,2.351,15.5765,0.61413
17123,0.9329,7.9292,4.4277,2.3455,15.6352,0.540041
17124,0.9416,7.7864,4.5174,2.3381,15.5834,0.4982
17125,0.9537,7.7733,4.4588,2.3049,15.4907,0.461206
17126,0.9979,7.8158,4.4354,2.3219,15.571,0.47341
17127,0.9257,7.8637,4.4624,2.3065,15.5584,0.350751
17128,0.9488,7.808,4.4673,2.3274,15.5516,0.385007
17129,0.9425,7.8391,4.4169,2.3176,15.516,0.435078
17130,0.9557,7.8028,4.4769,2.3357,15.5711,0.459608
17131,0.8931,7.85,4.4439,2.3406,15.5275,0.691131
17132,0.9642,7.812,4.448,2.3491,15.5734,0.631735
17133,0.9536,7.8456,4.4476,2.3402,15.5869,0.658513
17134,0.9537,7.8288,4.4772,2.3096,15.5693,0.694506
17135,0.947,7.8988,4.4531,2.3135,15.6123,0.436107
17136,0.9601,7.8276,4.484,2.3244,15.5961,0.696597
17137,0.9776,7.847,4.4255,2.3133,15.5633,0.742325
17138,0.9666,7.8839,4.4677,2.3191,15.6373,0.433777
17139,0.9185,7.9329,4.448,2.3198,15.6192,0.489297
17140,0.9402,7.7805,4.5006,2.3472,15.5684,0.542528
17141,0.9195,8.1286,4.4301,2.328,15.8062,0.489134
17142,0.9724,7.8671,4.4511,2.3522,15.6428,0.642619
17143,0.9234,7.8928,4.4402,2.3419,15.5983,0.551435
17144,0.9465,7.8106,4.4044,2.3293,15.4908,0.373927
17145,0.9288,7.835,4.4212,2.3314,15.5163,0.3183
17146,0.9627,7.7833,4.4686,2.3074,15.5219,0.317848
17147,0.9798,7.8571,4.4485,2.3126,15.598,0.249858
17148,0.9303,10.6258,4.4705,2.3348,18.3614,0.239351
17149,0.9117,7.8661,4.4572,2.3303,15.5653,0.218334
17150,0.9039,7.8158,4.4357,2.3368,15.4921,0.375474
17151,0.9408,7.8204,4.4051,2.3699,15.536,0.389499
17152,0.9601,7.7807,4.5055,2.3534,15.5997,0.392857
17153,0.9058,7.8555,4.4615,2.3056,15.5284,0.131956
17154,0.9784,7.8509,4.481,2.3115,15.6217,0.175785
17155,0.979,7.8322,4.459,2.3047,15.5749,0.824709
17156,0.9634,7.7606,4.504,2.3142,15.5423,0.353041
17157,0.9118,7.9078,4.4695,2.323,15.612,0.05851
17158,0.9555,7.8719,4.4298,2.3506,15.6079,0.042046
17159,0.9578,7.9623,4.4274,2.3311,15.6785,0.046
17160,0.9557,7.8403,4.4206,2.3439,15.5604,0.022916
17161,0.8982,7.9113,4.4662,2.3458,15.6215,0.020724
17162,0.9599,7.7873,4.4165,2.3752,15.5389,0.128939
17163,0.962,7.8487,4.4328,2.3498,15.5934,0.347374
17164,0.9689,7.7787,4.3984,2.3044,15.4503,0.329952
17165,0.9269,8.0211,4.5206,2.3223,15.7909,0.418271
17166,0.992,7.8449,4.4164,2.3256,15.5789,0.393333
17167,1.0,7.8418,4.4405,2.3165,15.5987,0.390542
17168,0.9508,8.1753,4.428,2.3111,15.8652,0.363774
17169,0.9132,7.8399,4.4851,2.3026,15.5407,0.340896
17170,0.9655,7.8688,4.4303,2.3178,15.5824,0.109362
17171,0.9696,7.7654,4.4305,2.3407,15.5062,0.07684
17172,0.9556,7.768,4.3986,2.3362,15.4585,0.060271
17173,0.8976,8.0916,4.4655,2.3317,15.7864,0.034294
17174,0.9575,7.8707,4.4821,2.3443,15.6546,0.06835
17175,0.9594,7.847,4.5299,2.347,15.6832,0.075254
17176,0.9391,7.7614,4.4656,2.3493,15.5154,0.3232
17177,0.9175,7.9517,4.4629,2.3314,15.6635,0.429817
17178,0.9857,7.8534,4.3961,2.3138,15.549,0.356029
17179,1.0005,7.9546,4.4637,2.3058,15.7246,0.392786
17180,0.9655,7.7038,4.5045,2.3193,15.4932,0.362143
17181,1.1867,8.4396,4.4717,2.3214,16.4194,0.427716
17182,1.0009,7.8793,4.428,2.3091,15.6172,0.453697
17183,0.956,7.9378,4.4588,2.3044,15.657,0.413393
17184,0.9287,7.8057,4.4071,2.3466,15.4881,0.491397
17185,0.9373,8.0225,4.5052,2.3278,15.7927,0.041007
17186,0.9533,7.8303,4.3889,2.349,15.5214,0.28382
17187,0.955,7.8517,4.4108,2.3272,15.5447,0.643173
17188,0.9321,7.7324,4.4117,2.3468,15.4229,0.99998
17189,0.883,7.8066,4.4664,2.3546,15.5105,1.0
17190,0.9563,7.836,4.3992,2.3109,15.5024,1.0
17191,0.982,7.8835,4.3853,2.3043,15.5551,0.999999
17192,0.9902,7.7661,4.4865,2.3241,15.5669,0.999994
17193,0.906,7.9006,4.4343,2.3022,15.5431,0.999989
17194,0.9493,8.3432,4.4985,2.3102,16.1013,0.999992
17195,0.9558,7.9019,4.4557,2.3062,15.6196,0.998062
17196,0.9393,7.8026,4.3758,2.3459,15.4636,0.975822
17197,0.9095,7.9378,4.4548,2.3277,15.6297,0.926771
17198,0.9651,7.9399,4.4996,2.3525,15.757,0.801405
17199,0.969,7.8571,4.5378,2.3343,15.6983,0.593941
17200,0.9622,7.7549,4.4384,2.3417,15.4973,0.57605
17201,0.9142,7.8565,4.5069,2.342,15.6195,0.577506
17202,0.9575,7.7908,4.4823,2.3389,15.5696,0.442095
17203,0.9608,7.7788,4.4717,2.3261,15.5374,0.060147
17204,0.9649,7.7478,4.4593,2.3134,15.4854,0.1515
17205,0.9244,7.9332,4.456,2.306,15.6195,0.142592
17206,0.9697,7.7681,4.4547,2.316,15.5086,0.151733
17207,0.9791,7.8963,4.4586,2.3214,15.6554,0.213887
17208,0.9447,7.7611,4.3867,2.3322,15.4247,0.258324
17209,0.8882,7.8335,4.4352,2.3161,15.4729,0.244459
17210,0.949,7.8083,4.4045,2.3382,15.5,0.485025
17211,0.9532,7.7787,4.4265,2.3468,15.5052,0.61813
17212,0.9611,7.7928,4.3721,2.3002,15.4262,0.624543
17213,0.9405,7.8407,4.4974,2.3185,15.5971,0.689145
17214,1.003,7.8111,4.4386,2.3173,15.57,0.590453
17215,1.0078,7.807,4.4268,2.3168,15.5585,0.653881
17216,0.9473,7.7746,4.4841,2.3362,15.5422,0.650399
17217,0.9094,7.9187,4.477,2.332,15.6371,0.677569
17218,0.9233,7.8705,4.4766,2.3366,15.607,0.712067
17219,0.9327,7.8397,4.4392,2.3318,15.5434,0.847381
17220,0.9713,7.7659,4.4121,2.3588,15.5081,0.79144
17221,0.9132,8.1794,4.4649,2.3543,15.9118,0.735936
17222,0.939,7.7946,4.4507,2.3455,15.5298,0.812796
17223,0.9404,7.818,4.4693,2.3013,15.5289,0.746111
17224,0.9887,7.8295,4.4348,2.3037,15.5567,0.750244
17225,0.9371,7.8801,4.4801,2.3177,15.6151,0.882352
17226,0.9597,7.8414,4.452,2.3161,15.5692,0.778961
17227,0.9394,7.8212,4.4756,2.3056,15.5417,0.735262
17228,0.9562,7.871,4.4148,2.3324,15.5744,0.677567
17229,0.9257,7.9305,4.4672,2.3368,15.6603,0.716765
17230,0.934,7.8018,4.4369,2.3233,15.4961,0.797294
17231,0.9346,7.923,4.4621,2.3506,15.6703,0.720961
17232,0.9621,7.7878,4.4015,2.3357,15.4872,0.678723
17233,0.9129,7.8702,4.4572,2.3314,15.5718,0.599594
17234,0.9226,7.8145,4.4232,2.303,15.4634,0.715885
17235,0.9576,7.8454,4.4641,2.3127,15.5798,0.496348
17236,0.9773,7.7966,4.4336,2.3108,15.5183,0.329865
17237,0.9212,7.8975,4.4594,2.3151,15.5932,0.415554
17238,0.9308,7.9146,4.5666,2.3144,15.7265,0.361903
17239,0.9733,7.8689,4.4731,2.3404,15.6558,0.287925
17240,0.9265,7.7873,4.4981,2.3442,15.5562,0.558484
17241,0.9013,8.03,4.5424,2.3248,15.7984,0.41222
17242,0.9549,7.9171,4.447,2.3313,15.6504,0.561703
17243,0.9587,7.9537,4.4549,2.358,15.7253,0.405314
17244,0.9299,7.7698,4.5091,2.3566,15.5654,0.423747
17245,0.9139,7.825,4.4516,2.3424,15.5329,0.323721
17246,0.9275,7.801,4.4452,2.3101,15.4838,0.383065
17247,0.963,8.1998,4.446,2.3098,15.9186,0.498783
17248,0.9602,7.7775,4.4919,2.3167,15.5463,0.287955
17249,0.9563,7.8922,4.4594,2.305,15.6129,0.33554
17250,0.9313,7.9015,4.4651,2.3046,15.6026,0.527204
17251,0.9393,7.7451,4.4253,2.3465,15.4563,0.531613
17252,0.9664,7.7554,4.5162,2.3401,15.578,0.560276
17253,0.8925,7.7945,4.4682,2.3298,15.485,0.44901
17254,0.9646,7.8317,4.3926,2.3393,15.5282,0.474002
17255,0.958,7.8498,4.4141,2.3495,15.5714,0.455448
17256,0.947,7.7253,4.4157,2.3123,15.4003,0.528515
17257,0.893,7.8521,4.4173,2.3148,15.4772,0.438945
17258,0.9804,7.8913,4.4055,2.3063,15.5835,0.385881
17259,0.9846,7.9282,4.4192,2.3126,15.6446,0.405768
17260,0.937,7.8075,4.4355,2.3204,15.5005,0.291167
17261,0.8931,7.9387,4.4113,2.3368,15.5799,0.459257
17262,0.9545,7.8796,4.422,2.3503,15.6064,0.422232
17263,0.9593,7.8462,4.4286,2.3293,15.5634,0.363242
17264,0.9373,7.7999,4.4355,2.3393,15.5121,0.319909
17265,0.8923,8.3246,4.4866,2.3503,16.0538,0.319841
17266,0.9526,7.8376,4.4045,2.3505,15.5452,0.278298
17267,0.9611,7.7851,4.45,2.3414,15.5376,0.264488
17268,0.9337,7.7783,4.4807,2.3258,15.5186,0.238594
17269,0.943,7.863,4.4801,2.3137,15.5998,0.23951
17270,0.9745,7.8819,4.438,2.3206,15.615,0.336619
17271,0.9959,7.7989,4.4796,2.318,15.5923,0.268996
17272,0.9434,7.838,4.5383,2.3107,15.6305,0.275952
17273,0.899,8.0265,4.4918,2.3231,15.7404,0.177464
17274,0.9506,8.1237,4.3982,2.3431,15.8156,0.292743
17275,0.9445,7.9708,4.4545,2.3353,15.7051,0.315689
17276,0.9436,7.8115,4.4156,2.3283,15.4991,0.340505
17277,0.8857,7.8345,4.4524,2.3428,15.5154,0.335624
17278,0.957,7.7379,4.3827,2.3548,15.4324,0.096231
17279,0.9736,7.8263,4.4446,2.323,15.5675,0.136903
17280,0.936,7.7357,4.4908,2.3172,15.4797,0.1138
17281,0.9201,7.7967,4.5172,2.3101,15.544,0.004985
17282,0.9918,7.8465,4.4035,2.3137,15.5555,0.002265
17283,0.9589,7.8609,4.428,2.308,15.5558,0.000789
17284,0.9284,7.9416,4.4102,2.336,15.6162,0.000474
17285,0.8963,7.9055,4.4894,2.3398,15.631,0.000343
17286,0.9473,7.7776,4.4044,2.3417,15.4709,0.000462
17287,0.9508,7.7753,4.4671,2.351,15.5441,0.000207
17288,0.9639,7.8016,4.4449,2.345,15.5553,0.000334
17289,0.8903,7.9177,4.467,2.3918,15.6669,0.000212
17290,0.9656,7.8602,4.4242,2.3227,15.5727,0.000301
17291,0.996,7.9001,4.4894,2.3186,15.7042,0.000292
17292,0.9943,7.9243,4.4708,3.5767,16.9662,0.000404
17293,0.919,7.9336,4.5473,2.3562,15.7562,0.000363
17294,0.9558,7.8054,4.4513,2.3357,15.5483,0.000486
17295,0.9613,7.8381,4.4264,2.3157,15.5415,0.000471
17296,0.967,7.8058,4.4424,2.3071,15.5223,0.000582
17297,0.9531,7.8537,4.4388,2.3043,15.5499,0.000522
17298,0.9497,7.8305,4.4388,2.3148,15.5338,0.000705
17299,0.9676,7.8731,4.4396,2.3311,15.6114,0.000869
17300,0.962,8.177,4.4276,2.5427,16.1094,0.000928
17301,0.928,7.8944,4.4467,2.3211,15.5902,0.000741
17302,0.9581,7.9288,4.4935,2.3238,15.7041,0.000896
17303,0.9374,7.7993,4.4301,2.364,15.5307,0.000751
17304,0.9551,7.7979,4.3817,2.3658,15.5004,0.000925
17305,0.8873,7.8754,4.4609,2.354,15.5776,0.000873
17306,0.9586,7.8474,4.3976,2.346,15.5495,0.000676
17307,0.9846,7.8188,4.4139,2.3187,15.5359,0.000854
17308,1.0072,7.7296,4.4768,2.3104,15.524,0.001006
17309,0.9253,8.4381,4.4482,2.2954,16.1071,0.001051
17310,1.0151,7.8013,4.4971,2.3316,15.6451,0.00195
17311,0.9745,7.7678,6.4969,2.3477,17.5868,0.00222
17312,0.9536,7.7894,4.4104,2.3344,15.4877,0.002271
17313,0.9087,7.9666,4.4591,2.3389,15.6733,0.003136
17314,0.9304,7.7791,4.4786,2.3118,15.5,0.00265
17315,0.9633,7.8012,4.4781,2.3102,15.5529,0.002187
17316,1.0059,7.798,4.3557,2.3061,15.4657,0.003265
17317,0.9371,8.4109,4.4337,2.3078,16.0895,0.40887
17318,0.9436,7.8959,4.4403,2.3163,15.5961,0.999999
17319,0.9367,7.779,4.4527,2.3281,15.4965,0.999999
17320,0.9512,7.8387,4.3883,2.3441,15.5224,0.999999
17321,0.9086,8.3004,4.4758,2.3172,16.002,0.999998
17322,0.9239,7.7878,4.3583,2.3351,15.4052,0.999996
17323,0.9423,7.8429,4.401,2.3378,15.524,0.999999
17324,0.9568,7.8203,4.3589,2.3549,15.4909,0.997468
17325,0.9253,7.8926,4.5052,2.3112,15.6344,0.886579
17326,0.9584,7.7839,4.4167,2.3147,15.4737,0.402135
17327,0.9972,8.1348,4.4677,2.3136,15.9132,0.077387
17328,0.9817,7.8664,4.4119,2.3127,15.5726,0.011655
17329,0.9286,7.9012,4.4316,2.3196,15.5809,0.014394
17330,0.9416,7.8822,4.4638,2.3005,15.5881,0.010233
17331,0.9528,7.8589,4.4253,2.332,15.5691,0.012246
17332,0.9545,7.9042,4.481,2.3144,15.654,0.010066
17333,0.9091,7.8513,4.4566,2.3273,15.5444,0.007756
17334,0.9551,7.799,4.398,2.3317,15.4838,0.00793
17335,0.9602,7.9062,4.4489,2.3457,15.6609,0.023876
17336,0.9662,7.8199,4.4028,2.3445,15.5335,0.008372
17337,0.8954,7.798,4.5008,2.3092,15.5034,0.062896
17338,0.9791,7.7778,4.4256,2.3166,15.499,0.041531
17339,1.0078,7.8536,4.3772,2.3149,15.5534,0.065051
17340,0.9501,7.8384,4.4441,2.3142,15.5468,0.049389
17341,0.907,7.8523,4.4536,2.3401,15.5529,0.037797
17342,0.9571,7.8018,4.3948,2.3429,15.4966,0.056682
17343,0.9592,7.9067,4.3761,2.3299,15.5719,0.135958
17344,0.9677,7.7843,4.3873,2.3376,15.4769,0.111374
17345,0.8917,7.8621,4.4221,2.3525,15.5284,0.115406
17346,0.958,7.8525,4.5037,2.3401,15.6544,0.098457
17347,0.9604,7.7503,4.5061,2.3105,15.5273,0.108095
17348,0.9852,7.81,4.3609,2.3198,15.4759,0.119011
17349,0.9282,7.8112,4.4703,2.3247,15.5344,0.11325
17350,0.9623,7.8477,4.4356,2.3239,15.5695,0.062677
17351,0.9353,7.8345,4.4248,2.3316,15.5262,0.075041
17352,0.9259,7.831,4.4382,2.3356,15.5307,0.051018
17353,0.9217,8.1972,4.4144,2.3549,15.8882,0.041707
17354,0.9302,7.8395,4.3996,2.3446,15.5139,0.065724
17355,0.9415,7.7932,4.3868,2.3508,15.4722,0.077214
17356,0.9596,7.7493,4.3705,2.3988,15.4782,0.074919
17357,0.9134,7.909,4.4147,2.316,15.5532,0.072125
17358,0.9925,7.8669,4.3407,2.3124,15.5126,0.05626
17359,1.0232,7.798,4.4094,2.3199,15.5505,0.047948
17360,0.9917,7.7829,4.4281,2.3073,15.5101,0.048709
17361,0.907,7.9119,4.4018,2.3288,15.5495,0.065842
17362,0.9718,7.7509,4.4131,2.3249,15.4607,0.041094
17363,0.9418,7.8248,4.3911,2.3395,15.4972,0.058301
17364,0.9477,7.7141,4.4218,2.2958,15.3794,0.044239
17365,0.9118,7.9225,4.4326,2.3484,15.6152,0.056914
17366,0.9411,7.7865,4.3767,2.3137,15.4179,0.055639
17367,0.968,7.836,4.471,2.2998,15.5748,0.072463
17368,0.9591,7.7452,4.4085,2.303,15.4158,0.074294
17369,0.914,7.9015,4.473,2.3141,15.6025,0.063264
17370,0.931,7.7787,4.3937,2.3292,15.4325,0.085176
17371,0.9453,7.8872,4.4644,2.3403,15.6371,0.080846
17372,0.9504,7.8185,4.4324,2.3346,15.536,0.118174
17373,0.9056,7.8099,4.4276,2.352,15.4951,0.119589
17374,0.9315,7.8278,4.3651,2.3433,15.4678,0.086148
17375,0.9351,7.9502,4.501,2.3395,15.7258,0.087392
17376,0.9357,7.7765,4.4938,2.3228,15.5288,0.107238
17377,0.9432,7.9039,4.4669,2.3153,15.6293,0.080858
17378,0.9522,7.8039,4.4257,2.3045,15.4864,0.07202
17379,0.9328,7.8432,4.4979,2.3121,15.5859,0.095003
17380,0.9368,8.3001,4.4643,2.3071,16.0083,0.081961
17381,0.9264,8.4155,4.4946,2.3066,16.1431,0.071376
17382,0.9497,7.8829,4.4425,2.3113,15.5864,0.084128
17383,0.9572,7.8095,4.4013,2.3299,15.498,0.06585
17384,0.9465,7.8917,4.4112,2.3377,15.5871,0.079955
17385,0.9375,7.7941,4.4469,2.3314,15.5099,0.075592
17386,0.9287,7.7626,4.3582,2.3352,15.3847,0.067894
17387,0.928,7.8268,4.4325,2.3469,15.5341,0.066085
17388,0.9351,7.7818,4.3832,2.3144,15.4145,0.221467
17389,0.9274,7.9063,4.3805,2.3272,15.5415,0.074344
17390,0.9521,7.8535,4.3759,2.3101,15.4916,0.037053
17391,0.9376,7.8441,4.4429,2.3073,15.532,0.052596
17392,0.9346,7.8668,4.4059,2.3371,15.5444,0.044751
17393,0.8967,7.9011,4.5084,2.3415,15.6477,0.051706
17394,0.955,7.838,4.3904,2.3257,15.5091,0.093611
17395,0.9557,7.7952,4.3777,2.3516,15.4802,0.117513
17396,0.9408,7.8363,4.3885,2.3428,15.5085,0.130676
17397,0.9145,7.861,4.4152,2.3428,15.5335,0.240449
17398,0.9419,10.0229,4.3954,2.3376,17.6977,0.261843
17399,0.8835,7.849,4.4372,2.3446,15.5143,0.424837
17400,0.9388,7.9709,4.3914,2.3598,15.661,0.878766
17401,0.9239,7.8092,4.4062,2.3671,15.5064,0.822788
17402,0.9316,7.7698,4.4528,2.3679,15.5221,0.725644
17403,0.9021,7.8211,4.5186,2.3317,15.5735,0.462263
17404,0.9868,7.8601,4.3952,2.315,15.5571,0.829
17405,0.9872,7.851,4.4108,2.3095,15.5585,0.737858
17406,0.96,8.2829,4.3987,2.3154,15.9569,0.746804
17407,0.9166,7.8257,4.4201,2.3222,15.4845,0.752399
17408,0.9433,7.9407,4.4603,2.3158,15.6601,0.758353
17409,0.9542,7.8318,4.4203,2.345,15.5514,0.837726
17410,0.9404,7.7857,4.4835,2.3296,15.5391,0.775084
17411,0.8924,7.8368,4.4809,2.3325,15.5426,0.777204
17412,0.9451,7.8671,4.3756,2.3475,15.5353,0.752321
17413,0.963,7.8184,4.4456,2.3529,15.58,0.620907
17414,0.9536,7.7968,4.433,2.3174,15.5008,0.74676
17415,0.9156,7.8444,4.4436,2.3178,15.5214,0.609772
17416,0.9504,7.9406,4.3575,2.3233,15.5718,0.27718
17417,0.9756,7.9078,4.4763,2.3141,15.6738,0.425731
17418,0.9371,7.8314,4.3923,2.305,15.4658,0.486825
17419,0.9201,7.8602,4.4021,2.3439,15.5263,0.61327
17420,0.9276,7.8113,4.3743,2.3347,15.4479,0.600896
17421,0.9525,7.8307,4.4462,2.3398,15.5691,0.551434
17422,0.94,7.826,4.3902,2.3421,15.4984,0.628759
17423,0.9034,7.865,4.5045,2.3645,15.6374,0.630072
17424,0.944,7.8714,4.438,2.3416,15.595,0.530379
17425,0.965,7.8979,4.4008,2.3157,15.5794,0.515004
17426,0.9746,7.8854,4.4295,2.324,15.6136,0.60823
17427,0.917,7.8544,4.5111,2.3066,15.5891,0.808973
17428,0.981,7.8615,4.472,2.2961,15.6106,0.695277
17429,0.9604,7.8571,4.4554,2.3276,15.6005,0.676402
17430,0.9206,7.7678,4.4248,2.3283,15.4416,0.660709
17431,0.8917,7.8781,4.414,2.3308,15.5147,0.683331
17432,0.9532,7.8762,4.3648,2.3361,15.5303,0.57562
17433,0.9604,8.213,4.4263,2.3572,15.9569,0.671031
17434,0.9276,7.7586,4.4165,2.3785,15.4812,0.651107
17435,0.8937,7.8784,4.4183,2.3358,15.5262,0.381918
17436,0.9393,7.8142,4.4826,2.3292,15.5653,0.369336
17437,0.9564,8.4665,4.527,2.3161,16.2659,0.465666
17438,0.9583,7.7675,4.4361,2.321,15.4829,0.521378
17439,0.9399,7.9573,4.4465,2.3066,15.6503,0.342506
17440,0.9775,7.8334,4.5325,2.2997,15.643,0.280298
17441,0.921,7.8677,4.3963,2.3279,15.5128,0.341035
17442,0.9498,7.7877,4.3665,2.3535,15.4575,0.571467
17443,0.9302,7.8939,4.4636,2.3411,15.6288,0.689056
17444,0.9226,7.8546,4.414,2.3499,15.5411,0.707631
17445,0.9325,7.808,4.4371,2.3405,15.5181,0.582973
17446,0.9462,7.7796,4.426,2.3583,15.51,0.635554
17447,0.914,7.7982,4.3967,2.3116,15.4205,0.593207
17448,0.9193,7.8827,4.4293,2.3234,15.5547,0.607623
17449,0.9944,7.7997,4.4765,2.3187,15.5893,0.481965
17450,0.9888,7.8571,4.4032,2.303,15.5522,0.409408
17451,0.9166,7.9478,4.4537,2.3019,15.62,0.578841
17452,0.9186,7.8173,4.4183,2.3323,15.4864,0.44174
17453,0.9342,7.8017,4.4911,2.3279,15.5549,0.621129
17454,0.9612,7.8359,4.3603,2.3341,15.4915,0.627631
17455,0.9182,7.8586,4.4013,2.347,15.5252,0.601619
17456,0.9335,7.8625,4.4386,2.337,15.5716,0.810152
17457,0.9338,7.882,4.4645,2.3432,15.6235,0.795196
17458,0.9495,7.7607,4.4086,2.3044,15.4231,0.750476
17459,0.9319,8.1812,4.5088,2.3154,15.9372,0.604944
17460,0.9753,7.8495,4.4374,2.2951,15.5572,0.830862
17461,0.9929,7.9241,4.4612,2.3139,15.6921,0.818823
17462,0.953,7.8127,4.4706,2.3194,15.5556,0.755271
17463,0.9317,7.8772,4.375,2.3324,15.5162,0.675039
17464,0.9296,7.8491,4.3914,2.3438,15.5138,0.506456
17465,0.9405,7.759,4.3987,2.3341,15.4324,0.648812
17466,0.9622,7.7822,4.391,2.3397,15.4751,0.666596
17467,0.9071,7.8488,4.3983,2.3478,15.5021,0.779639
17468,0.9332,7.8481,4.3657,2.3291,15.476,0.766365
17469,0.9509,7.7683,4.3924,2.3118,15.4233,0.560132
17470,0.9771,7.778,4.4765,2.316,15.5476,0.526178
17471,0.8985,7.9185,4.417,2.3154,15.5494,0.509428
17472,0.9526,7.85,4.4049,2.3461,15.5536,0.39495
17473,0.9573,7.8395,4.4334,2.333,15.5632,0.707373
17474,0.9273,7.7704,4.3903,2.3295,15.4174,0.501051
17475,0.8999,7.8755,4.452,2.3418,15.5692,0.424203
17476,0.9615,7.8163,4.4282,2.3505,15.5565,0.540285
17477,0.962,7.8485,4.3922,2.3044,15.5071,0.47491
17478,0.9296,7.8504,4.3639,2.315,15.4589,0.319081
17479,0.9152,7.8665,4.384,2.3256,15.4913,0.422878
17480,0.9872,7.821,4.3968,2.3118,15.5167,0.470259
17481,0.9635,7.8597,4.3557,2.322,15.5008,0.588387
17482,0.9255,7.7615,4.3698,2.3291,15.3859,0.545912
17483,0.8889,7.8525,4.348,2.3542,15.4435,0.361975
17484,0.9702,7.8646,4.3458,2.3355,15.516,0.389339
17485,0.9617,8.1864,4.3994,2.3483,15.8958,0.385121
17486,0.9391,7.823,4.414,2.3517,15.5277,0.325852
17487,0.8976,7.8343,4.379,2.3273,15.4382,0.34586
17488,0.9824,7.9137,4.3474,2.3107,15.5542,0.309793
17489,0.9956,7.814,4.4159,2.317,15.5426,0.288368
17490,0.9615,7.834,4.3437,2.3356,15.4748,0.271881
17491,0.908,7.8998,4.3905,2.344,15.5423,0.225903
17492,0.9396,7.8508,4.52,2.3365,15.6469,0.191514
17493,0.9576,7.8408,4.3841,2.3297,15.5122,0.175271
17494,0.9353,7.7365,4.3998,2.3373,15.4089,0.197064
17495,0.8906,7.83,4.3954,2.3375,15.4536,0.13369
17496,0.9544,7.8139,4.4612,2.3153,15.5448,0.422616
17497,0.9739,7.9165,4.437,2.3313,15.6587,0.486289
17498,0.9717,7.7758,4.5084,2.3303,15.5861,0.435764
17499,0.9316,7.9055,4.4075,2.3158,15.5604,0.362162
17500,0.9564,7.921,4.4334,2.3172,15.6279,0.202186
17501,0.975,7.931,4.44,2.3173,15.6633,0.185764
17502,0.9515,7.7673,4.4676,2.335,15.5214,0.223999
17503,0.9329,7.8739,4.4329,2.3651,15.6047,0.289543
17504,0.9442,7.8044,4.4864,2.3425,15.5775,0.278615
17505,0.9316,7.7743,4.3698,2.3345,15.4103,0.174484
17506,0.9471,7.843,4.3795,2.3478,15.5174,0.137419
17507,0.9086,7.8696,4.4091,2.315,15.5023,0.157507
17508,0.9489,7.7982,4.3581,2.3108,15.4161,0.104616
17509,0.9532,7.8392,4.3983,2.318,15.5087,0.085769
17510,0.9428,7.7902,4.3717,2.33,15.4347,0.25805
17511,0.917,7.8698,4.3989,2.3293,15.5149,0.079229
17512,0.9282,8.1406,4.3607,2.3421,15.7716,0.096513
17513,0.936,7.8427,4.3518,2.3232,15.4538,0.066058
17514,0.9555,7.7762,4.3323,2.3497,15.4137,0.098974
17515,0.9116,7.9041,4.3828,2.3496,15.5481,0.034047
17516,0.9313,7.7737,4.4008,2.3193,15.4252,0.096488
17517,0.9721,7.8087,4.3718,2.3139,15.4665,0.059141
17518,0.9936,7.8235,4.328,2.3095,15.4546,0.076172
17519,0.9055,7.8876,4.3443,2.332,15.4693,0.100787
17520,0.9436,7.8154,4.3602,2.3209,15.4402,0.103804
17521,0.9647,7.913,4.374,2.3407,15.5924,0.081125
17522,0.9713,7.7783,4.294,2.3689,15.4125,0.059282
17523,0.9348,7.8827,4.3679,2.3522,15.5377,0.031436
17524,0.9522,7.8216,4.3788,2.3455,15.4981,0.040484
17525,0.9436,7.8224,4.3566,2.3015,15.4242,0.047444
17526,0.981,7.7493,4.324,2.3357,15.39,0.035521
17527,0.9088,7.9308,4.339,2.2996,15.4782,0.029583
17528,0.9394,7.8181,4.2964,2.3333,15.3872,0.037363
17529,0.9315,7.835,4.3049,2.3324,15.4039,0.047716
17530,0.9579,7.8182,4.3422,2.3379,15.4563,0.069972
17531,0.9147,7.9509,4.4081,2.3535,15.6272,0.096331
17532,0.9491,7.8125,4.3162,2.3311,15.409,0.095628
17533,0.9578,7.8063,4.3074,2.3097,15.3812,0.135107
17534,0.9855,7.7365,4.3006,2.3255,15.3481,0.12978
17535,0.9082,7.9049,4.3526,2.3119,15.4776,0.142236
17536,0.9455,7.8509,4.2826,2.3392,15.4182,0.127162
17537,0.9705,7.8359,4.3126,2.3456,15.4645,0.113705
17538,0.9576,8.0482,4.2755,2.3657,15.647,0.083708
17539,0.9249,7.8711,4.3394,2.3601,15.4955,0.988622
17540,0.9602,7.7911,4.2836,2.3562,15.3911,0.999999
17541,0.9665,7.8752,4.3069,2.3001,15.4487,0.999999
17542,0.9852,7.7726,4.2663,2.3166,15.3407,0.999985
17543,0.9169,7.9322,4.3064,2.302,15.4575,0.999709
17544,0.9579,7.836,4.3134,2.3164,15.4237,0.995399
17545,0.9847,7.8092,4.2844,2.3411,15.4194,0.927515
17546,0.9569,7.747,4.3587,2.3432,15.4058,0.876879
17547,0.912,7.9358,4.397,2.3522,15.5971,0.88855
17548,0.9424,7.8834,4.4142,2.3324,15.5724,0.840446
17549,0.97,7.8206,4.424,2.3038,15.5185,0.819168
17550,0.9962,7.8538,4.3483,2.3055,15.5037,0.531012
17551,0.9555,7.8606,4.3671,2.3149,15.4981,0.442923
17552,0.9569,7.8162,4.3555,2.3283,15.4569,0.472632
17553,0.9613,7.9231,4.4114,2.3258,15.6216,0.421497
17554,0.9507,7.6923,4.3285,2.332,15.3033,0.437032
17555,0.9219,7.8297,4.3312,2.3675,15.4503,0.410408
17556,0.9244,7.7598,4.416,2.3593,15.4596,0.466956
17557,1.029,8.0047,4.3572,2.3504,15.7413,0.462855
17558,0.9582,7.8103,4.3568,2.3096,15.4349,0.581349
17559,0.943,7.8367,4.3411,2.3121,15.4329,0.586396
17560,0.9612,7.7904,4.3881,2.3889,15.5286,0.509032
17561,0.9425,7.8104,4.3478,2.3319,15.4326,0.500953
17562,0.968,7.7941,4.3415,2.354,15.4576,0.455901
17563,0.9154,7.9014,4.3502,2.3298,15.4968,0.472988
17564,0.933,7.7808,4.3302,2.3471,15.3911,0.577701
17565,0.9413,8.1395,4.3597,2.3514,15.7918,0.560943
17566,0.9552,8.5125,4.3633,2.3587,16.1896,0.563285
17567,0.9237,7.8429,4.3941,2.3613,15.5221,0.665553
17568,0.927,7.8285,4.3941,2.3457,15.4954,0.618828
17569,0.9662,7.8888,4.3872,2.3201,15.5622,0.600118
17570,0.993,7.9064,4.3544,2.3163,15.5701,0.583053
17571,0.9491,7.9297,4.3437,2.3243,15.5468,0.662439
17572,0.9229,7.8686,4.3346,2.326,15.452,0.674092
17573,0.9384,7.9449,4.3328,2.3305,15.5467,0.532339
17574,0.9583,7.7761,4.3403,2.3333,15.4081,0.679472
17575,0.9176,7.9473,4.3528,2.3588,15.5765,0.635326
17576,0.9341,7.7542,4.3797,2.3532,15.4212,0.996554
17577,0.9396,7.8974,4.2681,2.3395,15.4445,1.0
17578,0.9682,7.8147,4.2905,2.3212,15.3946,0.999999
17579,0.9393,7.8839,4.3069,2.3204,15.4505,0.999999
17580,0.93,7.8192,4.3086,2.3168,15.3745,0.999987
17581,0.9364,7.8163,4.3443,2.3365,15.4335,0.999937
17582,0.9504,7.8264,4.3151,2.3346,15.4265,0.999383
17583,0.9188,7.863,4.3302,2.3539,15.4659,0.998854
17584,0.9259,7.7761,4.3322,2.3368,15.371,0.995661
17585,0.9253,7.8576,4.3346,2.3105,15.4281,0.808663
17586,0.977,7.8043,4.3566,2.3147,15.4526,0.777201
17587,0.9451,7.9055,4.3313,2.3098,15.4917,0.735442
17588,0.9379,7.8282,4.3832,2.3181,15.4674,0.722816
17589,0.924,7.8187,4.3398,2.3368,15.4191,0.478241
17590,0.9565,7.7669,4.3108,2.3421,15.3762,0.256642
17591,0.9295,8.2035,4.2999,2.3437,15.7765,0.260718
17592,0.9284,7.7968,4.334,2.3386,15.3978,0.534172
17593,0.9399,7.8539,4.3374,2.3444,15.4756,0.215381
17594,0.9548,7.7828,4.3304,2.3198,15.3877,0.348301
17595,0.9501,7.7978,4.376,2.3171,15.4411,0.393771
17596,0.9567,7.8586,4.353,2.3149,15.4832,0.340633
17597,0.9559,7.8418,4.3792,2.3488,15.5257,0.284679
17598,0.9594,7.7718,4.3473,2.3381,15.4166,0.21579
17599,0.909,7.8371,4.3482,2.341,15.4352,0.186568
17600,0.9352,7.7898,4.3113,2.3578,15.3942,0.324766
17601,0.9371,7.8107,4.4003,2.3556,15.5037,0.274789
17602,0.9633,7.789,4.3262,2.313,15.3915,0.293851
17603,0.9237,7.8321,4.3788,2.3269,15.4615,0.359284
17604,0.9669,7.7759,4.4205,2.326,15.4893,0.317797
17605,0.956,7.8456,4.3493,2.3253,15.4762,0.32684
17606,0.9666,7.7757,4.2955,2.342,15.3798,0.339845
17607,0.9051,7.8264,4.3374,2.3424,15.4113,0.350487
17608,0.9373,7.7759,4.3319,2.3379,15.3829,0.298996
17609,0.933,7.8556,4.3707,2.34,15.4994,0.164669
17610,0.9386,7.8143,4.4171,2.3251,15.4952,0.15831
17611,0.9655,7.817,4.4025,2.3081,15.4932,0.135705
17612,0.9683,7.8581,4.3641,2.3158,15.5063,0.162372
17613,0.9337,7.8098,4.3324,2.3535,15.4294,0.177336
17614,0.9265,7.7139,4.3422,2.3328,15.3154,0.18237
17615,0.8951,7.9049,4.34,2.3405,15.4806,0.182618
17616,0.9673,7.8311,4.2879,2.3578,15.4442,0.244235
17617,0.9583,7.8225,4.3436,2.3407,15.4652,0.29872
17618,0.9333,8.2122,4.3997,2.3602,15.9054,0.289223
17619,0.9265,7.877,4.3506,2.3078,15.4618,0.324758
17620,0.9597,7.8003,4.3259,2.322,15.408,0.215265
17621,0.9757,8.0016,4.4545,2.3035,15.7352,0.227894
17622,0.9481,7.8378,4.3578,2.3198,15.4635,0.277743
17623,0.9187,7.7849,4.374,2.333,15.4107,0.233196
17624,0.9263,7.8146,4.3211,2.3303,15.3923,0.260214
17625,0.9425,7.8934,4.4185,2.3733,15.6278,0.291729
17626,0.9657,7.8436,4.3363,2.3357,15.4814,0.178219
17627,0.912,7.8602,4.429,2.3394,15.5406,0.239967
17628,0.9355,7.8224,4.3576,2.312,15.4274,0.253826
17629,0.9643,7.8975,4.4249,2.3204,15.6071,0.235461
17630,1.0053,7.7122,4.3423,2.3103,15.3701,0.211774
17631,0.9084,7.8597,4.364,2.3227,15.4548,0.281038
17632,0.9342,7.7697,4.3414,2.335,15.3803,0.232294
17633,0.9645,7.8141,4.3458,2.3359,15.4604,0.191018
17634,0.9623,7.7251,4.3599,2.3409,15.3882,0.112035
17635,0.9172,7.8389,4.3361,2.3342,15.4263,0.110828
17636,0.9394,7.7663,4.4003,2.3144,15.4204,0.097375
17637,0.9666,7.8514,4.3609,2.3172,15.496,0.05353
17638,0.9825,7.7545,4.3939,2.2947,15.4255,0.041417
17639,0.9151,7.8525,4.4794,2.3205,15.5675,0.0517
17640,0.9549,7.8327,4.4013,2.3411,15.5301,0.043214
17641,0.9587,7.8567,4.3271,2.3438,15.4863,0.055975
17642,0.9298,7.813,4.3316,2.3249,15.3993,0.116745
17643,0.9005,7.8573,4.3745,2.3388,15.4711,0.121092
17644,0.9413,8.1528,4.3116,2.3641,15.7698,0.112404
17645,0.9624,7.878,4.3231,2.3077,15.4712,0.078252
17646,0.9561,7.859,4.3456,2.3191,15.4798,0.097336
17647,0.9574,7.8043,4.3416,2.3085,15.4118,0.074337
17648,0.9216,7.8428,4.3641,2.3745,15.5029,0.142767
17649,0.9404,7.8518,4.3726,2.3433,15.5082,0.113197
17650,0.9161,7.766,4.3548,2.3327,15.3696,0.139325
17651,0.9325,7.8554,4.3997,2.3376,15.5252,0.203964
17652,0.9643,7.7635,4.379,2.3434,15.4502,0.159427
17653,0.9289,7.8616,4.3604,2.3157,15.4666,0.067737
17654,0.9703,7.8816,4.3936,2.3167,15.5623,0.067935
17655,1.003,7.7846,4.4101,2.3138,15.5114,0.063347
17656,0.9896,7.7962,4.3451,2.3131,15.444,0.066969
17657,0.9164,8.3748,4.3462,2.3121,15.9495,0.066799
17658,0.9275,7.8248,4.4081,2.361,15.5215,0.097585
17659,0.938,7.8753,4.3687,2.3379,15.52,0.087585
17660,0.9217,7.8436,4.3382,2.352,15.4554,0.088201
17661,0.9154,7.9558,4.3828,2.3525,15.6066,0.112816
17662,0.9405,7.8271,4.314,2.341,15.4225,0.0656
17663,0.9615,7.8148,4.3288,2.3185,15.4237,0.053572
17664,0.9785,7.8284,4.3652,2.3135,15.4856,0.065243
17665,0.9239,7.8856,4.3354,2.3229,15.4678,0.072857
17666,0.949,7.8002,4.2744,2.3431,15.3666,0.072341
17667,0.9349,7.867,4.2656,2.3226,15.3901,0.096213
17668,0.9402,7.8363,4.3081,2.3184,15.4031,0.10373
17669,0.9133,7.8585,4.3148,2.3492,15.4358,0.999237
17670,0.9498,7.7739,4.3074,2.3444,15.3755,0.999997
17671,0.9716,8.1777,4.323,2.3246,15.797,0.999997
17672,0.9546,7.842,4.3277,2.3093,15.4336,0.999981
17673,0.9248,7.8981,4.3047,2.3006,15.4281,0.999919
17674,0.954,7.8347,4.3469,2.3064,15.4421,0.999878
17675,0.9707,7.8642,4.3569,2.3462,15.538,0.997159
17676,0.9597,7.7358,4.3092,2.3497,15.3544,0.984443
17677,0.9102,7.9447,4.3545,2.3367,15.5462,0.971236
17678,0.9565,7.8195,4.3343,2.3588,15.4691,0.847445
17679,0.9667,7.8307,4.3673,2.3583,15.523,0.571717
17680,0.9608,7.8512,4.3135,2.3097,15.4353,0.506437
17681,0.9153,7.879,4.3368,2.307,15.4382,0.443333
17682,0.9833,7.7428,4.372,2.3227,15.4208,0.395317
17683,0.9757,7.9397,4.3374,2.3292,15.582,0.323264
17684,0.9673,7.8747,4.3317,2.3379,15.5116,0.389096
17685,0.8981,8.2514,4.4363,2.3861,15.9719,0.406275
17686,0.9473,7.8763,4.342,2.3256,15.4911,0.31876
17687,0.9604,7.8944,4.4209,2.3361,15.6117,0.301297
17688,0.9672,7.7831,4.3459,2.3394,15.4357,0.161369
17689,0.9155,7.9527,4.3707,2.3399,15.5789,0.111087
17690,0.9602,7.8085,4.3458,2.3152,15.4297,0.117352
17691,0.9873,7.8244,4.3865,2.3064,15.5046,0.111366
17692,0.9921,7.7905,4.3389,2.3088,15.4303,0.101845
17693,0.912,7.9892,4.373,2.3122,15.5863,0.097174
17694,0.9429,7.8443,4.3413,2.3324,15.4609,0.158915
17695,0.9757,8.4327,4.5279,2.3648,16.3012,0.113842
17696,0.9559,7.7627,4.4401,2.3336,15.4923,0.14916
17697,0.9053,8.2095,4.4036,2.3294,15.8478,0.221683
17698,0.9534,7.9218,4.3477,2.3531,15.576,0.29451
17699,0.967,7.9187,4.41,2.3488,15.6446,0.309389
17700,0.9537,7.8315,4.3795,2.3587,15.5234,0.310602
17701,0.9091,7.9714,4.3902,2.3467,15.6173,0.300872
17702,0.951,7.8311,4.3721,2.3208,15.4749,0.190657
17703,0.9797,7.8342,4.3603,2.312,15.4862,0.178793
17704,0.9878,7.847,4.4371,2.3057,15.5775,0.196799
17705,0.9149,7.993,4.4572,2.2965,15.6616,0.272975
17706,0.9633,7.8499,4.4022,2.3426,15.558,0.305075
17707,0.9293,7.8769,4.414,2.3403,15.5604,0.25554
17708,0.9435,7.7988,4.345,2.3379,15.4253,0.233894
17709,0.9136,8.0427,4.3844,2.3429,15.6836,0.270273
17710,0.9245,7.8662,4.367,2.348,15.5057,0.270491
17711,0.9514,7.754,4.3665,2.339,15.4109,0.228895
17712,0.9374,7.8308,4.3991,2.306,15.4732,0.195608
17713,0.9427,7.835,4.3687,2.3171,15.4635,0.174527
17714,0.9523,7.8214,4.3727,2.3184,15.4648,0.174101
17715,0.9349,7.7976,4.3892,2.3316,15.4533,0.183109
17716,0.9307,7.8207,4.3312,2.329,15.4115,0.185721
17717,0.9109,7.8536,4.3625,2.3389,15.4659,0.154201
17718,0.9279,7.7346,4.3905,2.3447,15.3977,0.157661
17719,0.9363,7.878,4.3821,2.3413,15.5377,0.138164
17720,0.9306,7.8344,4.4496,2.3267,15.5414,0.156768
17721,0.9458,7.9499,4.4386,2.3147,15.649,0.135238
17722,0.9895,7.8325,4.3833,2.3004,15.5057,0.120891
17723,0.987,7.9134,4.3877,2.2929,15.581,0.143955
17724,0.956,8.3327,4.4136,2.321,16.0232,0.145047
17725,0.8898,7.8429,4.4738,2.3104,15.5168,0.140898
17726,0.9524,7.8646,4.4123,2.3295,15.5588,0.150989
17727,0.9344,7.8013,4.4158,2.3419,15.4933,0.148348
17728,0.9378,7.8875,4.4477,2.3317,15.6047,0.133097
17729,0.9188,7.8,4.4199,2.3273,15.466,0.177755
17730,0.9339,7.7434,4.3834,2.3529,15.4136,0.177509
17731,0.9364,7.9416,4.3979,2.2985,15.5744,0.146428
17732,0.9674,7.8533,4.3668,2.3187,15.5062,0.060028
17733,0.9363,7.8368,4.4358,2.3062,15.5151,0.077116
17734,0.9339,7.8047,4.408,2.2903,15.4368,0.111451
17735,0.933,7.872,4.3948,2.3161,15.5158,0.262169
17736,0.9352,7.8355,4.3559,2.3402,15.4668,0.272645
17737,0.9111,7.7852,4.395,2.3483,15.4395,0.349638
17738,0.9253,7.7481,4.3959,2.342,15.4113,0.199011
17739,0.9332,7.8924,4.3711,2.3257,15.5224,0.193138
17740,0.9417,7.8142,4.384,2.3145,15.4544,0.205081
17741,0.9757,7.8423,4.4957,2.3161,15.6298,0.165668
17742,0.971,7.7916,4.4324,2.32,15.5151,0.063242
17743,0.9302,7.9144,4.4293,2.3092,15.5831,0.110327
17744,0.927,7.8265,4.4191,2.3253,15.4979,0.095884
17745,0.9177,7.8609,4.5682,2.3363,15.6832,0.034675
17746,0.9565,7.7685,4.3617,2.3165,15.4032,0.056741
17747,0.9727,7.858,4.4739,2.3295,15.6343,0.058608
17748,0.9635,7.7968,4.4314,2.3475,15.5392,0.058292
17749,0.9032,7.8376,4.5807,2.2863,15.6078,0.060695
17750,0.9525,8.1527,4.5092,2.3485,15.9628,0.050497
17751,0.942,7.7373,4.4897,2.3159,15.4849,0.048156
17752,0.9671,7.7624,4.3829,2.3183,15.4307,0.041976
17753,0.9386,7.8003,4.4566,2.2998,15.4954,0.034421
17754,0.9338,7.8632,4.4458,2.3047,15.5475,0.051234
17755,0.9339,7.8804,4.4493,2.3379,15.6015,0.056479
17756,0.9421,7.7732,4.4383,2.8037,15.9573,0.060001
17757,0.9225,7.8698,4.4045,2.3377,15.5346,0.075499
17758,0.9295,7.8468,4.3866,2.3467,15.5097,0.049975
17759,0.9276,7.8113,4.4465,2.3568,15.5421,0.050831
17760,0.9582,7.7418,4.3971,2.3531,15.4502,0.002842
17761,0.9076,7.7778,4.4993,2.3225,15.5072,0.002897
17762,0.9576,7.7712,4.3975,2.3125,15.4388,0.003102
17763,0.9749,7.8414,4.434,2.2974,15.5477,0.036321
17764,0.9514,7.8267,4.3837,2.3115,15.4732,0.040642
17765,0.9216,7.9118,4.4915,2.3163,15.6413,0.032773
17766,0.941,7.8483,4.3921,2.3433,15.5247,0.001469
17767,0.9687,7.8418,4.4475,2.3222,15.5801,0.002116
17768,0.9505,7.7494,4.3961,2.3482,15.4442,0.00213
17769,0.9262,7.8521,4.5156,2.3497,15.6436,0.002753
17770,0.9359,7.833,4.4376,2.3363,15.5429,0.003127
17771,0.9316,7.8028,4.3994,2.3037,15.4376,0.002617
17772,0.9704,7.7495,4.4421,2.3234,15.4854,0.050829
17773,0.9621,7.9923,4.4533,2.3194,15.7271,0.05919
17774,0.9838,7.7973,4.3858,2.3138,15.4806,0.051582
17775,0.935,7.8404,4.3942,2.3347,15.5042,0.049252
17776,0.9679,7.763,4.3836,2.3366,15.4511,0.069613
17777,0.9163,8.3457,4.41,2.3547,16.0266,0.055081
17778,0.9193,7.8513,4.3044,2.3171,15.3921,0.040335
17779,0.9365,7.7833,4.4059,2.3394,15.4651,0.054143
17780,0.9617,7.8464,4.4875,2.3532,15.6489,0.040254
17781,0.9144,7.8793,4.3844,2.3189,15.4969,0.045756
17782,0.9656,7.8675,4.3779,2.3204,15.5315,0.062834
17783,0.9922,7.9211,4.4582,2.3123,15.6838,0.066887
17784,0.9962,7.787,4.392,2.314,15.4893,0.086588
17785,0.919,7.8521,4.4555,2.3076,15.5342,0.097866
17786,0.9663,7.8563,4.4043,2.3213,15.5482,0.080022
17787,0.9637,7.8443,4.3807,2.3484,15.5372,0.113379
17788,0.968,7.7218,4.4022,2.3379,15.4299,0.004811
17789,0.9123,7.8513,4.4415,2.3618,15.5669,0.095262
17790,0.9497,7.8195,4.4256,2.3521,15.5469,0.12222
17791,0.9309,7.7939,4.4894,2.3143,15.5285,0.133039
17792,0.9755,7.879,4.3907,2.317,15.5622,0.112274
17793,0.9451,7.8861,4.4245,2.3178,15.5735,0.075983
17794,0.9893,7.7514,4.4997,2.3063,15.5466,0.12017
17795,0.9443,7.8244,4.4157,2.3328,15.5171,0.132037
17796,0.9632,7.9365,4.426,2.335,15.6607,0.159079
17797,0.9179,7.8442,4.4899,2.322,15.574,0.190507
17798,0.9677,7.7635,4.3991,2.3377,15.4681,0.148429
17799,0.9741,7.8332,4.4187,2.349,15.5749,0.154881
17800,0.95,7.8556,4.453,2.3616,15.6203,0.110656
17801,0.9167,7.8681,4.3961,2.3071,15.4879,0.087458
17802,0.947,7.8047,4.4567,2.2957,15.5041,0.058412
17803,0.9854,8.1706,4.4754,2.3057,15.9371,0.065732
17804,1.0023,7.8309,4.421,2.3252,15.5794,0.092002
17805,0.9279,7.8492,4.4229,2.3212,15.5211,0.07433
17806,0.9513,7.881,4.4358,2.302,15.5701,0.087535
17807,0.9619,7.94,4.4216,2.3323,15.6558,0.093744
17808,0.9519,7.9329,4.4401,2.3445,15.6695,0.092788
17809,0.9292,8.0623,4.4361,2.3319,15.7595,0.112185
17810,0.9602,7.8556,4.4127,2.3355,15.5639,0.147004
17811,0.9659,7.8394,4.4461,2.3529,15.6043,0.119196
17812,0.9281,7.8,4.3664,2.3433,15.4377,0.147777
17813,0.8963,7.8278,4.4589,2.2808,15.4638,0.195439
17814,0.9613,7.8882,4.4608,2.3322,15.6425,0.143454
17815,0.9891,7.8879,4.4244,2.3109,15.6124,0.157234
17816,0.9987,7.8623,4.3647,2.3098,15.5356,0.120711
17817,0.91,7.8554,4.4823,2.3044,15.5521,0.072413
17818,0.9503,7.8743,4.39,2.3623,15.5769,0.118573
17819,0.9622,7.8367,4.3876,2.3427,15.5292,0.132596
17820,0.9653,7.802,4.4045,2.3452,15.517,0.134684
17821,0.8935,7.8563,4.4581,2.3501,15.558,0.157811
17822,0.9447,7.8103,4.427,2.3478,15.5297,0.134891
17823,0.9689,7.7447,4.4734,2.32,15.507,0.143639
17824,0.9319,8.4701,4.4766,2.331,16.2095,0.18302
17825,0.8891,7.8706,4.4047,2.3133,15.4777,0.097053
17826,1.0126,7.8353,4.3926,2.3219,15.5624,0.080494
17827,0.9882,7.8599,4.4664,2.3283,15.6429,0.130253
17828,0.9872,7.8394,4.34,2.3093,15.4759,0.215064
17829,0.9344,7.8828,4.498,2.3079,15.6231,0.086148
17830,0.9423,8.1826,4.4014,2.3352,15.8614,0.110638
17831,0.9583,7.9994,4.4102,2.3393,15.7072,0.129886
17832,0.959,7.784,4.4124,2.329,15.4843,0.121139
17833,0.9197,7.8843,4.4542,2.3433,15.6016,0.122789
17834,0.9503,7.8077,4.4148,2.3504,15.5232,0.116862
17835,0.9736,7.749,4.4525,2.3527,15.5278,0.12705
17836,0.9581,7.8226,4.4177,2.3357,15.534,0.119134
17837,0.9453,8.3303,4.455,2.349,16.0796,0.168591
17838,0.9519,7.7706,4.3924,2.3065,15.4214,0.092934
17839,0.9887,7.8992,4.4766,2.3071,15.6715,0.117016
17840,1.0031,7.8415,4.4495,2.3187,15.6128,0.105807
17841,0.946,7.8718,4.4522,2.3096,15.5796,0.089003
17842,0.9603,7.8077,4.3873,2.3218,15.4772,0.10836
17843,0.9674,7.8238,4.4371,2.3269,15.5552,0.097791
17844,0.9505,7.8814,4.4103,2.3295,15.5718,0.108343
17845,0.9195,7.8436,4.5179,2.337,15.618,0.115849
17846,0.9541,7.8819,4.3777,2.3536,15.5673,0.074258
17847,0.9736,7.9078,4.4201,2.3478,15.6493,0.065046
17848,0.9557,7.7734,4.3872,2.305,15.4212,0.038768
17849,0.9504,7.8813,4.4955,2.3171,15.6443,0.072201
17850,0.996,7.9237,4.4193,2.3302,15.6692,0.060696
17851,0.9836,7.8269,4.4642,2.308,15.5827,0.08146
17852,0.9445,7.7993,4.3877,2.3147,15.4461,0.01459
17853,0.9218,7.9124,4.4593,2.3338,15.6273,0.012543
17854,0.922,7.8766,4.4242,2.3408,15.5635,0.014945
17855,0.925,7.8094,4.3822,2.3236,15.4402,0.011392
17856,0.9258,8.1007,4.355,2.349,15.7306,0.011951
17857,0.9197,7.8997,4.4897,2.345,15.6541,0.016292
17858,0.9603,7.8132,4.4098,2.3608,15.5441,0.02369
17859,0.9576,7.7763,4.4338,2.2979,15.4656,0.016636
17860,0.9817,7.827,4.4389,2.3104,15.5581,0.017065
17861,0.9216,7.8475,4.4632,2.3015,15.5338,0.019962
17862,0.975,7.8114,4.4725,2.3173,15.5762,0.014568
17863,0.9582,7.7587,4.4402,2.3184,15.4755,0.017785
17864,0.9525,7.84,4.4118,2.3436,15.5479,0.014898
17865,0.8878,7.7909,4.4512,2.3393,15.4692,0.013471
17866,0.9466,7.8556,4.4386,2.3462,15.587,0.01072
17867,0.9545,7.9122,4.4241,2.3704,15.6612,0.063773
17868,0.953,7.8134,4.4276,2.3483,15.5423,0.059754
17869,0.896,7.8253,4.4271,2.3218,15.4701,0.051036
17870,1.0002,7.8615,4.39,2.314,15.5656,0.050019
17871,0.9624,7.8143,4.4033,2.3128,15.4928,0.048703
17872,0.9647,7.7533,4.3766,2.3094,15.404,0.049398
17873,0.9312,8.402,4.4408,2.3186,16.0927,0.054076
17874,0.9263,7.805,4.3559,2.3266,15.4138,0.050151
17875,0.9308,7.8152,4.4332,2.3297,15.5089,0.048908
17876,0.9321,7.767,4.3503,2.3269,15.3762,0.054389
17877,0.9024,7.869,4.4619,2.301,15.5343,0.0619
17878,0.9376,7.8579,4.3702,2.3539,15.5196,0.058356
17879,0.9456,7.8848,4.4049,2.3186,15.554,0.053842
17880,0.9614,7.7698,4.3875,2.3074,15.4262,0.013028
17881,0.9495,7.8276,4.3931,2.3208,15.4911,0.015196
17882,0.9343,7.7647,4.4168,2.3164,15.4322,0.014067
17883,0.9322,8.1093,4.4075,2.3241,15.7731,0.028024
17884,0.9227,7.7731,4.4216,2.3404,15.4578,0.998712
17885,0.9197,7.8635,4.427,2.3404,15.5506,0.999999
17886,0.9253,7.7538,4.3543,2.356,15.3895,0.999999
17887,0.9426,7.7718,4.353,2.3543,15.4217,0.999998
17888,0.946,7.855,4.3364,2.3151,15.4524,0.999998
17889,0.9312,7.8338,4.3353,2.314,15.4142,0.999998
17890,0.962,7.6828,4.3019,2.3063,15.253,0.999997
17891,0.9493,7.785,4.3247,2.3321,15.3911,0.999995
17892,0.9455,7.8864,4.2954,2.3294,15.4566,0.999995
17893,0.9291,7.8803,4.3038,2.3577,15.4708,0.999994
17894,0.9312,7.7431,4.2953,2.3429,15.3126,0.999995
17895,0.9448,7.8967,4.3261,2.3115,15.479,0.999996
17896,0.9589,7.8401,4.3217,2.3053,15.426,0.999995
17897,0.9945,7.8667,4.3289,2.3075,15.4976,0.999997
17898,0.9134,7.7933,4.3254,2.304,15.3361,0.999996
17899,0.8832,7.8084,4.3232,2.3297,15.3445,0.999995
17900,0.9173,7.7464,4.2933,2.3647,15.3216,0.999998
17901,0.9533,7.9588,4.371,2.3447,15.6279,0.999987
17902,0.9684,7.7433,4.3484,2.3574,15.4174,0.99997
17903,0.9133,7.859,4.4239,2.3079,15.5042,0.999593
17904,0.9664,7.894,4.4322,2.316,15.6086,0.993347
17905,0.9578,7.9017,4.4051,2.3099,15.5744,0.795851
17906,0.9842,7.735,4.4171,2.313,15.4493,0.665039
17907,0.9002,7.8538,4.4615,2.3428,15.5582,0.034987
17908,0.9544,7.8275,4.4063,2.343,15.5312,0.03056
17909,0.9557,8.155,4.4417,2.3281,15.8806,0.033615
17910,0.9418,7.7954,4.3916,2.3278,15.4566,0.03096
17911,0.893,7.8105,4.4055,2.353,15.4621,0.022814
17912,0.9345,7.8892,4.4712,2.3418,15.6367,0.045096
17913,0.9567,7.8873,4.4108,2.3494,15.6042,0.035078
17914,0.9626,7.8208,4.3714,2.3056,15.4605,0.039985
17915,0.9543,7.911,4.433,2.3209,15.6192,0.065755
17916,0.9663,7.7663,4.4556,2.3213,15.5094,0.024863
17917,0.9597,7.8605,4.5914,2.3144,15.726,0.030397
17918,0.9495,7.8512,4.3508,2.3423,15.4937,0.024186
17919,0.9189,7.9378,4.3952,2.3366,15.5885,0.023531
17920,0.9623,7.732,4.4064,2.3497,15.4504,0.022831
17921,0.9546,7.8768,4.4553,2.357,15.6438,0.024812
17922,0.9379,7.8065,4.56,2.3287,15.6331,0.020826
17923,0.8907,7.8251,4.4715,2.3383,15.5255,0.020052
17924,0.9313,7.7892,4.469,2.3256,15.5152,0.019581
17925,0.9903,7.8623,4.4614,2.3223,15.6363,0.025651
17926,1.0,7.7948,4.4123,2.3167,15.5238,0.025446
17927,0.9395,7.7839,4.474,2.3064,15.5038,0.029035
17928,0.949,7.8465,4.3718,2.3347,15.5021,0.027414
17929,0.9368,7.8531,4.4348,2.3318,15.5565,0.031474
17930,0.9527,7.8294,4.3722,2.3324,15.4868,0.036382
17931,0.9132,7.8279,4.4756,2.3503,15.5671,0.044699
17932,0.9389,7.8043,4.3506,2.3568,15.4506,0.023616
17933,0.953,7.8525,4.4768,2.3332,15.6155,0.018378
17934,0.935,7.7321,4.4641,2.3175,15.4486,0.014309
17935,0.9522,7.884,4.4784,2.3179,15.6325,0.009748
17936,0.9669,8.128,4.4393,2.3171,15.8512,0.018473
17937,0.9792,7.8409,4.4327,2.3083,15.5611,0.022116
17938,0.965,7.8443,4.3835,2.3113,15.5041,0.036345
17939,0.9212,7.8314,4.4537,2.3502,15.5565,0.055048
17940,0.9606,7.7736,4.3821,2.3344,15.4507,0.046954
17941,0.9592,7.8285,4.4682,2.4042,15.6601,0.038742
17942,1.0166,7.8052,4.368,2.3537,15.5434,0.046543
17943,0.8932,7.934,4.4385,2.3522,15.6179,0.059904
17944,0.9372,7.8074,4.3983,2.3366,15.4794,0.022707
17945,0.9687,7.8456,4.4535,2.3009,15.5687,0.020222
17946,0.9649,7.7115,4.478,2.3016,15.456,0.017097
17947,0.9319,7.8466,4.4488,2.309,15.5362,0.023501
17948,0.9354,7.8612,4.4118,2.3087,15.5171,0.027032
17949,0.9583,7.8489,4.4579,2.3417,15.6068,0.022851
17950,0.9544,7.7843,4.385,2.3402,15.4639,0.018529
17951,0.908,7.875,4.4524,2.3424,15.5778,0.037915
17952,0.9429,7.7715,4.4963,2.534,15.7447,0.038037
17953,0.9919,7.8801,4.3773,2.3635,15.6128,0.036866
17954,0.9386,7.8151,4.4757,2.3485,15.578,0.061828
17955,0.8936,7.8398,4.4555,2.3082,15.4971,0.067396
17956,0.9887,7.826,4.4763,2.3208,15.6118,0.107911
17957,0.9995,7.873,4.3585,2.3071,15.538,0.127254
17958,1.0066,7.7251,4.408,2.3081,15.4478,0.009513
17959,0.9068,7.9009,4.377,2.3253,15.51,0.005548
17960,0.9509,7.9337,4.3953,2.3309,15.6107,0.003441
17961,0.9606,7.8847,4.3755,2.3293,15.5501,0.006212
17962,0.9582,8.0602,4.3642,2.3408,15.7234,0.00549
17963,0.9206,7.8198,4.3518,2.3401,15.4323,0.0057
17964,0.964,7.85,4.4213,2.3589,15.5942,0.00557
17965,0.947,7.911,4.369,2.3528,15.5798,0.004433
17966,0.9656,7.77,4.3311,2.302,15.3688,0.004639
17967,0.9425,7.8383,4.3987,2.3054,15.4848,0.072273
17968,0.9871,7.8256,4.3716,2.3194,15.5037,0.007704
17969,0.9578,7.8446,4.2999,2.3378,15.4402,0.008423
17970,0.9596,7.8005,4.3371,2.344,15.4412,0.0086
17971,0.9284,7.8765,4.3355,2.3405,15.4809,0.009224
17972,0.9609,7.8376,4.3915,2.365,15.555,0.014885
17973,0.9387,7.7687,4.3567,2.3399,15.404,0.016265
17974,0.9295,7.724,4.3369,2.3139,15.3042,0.091022
17975,0.9233,7.808,4.3449,2.3179,15.3941,0.014759
17976,0.9384,7.848,4.336,2.3209,15.4433,0.015171
17977,0.9304,7.8204,4.3259,2.3325,15.4092,0.00865
17978,0.9352,7.7579,4.3543,2.3277,15.3751,0.006423
17979,0.9116,7.828,4.3703,2.3385,15.4485,0.006046
17980,0.933,7.7621,4.4118,2.3528,15.4596,0.011163
17981,0.9392,7.8049,4.3782,2.3189,15.4413,0.012779
17982,0.955,7.682,4.3287,2.3039,15.2696,0.020378
17983,0.9461,7.7978,4.3402,2.3172,15.4013,0.032082
17984,0.9267,7.8285,4.3023,2.3318,15.3894,0.029975
17985,0.9352,7.7914,4.3573,2.3301,15.4139,0.046479
17986,0.936,7.8262,4.3482,2.3463,15.4567,0.054328
17987,0.8986,7.7658,4.3343,2.3339,15.3326,0.066493
17988,0.9358,7.766,4.3042,2.3242,15.3303,0.045442
17989,0.9545,8.1697,4.3659,2.317,15.8072,0.056288
17990,0.9577,7.7333,4.3219,2.3114,15.3242,0.030711
17991,0.9176,7.7987,4.3406,2.3084,15.3654,0.045867
17992,0.9315,7.7752,4.3278,2.3315,15.366,0.054101
17993,0.9354,7.8069,4.3323,2.3345,15.4091,0.03707
17994,0.9293,7.7536,4.4499,2.3514,15.4842,0.065288
17995,0.8986,7.9046,4.4267,3.2486,16.4785,0.031539
17996,0.9578,7.8258,4.3758,2.3375,15.497,0.051466
17997,0.96,7.8752,4.3705,2.3494,15.5551,0.052585
17998,0.9583,7.7437,4.3295,2.3341,15.3657,0.044175
17999,0.9271,7.857,4.3294,2.3109,15.4245,0.025294
18000,0.9867,7.8246,4.3732,2.3109,15.4953,0.035418
18001,1.0651,7.885,4.3832,2.3213,15.6546,0.033059
18002,0.9584,7.8373,4.3634,2.3162,15.4753,0.039799
18003,0.9411,7.9072,4.3832,2.3438,15.5754,0.030018
18004,0.9333,7.7701,4.3224,2.3528,15.3786,0.028101
18005,0.9633,7.8455,4.3703,2.339,15.5181,0.04221
18006,0.9607,7.896,4.3548,2.3293,15.5409,0.04846
18007,0.9068,8.0145,4.3526,2.3474,15.6213,0.034929
18008,0.9316,7.7905,4.3992,2.3262,15.4475,0.011617
18009,1.0034,7.83,4.3501,2.3081,15.4917,0.013306
18010,0.9923,7.8264,4.3881,2.2727,15.4796,0.011556
18011,0.9137,8.0047,4.3611,2.3066,15.5861,0.008043
18012,0.9692,7.9132,4.3091,2.3391,15.5307,0.021839
18013,0.9595,7.871,4.3577,2.353,15.5412,0.012381
18014,0.9615,7.7983,4.3483,2.3435,15.4516,0.030162
18015,0.9277,8.1819,4.3314,2.3573,15.7983,0.043089
18016,0.9644,7.7937,4.31,2.3581,15.4261,0.047031
18017,0.9568,7.8825,4.3523,2.3455,15.5372,0.050091
18018,0.9615,7.7644,4.3085,2.3183,15.3527,0.048083
18019,0.9437,7.8464,4.3844,2.3208,15.4953,0.028587
18020,0.9758,7.7912,4.3363,2.3088,15.4121,0.030293
18021,0.9589,7.8894,4.3663,2.3221,15.5367,0.026491
18022,0.9552,7.8341,4.3416,2.3362,15.4671,0.026064
18023,0.9362,7.8934,4.347,2.3392,15.5158,0.014676
18024,0.9657,7.8338,4.3524,2.3708,15.5227,0.025143
18025,0.9585,7.8016,4.3471,2.3519,15.4592,0.021341
18026,0.9572,7.8204,4.3168,2.3014,15.3958,0.030209
18027,0.9365,7.9296,4.3592,2.3171,15.5424,0.029801
18028,0.987,7.8387,4.3568,2.3044,15.4869,0.030485
18029,0.9426,7.9022,4.4423,2.3104,15.5974,0.032563
18030,0.9476,7.8107,4.3473,2.3437,15.4493,0.038981
18031,0.9162,7.8337,4.3694,2.3372,15.4565,0.036015
18032,0.9428,7.7894,4.3125,2.3533,15.398,0.039155
18033,0.9478,7.8433,4.359,2.347,15.4971,0.033677
18034,0.9488,7.8196,4.344,2.3342,15.4465,0.027175
18035,0.9173,7.8462,4.3612,2.3222,15.4469,0.015387
18036,0.9875,7.7914,4.3669,2.3193,15.465,0.022316
18037,1.0016,7.8323,4.369,2.3177,15.5205,0.020487
18038,0.9663,7.87,4.3552,2.353,15.5445,0.028424
18039,0.914,7.835,4.3432,2.3481,15.4403,0.020801
18040,0.9465,7.9059,4.3486,2.3541,15.555,0.022408
18041,0.9661,7.8067,4.3804,2.3355,15.4887,0.028192
18042,0.9644,8.326,4.3857,2.3469,16.023,0.030424
18043,0.9362,7.8578,4.3908,2.3506,15.5354,0.020287
18044,0.9591,7.7994,4.3583,2.3464,15.4632,0.041952
18045,0.9611,7.8097,4.425,2.3301,15.5259,0.038953
18046,1.0036,7.779,4.3252,2.3223,15.4301,0.043924
18047,0.9361,7.8639,4.3913,2.3144,15.5057,0.052453
18048,0.9265,7.8131,4.3986,2.3516,15.4899,0.055046
18049,0.9538,7.8109,4.3744,2.3352,15.4743,0.049713
18050,0.9662,7.817,4.3712,2.3557,15.5101,0.057975
18051,0.9227,7.8958,4.3958,2.3379,15.5523,0.064954
18052,0.94,7.8226,4.3535,2.3458,15.4619,0.053629
18053,0.9591,7.8428,4.4325,2.3402,15.5745,0.054074
18054,0.9629,7.7574,4.3518,2.3156,15.3877,0.065328
18055,0.9519,7.8673,4.3783,2.3242,15.5217,0.052454
18056,0.9914,7.7773,4.3649,2.3196,15.4533,0.043779
18057,0.9633,7.8531,4.3543,2.3288,15.4996,0.04715
18058,0.9512,7.8314,4.351,2.3404,15.474,0.0466
18059,0.9224,7.8596,4.3916,2.3446,15.5183,0.038562
18060,0.9686,7.7927,4.3612,2.3461,15.4686,0.049577
18061,0.9623,7.8652,4.3676,2.3418,15.5369,0.053832
18062,0.9567,7.7463,4.3246,2.3194,15.347,0.047668
18063,0.9369,7.9501,4.3729,2.3145,15.5744,0.065007
18064,0.9825,7.8513,4.4508,2.3118,15.5964,0.070265
18065,0.9977,7.805,4.3978,2.3305,15.531,0.073851
18066,0.9608,7.8568,4.3951,2.3241,15.5369,0.086157
18067,0.93,7.9006,4.3727,2.3295,15.5328,0.098085
18068,0.9446,8.1431,4.3197,2.359,15.7663,0.997217
18069,0.9689,7.8471,4.3398,2.3345,15.4903,0.999992
18070,0.9647,7.9142,4.3259,2.3378,15.5427,0.999999
18071,0.9143,7.8617,4.2891,2.3351,15.4002,0.999994
18072,0.9449,7.7599,4.307,2.3177,15.3296,0.999991
18073,0.9849,7.8356,4.2869,2.3106,15.4179,0.999991
18074,0.9767,7.8698,4.3433,2.3227,15.5125,0.999981
18075,0.9103,7.8477,4.2954,2.3466,15.4,0.999983
18076,0.9369,7.8821,4.278,2.3496,15.4466,0.999976
18077,0.9643,7.8735,4.2921,2.3301,15.4599,0.999991
18078,0.9575,7.7913,4.2811,2.3388,15.3686,0.999986
18079,0.9149,7.8863,4.2953,2.3516,15.4481,0.99999
18080,0.9387,7.8592,4.2919,2.3098,15.3995,0.999985
18081,0.9921,7.8299,4.5205,2.437,15.7795,0.999982
18082,1.0312,7.7212,4.3352,2.3135,15.4011,0.999992
18083,0.9109,7.8554,4.2987,2.3703,15.4353,0.999994
18084,0.9422,7.8255,4.3007,2.3293,15.3977,0.999995
18085,0.9543,7.9002,4.347,2.3879,15.5894,0.999995
18086,0.9558,7.794,4.3192,2.3448,15.4139,0.999933
18087,0.9154,7.8673,4.3342,2.3511,15.4679,0.999926
18088,0.9411,7.914,4.3359,2.3487,15.5397,0.999798
18089,0.9781,7.8101,4.3482,2.3313,15.4676,0.999065
18090,0.9754,7.7835,4.3087,2.3099,15.3775,0.970583
18091,0.8943,7.8672,4.341,2.3095,15.412,0.957367
18092,0.9564,7.8575,4.3161,2.3519,15.4819,0.446778
18093,0.9637,7.8377,4.3653,2.3232,15.49,0.283945
18094,0.9602,8.1765,4.3599,2.357,15.8536,0.326647
18095,0.893,7.8342,4.3313,2.3485,15.4069,0.280748
18096,0.9601,7.8177,4.4119,2.3222,15.5119,0.174444
18097,0.9576,7.9403,4.4131,2.3455,15.6564,0.210334
18098,0.9617,7.9397,4.32,2.3133,15.5347,0.192001
18099,0.9147,8.3011,4.4321,2.3117,15.9596,0.141103
18100,0.9861,7.7956,4.3437,2.3131,15.4385,0.194962
18101,0.9559,7.8161,4.3647,2.3112,15.4479,0.192198
18102,0.9632,7.8892,4.3519,2.3169,15.5211,0.205288
18103,0.8911,7.8285,4.3695,2.3267,15.4159,0.346642
18104,0.9433,7.7333,4.3454,2.3325,15.3545,0.290036
18105,0.9512,7.8608,4.3591,2.3425,15.5136,0.234627
18106,0.9616,7.8155,4.3642,2.3352,15.4766,0.227931
18107,0.9226,7.7978,4.3348,2.3098,15.3651,0.193462
18108,0.9695,7.7763,4.3279,2.3015,15.3752,0.17601
18109,0.9912,7.7787,4.379,2.3016,15.4505,0.18704
18110,0.9278,7.7657,4.3251,2.3413,15.3599,0.175332
18111,0.916,7.8332,4.3621,2.342,15.4532,0.151101
18112,0.944,7.8172,4.3458,2.3385,15.4454,0.205839
18113,0.9563,7.8969,4.3859,2.3168,15.556,0.198175
18114,0.9283,7.8359,4.3058,2.3415,15.4116,0.192803
18115,0.9164,7.9298,4.354,2.3049,15.5051,0.17983
18116,0.9942,7.8158,4.3443,2.3092,15.4634,0.197624
18117,0.986,7.8797,4.3655,2.3156,15.5467,0.16672
18118,0.9577,7.8501,4.3561,2.3084,15.4724,0.250806
18119,0.8958,7.8433,4.3899,2.3457,15.4747,0.268017
18120,0.9698,7.8462,4.3847,2.3375,15.5382,0.161546
18121,0.9567,8.1524,4.327,2.3399,15.7761,0.188951
18122,0.9702,7.8298,4.3404,2.3356,15.476,0.170182
18123,0.8879,7.8478,4.4533,2.3626,15.5516,0.06919
18124,0.9426,7.8031,4.3742,2.3159,15.4358,0.138385
18125,0.9504,7.8234,4.4162,2.3102,15.5002,0.13529
18126,0.9635,7.7749,4.3131,2.308,15.3594,0.105582
18127,0.9388,8.0115,4.407,2.3115,15.6688,0.094839
18128,0.9335,7.8216,6.366,2.3348,17.456,0.096145
18129,0.9468,7.8711,4.3988,2.2991,15.5158,0.077206
18130,0.9565,7.7985,4.3045,2.3136,15.3732,0.118653
18131,0.9482,7.8013,4.3859,2.3055,15.4408,0.126442
18132,0.9364,7.8147,4.4065,2.3304,15.488,0.08461
18133,0.9456,7.781,4.3342,2.3412,15.402,0.046824
18134,0.9732,7.7786,4.3908,2.2987,15.4414,0.03984
18135,0.9103,7.8747,4.3794,2.3276,15.492,0.035848
18136,0.9292,7.7879,4.3713,2.336,15.4244,0.08117
18137,0.9536,7.8829,4.42,2.322,15.5785,0.075368
18138,0.9898,7.8778,4.3844,2.3096,15.5616,0.039889
18139,0.9334,7.8419,4.4532,2.3172,15.5457,0.039927
18140,0.9842,7.8087,4.3873,2.3163,15.4966,0.069639
18141,0.9632,7.8028,4.3445,2.3368,15.4474,0.060247
18142,0.9465,7.7748,4.3604,2.3372,15.4189,0.073441
18143,0.9024,7.7369,4.3515,2.3453,15.3361,0.084143
18144,0.9356,7.8054,4.3539,2.3651,15.4599,0.054123
18145,0.9588,7.8113,4.416,2.3358,15.5219,0.058898
18146,0.9535,7.7809,4.3205,2.3078,15.3627,0.089731
18147,0.9663,8.184,4.3839,2.3226,15.8568,0.080559
18148,0.9431,7.7883,4.3965,2.3233,15.4513,0.105702
18149,0.8936,7.8073,4.357,2.3188,15.3768,0.085403
18150,0.9396,7.828,4.3672,2.3325,15.4674,0.08183
18151,0.9688,7.8785,4.3955,2.3494,15.5922,0.05459
18152,0.9375,7.7832,4.305,2.3384,15.3641,0.05117
18153,0.9247,8.676,4.3946,2.3524,16.3477,0.085108
18154,0.9332,7.8275,4.4105,2.3295,15.5008,0.107971
18155,0.9534,7.8239,4.3345,2.3576,15.4695,0.097243
18156,0.9529,7.7545,4.3478,2.317,15.3722,0.083266
18157,0.9109,7.8461,4.4682,2.306,15.5312,0.055948
18158,0.9843,7.8208,4.339,2.3164,15.4606,0.118098
18159,0.9534,7.8443,4.3907,2.307,15.4954,0.128107
18160,0.9529,7.8565,4.3698,2.333,15.5123,0.059832
18161,0.8988,8.0464,4.3503,2.3365,15.632,0.08874
18162,0.9548,7.7772,4.333,2.3378,15.4027,0.060079
18163,0.9538,7.8067,4.403,2.4218,15.5854,0.068786
18164,0.9295,7.7687,4.3223,2.3446,15.3651,0.070547
18165,0.9068,7.9669,4.393,2.3638,15.6304,0.03248
18166,0.9458,7.7557,4.3099,2.3135,15.325,0.097305
18167,0.9842,7.8272,4.4095,2.3003,15.5212,0.152621
18168,0.9692,7.8795,4.391,2.2973,15.537,0.125783
18169,0.8906,7.9266,4.3475,2.354,15.5187,0.128805
18170,0.9477,7.8454,4.314,2.3506,15.4577,0.152125
18171,0.969,7.8595,4.4024,2.3431,15.5739,0.155748
18172,0.949,7.7814,4.3953,2.3409,15.4665,0.183561
18173,0.9132,7.8578,4.3368,2.3454,15.4532,0.168407
18174,0.9477,8.2965,4.3177,2.3681,15.93,0.129717
18175,0.9605,7.8285,4.371,2.311,15.471,0.136335
18176,0.972,7.7864,4.4555,2.3055,15.5193,0.112884
18177,0.9245,7.9282,4.3933,2.3094,15.5554,0.088644
18178,0.9338,7.9517,4.4298,2.3026,15.6179,0.43173
18179,0.9611,7.9673,6.3466,2.3383,17.6133,0.4438
18180,0.9517,7.8133,4.3541,2.3125,15.4316,0.40413
18181,0.9121,8.4641,4.3672,2.3129,16.0563,0.193906
18182,0.9483,7.9333,4.3607,2.3222,15.5645,0.104301
18183,0.9883,7.7803,4.3727,2.3106,15.452,0.495213
18184,0.9833,7.7837,4.3854,2.3075,15.4598,0.475713
18185,0.9207,7.8953,4.3486,2.3448,15.5093,0.437329
18186,0.9156,7.8154,4.3423,2.347,15.4203,0.456051
18187,0.9642,7.8446,4.3558,2.3372,15.5018,0.393036
18188,0.9581,7.8852,4.2865,2.339,15.4688,0.345938
18189,0.9126,7.9386,4.4002,2.3424,15.5938,0.272143
18190,0.9289,7.8091,4.3789,2.316,15.433,0.365258
18191,0.9965,7.9128,4.3415,2.321,15.5718,0.27649
18192,0.9951,7.8689,4.3242,2.3156,15.5037,0.281771
18193,0.8899,8.5043,4.3887,2.2997,16.0826,0.283046
18194,0.9704,7.7682,4.3026,2.3236,15.3648,0.236929
18195,0.9556,7.8471,4.2705,2.3325,15.4056,0.185727
18196,0.963,7.8509,4.2799,2.3393,15.4331,0.145854
18197,0.9153,7.8419,4.2838,2.3441,15.3852,0.116037
18198,0.9204,7.8106,4.312,2.3053,15.3483,0.111376
18199,0.9588,7.8967,4.2694,2.3245,15.4494,0.125775
18200,0.9748,8.1307,4.2964,2.3163,15.7182,0.088075
18201,0.952,7.8599,4.3101,2.3084,15.4304,0.085172
18202,0.9522,7.8272,4.3288,2.3092,15.4174,0.09983
18203,0.9559,7.8193,4.3103,2.3442,15.4297,0.121222
18204,0.9574,7.8652,4.3095,2.3344,15.4666,0.069679
18205,0.9205,7.8789,4.2979,2.3418,15.4391,0.049611
18206,0.9498,7.8986,4.299,2.3461,15.4935,0.095677
18207,0.9494,7.8391,4.315,2.3354,15.4388,0.021482
18208,0.9471,7.8359,4.3743,2.3068,15.4641,0.039256
18209,0.9439,7.8246,4.3671,2.2995,15.4351,0.037182
18210,0.9665,8.3897,4.3526,2.2777,15.9865,0.022876
18211,1.0223,7.8704,4.3167,2.2998,15.5092,0.028399
18212,0.9546,7.8429,4.3091,2.332,15.4386,0.031627
18213,0.9278,7.9074,4.2953,2.336,15.4665,0.025221
18214,0.932,7.7989,4.3117,2.3307,15.3732,0.050833
18215,0.9754,7.8952,4.3528,2.3483,15.5716,0.038604
18216,0.9652,7.7422,4.354,2.3538,15.4153,0.045892
18217,0.9196,7.905,4.3127,2.3235,15.4609,0.076852
18218,0.9685,7.8407,4.3175,2.3295,15.4562,0.051317
18219,0.9677,7.8334,4.2809,2.3026,15.3847,0.125155
18220,0.9328,7.7849,4.2731,2.3469,15.3376,0.010323
18221,0.9284,7.8954,4.3101,2.3313,15.4652,0.012632
18222,0.9551,7.7985,4.305,2.3478,15.4064,0.00656
18223,0.9385,7.8416,4.2909,2.3369,15.4079,0.006201
18224,0.9477,7.8054,4.3522,2.3682,15.4734,0.005536
18225,0.9169,7.9224,4.3752,2.3242,15.5387,0.00514
18226,0.9726,7.8869,4.307,2.321,15.4874,0.008162
18227,0.9848,8.187,4.3201,2.3141,15.8061,0.0107
18228,0.96,7.7947,4.3573,2.3103,15.4223,0.02018
18229,0.9224,7.8907,4.3413,2.3306,15.485,0.021641
18230,0.9594,7.9485,4.352,2.325,15.5848,0.026669
18231,0.9603,7.8516,4.3633,2.3341,15.5092,0.022768
18232,0.951,7.82,4.3261,2.354,15.4511,0.029221
18233,0.9188,7.7715,4.4058,2.3743,15.4704,0.011667
18234,0.9313,7.8488,4.387,2.298,15.4652,0.016531
18235,0.9947,7.8861,4.3879,2.3016,15.5703,0.005473
18236,1.0034,7.8273,4.305,2.3161,15.4519,0.005248
18237,0.9016,7.8816,4.395,2.3133,15.4915,0.004431
18238,0.9167,7.8665,4.3702,2.3269,15.4803,0.006887
18239,0.9557,7.7853,4.3521,2.3346,15.4277,0.005478
18240,0.9546,7.8054,4.3021,2.3402,15.4024,0.004903
18241,0.893,7.8801,4.3414,2.3434,15.4579,0.003099
18242,0.9391,7.8626,4.3052,2.3453,15.4522,0.00648
18243,0.9527,7.7924,4.3227,2.3166,15.3845,0.004734
18244,1.0103,7.8197,4.3525,2.3196,15.5022,0.005477
18245,0.8921,8.4663,4.3022,2.3047,15.9653,0.004522
18246,1.0357,7.8204,4.3421,2.3163,15.5144,0.00354
18247,0.9434,7.9645,4.2951,2.3295,15.5325,0.008839
18248,0.9638,7.8807,4.3457,2.3412,15.5314,0.009468
18249,0.8882,7.8025,4.2873,2.3262,15.3042,0.007294
18250,0.9427,7.9027,4.3187,2.3461,15.5102,0.007822
18251,0.9573,7.91,4.3171,2.36,15.5445,0.010087
18252,0.9489,7.7435,4.3034,2.3108,15.3066,0.012953
18253,0.942,8.1769,4.3375,2.3278,15.7842,0.015274
18254,0.9887,7.8765,4.3104,2.3263,15.5019,0.018231
18255,0.9949,7.8457,4.3171,2.3222,15.4799,0.019397
18256,0.9314,7.804,4.3417,2.3447,15.4217,0.019745
18257,0.8909,7.8975,4.3483,2.3348,15.4716,0.019689
18258,0.9527,7.7364,4.2954,2.3636,15.3481,0.01948
18259,0.9664,7.7753,4.3119,2.331,15.3846,0.018641
18260,0.9349,7.8117,4.3761,2.3228,15.4456,0.018078
18261,0.9071,7.8795,4.3552,2.3098,15.4516,0.017065
18262,0.9857,7.7534,4.2698,2.3236,15.3325,0.017565
18263,0.9704,7.8287,4.3281,2.3067,15.4339,0.013463
18264,0.9359,7.8211,4.2794,2.3457,15.3821,0.011339
18265,0.8921,7.8566,4.3215,2.342,15.4122,0.008612
18266,0.9466,7.8579,4.3262,2.3526,15.4833,0.013932
18267,0.9641,7.7793,4.3008,2.3408,15.385,0.011394
18268,0.9341,7.7658,4.298,2.3256,15.3235,0.014042
18269,0.9121,7.8059,4.2908,2.3005,15.3093,0.017977
18270,0.9668,7.7796,4.2919,2.3262,15.3645,0.014776
18271,0.9751,7.8536,4.2907,2.3383,15.4576,0.020896
18272,0.9319,7.8536,4.2974,2.3276,15.4106,0.022071
18273,0.8999,7.9045,4.2886,2.3402,15.4332,0.022542
18274,0.9679,7.8537,4.2788,2.3504,15.4507,0.02031
18275,0.9567,7.8177,4.275,2.3221,15.3715,0.015817
18276,0.962,7.7689,4.2707,2.3123,15.3139,0.016423
18277,0.9353,7.8315,4.2878,2.3049,15.3594,0.007651
18278,0.9505,7.9162,4.2726,2.353,15.4923,0.012425
18279,0.9696,7.8306,4.2685,2.325,15.3937,0.011504
18280,0.9474,8.0989,4.266,2.3513,15.6636,0.011085
18281,0.9024,7.7831,4.4079,2.3564,15.4499,0.007234
18282,0.9554,7.7615,4.2786,2.358,15.3535,0.010584
18283,0.9641,7.8194,4.2759,2.3053,15.3646,0.011679
18284,0.983,7.7255,4.3195,2.2944,15.3224,0.011134
18285,0.9381,7.934,4.3301,2.3259,15.5282,0.00933
18286,0.9556,7.8238,4.2707,2.345,15.3951,0.012383
18287,0.9665,7.8456,4.2905,2.3224,15.4251,0.016014
18288,0.9646,7.8041,4.2779,2.338,15.3846,0.015292
18289,0.9222,7.8818,4.3166,2.342,15.4626,0.011438
18290,0.9572,7.7568,4.3593,2.3181,15.3913,0.024704
18291,0.9484,7.8074,4.2989,2.3146,15.3694,0.027033
18292,0.9904,7.762,4.3359,2.307,15.3952,0.021111
18293,0.894,7.8664,4.2766,2.3426,15.3796,0.058416
18294,0.9348,7.762,4.2959,2.3308,15.3235,0.021656
18295,0.9484,7.7833,4.3128,2.32,15.3645,0.02572
18296,0.9518,7.7875,4.335,2.3617,15.436,0.028002
18297,0.8875,7.8074,4.313,2.3093,15.3173,0.042995
18298,0.9274,7.8966,4.3091,2.313,15.4462,0.029015
18299,0.9972,7.8276,4.303,2.3031,15.431,0.020127
18300,0.9701,7.7953,4.332,2.3128,15.4101,0.016445
18301,0.9061,7.8788,4.2858,2.3318,15.4025,0.022904
18302,0.9553,7.8907,4.3096,2.3507,15.5062,0.041097
18303,0.9597,7.8349,4.2793,2.3641,15.438,0.034238
18304,0.9329,7.7819,4.3422,2.3672,15.4241,0.032788
18305,0.9172,7.801,4.3145,2.3099,15.3425,0.034235
18306,0.9579,8.1346,4.3373,2.3079,15.7378,0.052451
18307,0.9701,7.7966,4.2798,2.3196,15.3661,0.019325
18308,0.9793,7.8037,4.3196,2.3096,15.4122,0.022971
18309,0.8973,7.8026,4.2886,2.3423,15.3308,0.029397
18310,0.9287,7.8116,4.2884,2.3244,15.3531,0.01905
18311,0.9399,7.8502,4.2806,2.3379,15.4085,0.021005
18312,0.9494,7.8572,4.3094,2.3344,15.4504,0.02361
18313,0.9052,7.8397,4.2809,2.3322,15.358,0.019081
18314,0.9461,7.7866,4.2983,2.3167,15.3477,0.041053
18315,0.9495,7.8208,4.2973,2.3207,15.3884,0.955903
18316,0.9659,7.8442,4.2735,2.3371,15.4207,0.999996
18317,0.9195,7.8909,4.2892,2.344,15.4436,0.99999
18318,0.9566,7.8291,4.2948,2.3432,15.4237,0.999904
18319,0.9444,7.8072,4.2808,2.3384,15.3709,0.976951
18320,0.9638,7.8554,4.301,2.3063,15.4264,0.896193
18321,0.9276,7.8811,4.3442,2.3156,15.4685,0.665815
18322,0.961,7.7843,4.3579,2.3275,15.4307,0.6675
18323,0.9596,7.849,4.2943,2.3062,15.409,0.630901
18324,0.9516,7.8628,4.3584,2.3163,15.4891,0.56363
18325,0.9119,7.9281,4.3037,2.3341,15.4778,0.044744
18326,0.9539,7.801,4.2952,2.3606,15.4107,0.066134
18327,0.9407,7.8437,4.328,2.3137,15.4262,0.062152
18328,0.9447,7.7656,4.2952,2.3213,15.3268,0.07297
18329,0.9442,7.9277,4.2719,2.3264,15.4702,0.047143
18330,0.9784,7.8791,4.3121,2.3197,15.4893,0.0852
18331,0.9427,7.875,4.2711,2.3389,15.4277,0.011909
18332,0.9365,7.84,4.2703,2.3258,15.3726,0.015505
18333,0.9062,8.1662,4.2986,2.338,15.7091,0.012859
18334,0.951,7.8803,4.3099,2.3558,15.497,0.032656
18335,0.9284,7.833,4.3217,2.3368,15.42,0.052943
18336,0.9329,7.7837,4.335,2.3162,15.3679,0.049643
18337,0.9125,7.9495,4.2902,2.3115,15.4636,0.044011
18338,0.981,7.8917,4.312,2.3255,15.5103,0.012276
18339,0.9782,7.7882,4.4897,2.6271,15.8831,0.047551
18340,1.128,8.0609,4.3855,2.3129,15.8873,0.367032
18341,0.9043,7.9043,4.3401,2.3073,15.4561,0.016952
18342,0.931,7.9061,4.312,2.3279,15.4769,0.005919
18343,0.9548,7.8731,4.2876,2.3334,15.449,0.05813
18344,0.9472,7.793,4.2679,2.3449,15.353,0.046439
18345,0.8945,7.8819,4.3039,2.3385,15.4188,0.116296
18346,0.9188,7.7663,4.2957,2.3106,15.2913,0.015848
18347,0.9866,7.8113,4.3509,2.3118,15.4607,0.008047
18348,0.9626,7.6983,4.3228,2.2946,15.2783,0.016629
18349,0.901,7.8543,4.3196,2.3286,15.4034,0.019409
18350,0.9407,7.8148,4.2839,2.3347,15.3741,0.007265
18351,0.9352,7.7924,4.293,2.3409,15.3615,0.015862
18352,0.9297,7.7406,4.2744,2.3485,15.2933,0.027489
18353,0.9109,7.8289,4.2871,2.3101,15.3369,0.011749
18354,0.9857,7.8508,4.2731,2.325,15.4347,0.032951
18355,0.9723,7.7763,4.3357,2.2956,15.3799,0.018206
18356,0.9333,7.838,4.3025,2.3402,15.414,0.016666
18357,0.9139,7.9127,4.2957,2.3386,15.4609,0.038239
18358,0.9588,7.7559,4.2806,2.3559,15.3513,0.025338
18359,0.9364,8.2375,4.2936,2.3283,15.7959,0.024539
18360,0.9414,7.729,4.3498,2.3461,15.3663,0.014015
18361,0.9126,7.8402,4.3102,2.3144,15.3773,0.021921
18362,0.9836,7.8371,4.2994,2.3013,15.4214,0.021331
18363,0.9613,7.8281,4.3243,2.3087,15.4224,0.024657
18364,0.9385,7.9011,4.2925,2.3371,15.4692,0.026279
18365,0.9081,8.0522,4.3225,2.3252,15.6079,0.017119
18366,0.9231,7.7848,4.3198,2.3251,15.3528,0.02287
18367,0.97,7.9395,4.292,2.3443,15.5458,0.031649
18368,0.9697,7.7789,4.2966,2.3488,15.394,0.029788
18369,0.8875,7.9243,4.2764,2.3093,15.3976,0.026434
18370,0.9902,7.8088,4.2834,2.2973,15.3798,0.176634
18371,0.9906,7.8143,4.3216,2.317,15.4434,0.355021
18372,0.9279,7.8081,4.2705,2.3349,15.3414,0.563651
18373,0.9166,7.877,4.2831,2.3462,15.4229,0.996403
18374,0.9554,7.8262,4.299,2.3669,15.4474,0.999975
18375,0.9365,7.8095,4.3227,2.3562,15.4249,0.999993
18376,0.9426,7.8219,4.3376,2.3252,15.4274,0.999993
18377,0.9481,7.7826,4.3111,2.3189,15.3606,0.999997
18378,0.9956,7.8034,4.3109,2.3094,15.4193,0.999997
18379,0.9454,7.7863,4.277,2.339,15.3477,0.999997
18380,0.929,7.7658,4.2915,2.3245,15.3108,0.999996
18381,0.9134,7.9093,4.3057,2.3366,15.465,0.999996
18382,0.9541,7.8053,4.2706,2.3536,15.3836,0.999995
18383,0.9506,7.8032,4.3111,2.3173,15.3822,0.999998
18384,0.9346,7.7338,4.281,2.3206,15.27,0.999995
18385,0.956,7.8779,4.3105,2.3118,15.4562,0.999996
18386,0.9489,8.2038,4.2963,2.3167,15.7657,0.999996
18387,0.943,7.8114,4.3033,2.3461,15.4038,0.999993
18388,0.9269,7.8217,4.3044,2.3318,15.3848,0.999994
18389,0.8987,7.9328,4.311,2.3269,15.4694,0.999993
18390,0.9497,7.7391,4.3197,2.3502,15.3587,0.999992
18391,0.9368,7.8029,4.2969,2.3049,15.3416,0.999991
18392,0.9906,8.0225,4.3299,2.3016,15.6446,0.999989
18393,0.9247,7.8585,4.3004,2.3034,15.387,0.999983
18394,0.9577,7.7777,4.3016,2.3218,15.3589,0.999884
18395,0.9711,7.8757,4.3075,2.3388,15.4931,0.997656
18396,0.9584,7.8822,4.3837,2.3079,15.5322,0.994492
18397,0.9411,7.8362,4.3211,2.3456,15.4439,0.984979
18398,0.9178,7.7645,4.3228,2.3623,15.3674,0.956104
18399,0.8939,7.8035,4.2648,2.3188,15.2811,0.881429
18400,0.9413,7.828,4.2762,2.3017,15.3472,0.774553
18401,0.9968,7.9842,4.2869,2.3153,15.5833,0.575154
18402,0.9548,7.8862,4.2939,2.3238,15.4587,0.529947
18403,0.8918,7.8414,4.2921,2.3365,15.3619,0.429633
18404,0.926,7.7929,4.3071,2.3487,15.3747,0.307507
18405,0.9573,7.8556,4.3112,2.3303,15.4543,0.465907
18406,0.9591,7.7435,4.2746,2.3479,15.3252,0.466046
18407,0.9073,7.9204,4.3361,2.3121,15.4759,0.365804
18408,0.9841,7.7762,4.328,2.311,15.3994,0.360342
18409,0.9924,7.8173,4.31,2.3113,15.431,0.610758
18410,0.9165,7.8139,4.3097,2.3289,15.369,0.483304
18411,0.9089,7.8408,4.3092,2.3343,15.3931,0.30012
18412,0.9541,8.2047,4.2992,2.3499,15.8078,0.343256
18413,0.9458,7.9109,4.2868,2.3467,15.4902,0.271075
18414,0.9206,7.8486,4.2915,2.3346,15.3953,0.51342
18415,0.9354,7.8195,4.2949,2.3076,15.3574,0.410058
18416,0.9879,7.8329,4.2741,2.3227,15.4177,0.282306
18417,0.9833,7.8272,4.2998,2.3205,15.4308,0.15668
18418,0.9414,7.7813,4.2892,2.3385,15.3503,0.420294
18419,0.8864,7.9371,4.2902,2.3193,15.433,0.278105
18420,0.9298,7.8284,4.2843,2.3477,15.3901,0.148499
18421,0.9419,7.8215,4.3307,2.3509,15.445,0.109601
18422,0.9497,7.8357,4.3425,2.3482,15.4761,0.122639
18423,0.9192,7.885,4.2905,2.3028,15.3976,0.088004
18424,0.985,7.8355,4.3058,2.3029,15.4292,0.074536
18425,0.9939,7.8185,4.3013,2.3158,15.4294,0.036571
18426,0.9486,7.8029,4.2921,2.3412,15.3847,0.061646
18427,0.8886,7.838,4.2839,2.3443,15.3548,0.046974
18428,0.9335,7.7756,4.2811,2.3517,15.3418,0.061587
18429,0.9591,7.8874,4.3004,2.336,15.4829,0.043139
18430,0.9458,7.7344,4.2465,2.3087,15.2354,0.041552
18431,0.9173,7.923,4.3017,2.3174,15.4595,0.035306
18432,0.9605,7.8732,4.3149,2.319,15.4676,0.032024
18433,0.9563,7.9908,4.2869,2.3381,15.5721,0.053586
18434,0.9572,7.7721,4.2755,2.3274,15.3322,0.070453
18435,0.9088,7.7847,4.2845,2.3573,15.3353,0.039125
18436,0.928,7.8855,4.2895,2.3594,15.4625,0.081048
18437,0.9534,7.8271,4.3188,2.3095,15.4088,0.063883
18438,0.9568,7.799,4.31,2.2987,15.3645,0.054334
18439,0.9332,8.2085,4.2709,2.3196,15.7321,0.083363
18440,0.9646,7.8664,4.2843,2.3084,15.4236,0.109093
18441,0.9617,7.9027,4.2963,2.343,15.5036,0.087207
18442,0.9618,7.7195,4.2835,2.3318,15.2966,0.041677
18443,0.8922,8.5637,4.3287,2.331,16.1156,0.033946
18444,0.922,7.8369,4.308,2.3579,15.4247,0.02004
18445,0.9555,7.849,4.3092,2.3366,15.4502,0.016758
18446,0.946,7.797,4.2867,2.3517,15.3813,0.040033
18447,0.9024,7.9267,4.3007,2.3168,15.4465,0.024624
18448,0.9571,7.7605,4.3168,2.324,15.3585,0.032318
18449,0.9732,7.878,4.3033,2.3029,15.4575,0.030538
18450,0.9249,7.7857,4.2521,2.3389,15.3015,0.03802
18451,0.922,7.8418,4.3044,2.3215,15.3896,0.028397
18452,0.9598,7.8045,4.2819,2.3492,15.3954,0.031576
18453,0.9613,7.8952,4.3268,2.3285,15.5117,0.022033
18454,0.9514,7.7796,4.2897,2.3134,15.3341,0.019563
18455,0.9203,7.871,4.3058,2.3123,15.4095,0.016751
18456,0.9626,7.9126,4.2965,2.3231,15.4949,0.02708
18457,0.951,7.8525,4.3585,2.307,15.469,0.133166
18458,0.9487,7.8454,4.2836,2.3302,15.408,0.032162
18459,0.8925,7.9016,4.2776,2.3129,15.3847,0.031354
18460,0.9444,7.83,4.263,2.3482,15.3856,0.035111
18461,0.9613,7.9317,4.2915,2.3446,15.5291,0.017895
18462,0.9657,7.7574,4.2988,2.3028,15.3246,0.017426
18463,0.9119,8.5275,4.3254,2.3044,16.0692,0.013573
18464,0.9561,7.7079,4.3185,2.3195,15.3019,0.031768
18465,0.9934,8.1615,4.2873,2.3141,15.7563,0.022663
18466,0.952,7.8076,4.3369,2.3154,15.412,0.016229
18467,0.9009,7.8565,4.3652,2.3344,15.457,0.022257
18468,0.9265,7.9049,4.3467,2.3263,15.5044,0.010476
18469,0.9605,8.3041,4.4463,2.3053,16.0162,0.013003
18470,0.9655,7.8054,4.3533,2.325,15.4493,0.005039
18471,0.9323,7.8799,4.3643,2.3511,15.5276,0.004335
18472,0.9573,7.8349,4.3873,2.3456,15.5251,0.006215
18473,0.9651,7.8562,4.3716,2.3228,15.5157,0.008588
18474,0.954,7.774,4.3915,2.313,15.4325,0.010123
18475,0.9577,7.8856,4.3795,2.3222,15.545,0.016974
18476,0.9605,7.8442,4.3822,2.3151,15.5019,0.019322
18477,0.9529,7.8604,4.3615,2.3404,15.5152,0.018636
18478,0.9334,7.7068,4.3314,2.3573,15.329,0.033823
18479,0.912,7.8398,4.3967,2.3492,15.4977,0.034426
18480,0.9364,7.7548,4.4272,2.3657,15.4842,0.037736
18481,0.9758,7.7982,4.3409,2.3418,15.4567,0.060735
18482,0.9572,7.7427,4.3585,2.3106,15.369,0.036874
18483,0.9129,7.8251,4.3953,2.3044,15.4376,0.027498
18484,0.9318,7.8163,4.3477,2.3022,15.3981,0.037198
18485,0.952,7.8612,4.3282,2.342,15.4835,0.033787
18486,0.9531,7.7401,4.3776,2.351,15.4218,0.050147
18487,0.9153,7.7978,4.3043,2.3268,15.3442,0.063166
18488,0.962,7.8927,4.3238,2.3311,15.5096,0.046311
18489,0.964,7.8757,4.3569,2.3066,15.5032,0.045569
18490,0.9953,7.7885,4.321,2.3004,15.4053,0.053642
18491,0.9312,7.8581,4.3497,2.3113,15.4503,0.031509
18492,0.9384,8.2034,4.3356,2.3135,15.7909,0.033146
18493,0.9554,7.8516,4.357,2.339,15.5029,0.033365
18494,0.9578,7.8534,4.3255,2.3375,15.4742,0.031164
18495,0.8942,7.7839,4.3413,2.343,15.3623,0.025001
18496,0.9428,7.765,4.316,2.3429,15.3667,0.024365
18497,0.9611,7.8775,4.3352,2.3377,15.5115,0.021677
18498,0.9604,7.7878,4.3774,2.3099,15.4354,0.021216
18499,0.9167,7.7562,4.3523,2.3141,15.3393,0.016455
18500,0.9483,7.7868,4.3306,2.3039,15.3697,0.02095
18501,0.9612,7.9392,4.2993,2.3307,15.5304,0.020498
18502,0.9522,7.7766,4.3345,2.3318,15.3952,0.017933
18503,0.8966,7.9515,4.3432,2.3471,15.5385,0.015294
18504,0.9749,7.7901,4.3138,2.3453,15.4241,0.016698
18505,0.9545,7.8572,4.3662,2.3509,15.5289,0.010873
18506,0.934,7.7462,4.3331,2.3525,15.3659,0.011197
18507,0.9439,7.7935,4.3884,2.3123,15.4381,0.007092
18508,1.0029,7.8623,4.347,2.3161,15.5284,0.00947
18509,0.9697,7.8867,4.3164,2.3093,15.4821,0.007832
18510,0.928,7.8095,4.3273,2.3257,15.3905,0.007805
18511,0.9163,7.8691,4.3043,2.325,15.4147,0.005844
18512,0.962,7.8038,4.3252,2.3382,15.4293,0.010216
18513,0.9725,7.8035,4.3669,2.37,15.5129,0.008748
18514,0.9449,7.7627,4.3734,2.3295,15.4105,0.008861
18515,0.962,7.8253,4.3016,2.3122,15.401,0.009859
18516,0.9907,7.8472,4.3182,2.3103,15.4664,0.011805
18517,0.9583,7.8309,4.3052,2.3283,15.4228,0.012088
18518,0.9373,8.0494,4.307,2.329,15.6228,0.013233
18519,0.9079,7.8919,4.3792,2.3394,15.5184,0.013756
18520,0.9357,7.8106,4.3095,2.3447,15.4005,0.0124
18521,0.949,8.0674,4.3206,2.3498,15.6869,0.013742
18522,0.9625,7.8225,4.3452,2.3457,15.4758,0.012526
18523,0.9119,7.894,4.3595,2.3223,15.4877,0.04506
18524,0.9905,7.8582,4.348,2.3051,15.5019,0.062919
18525,0.9671,7.7623,4.3178,2.3286,15.3758,0.065498
18526,0.9575,7.825,4.2851,2.3365,15.404,0.058305
18527,0.8984,7.9921,4.2778,2.3359,15.5042,0.076151
18528,0.966,7.8478,4.3068,2.3335,15.4543,0.064205
18529,0.9262,7.7848,4.2908,2.3418,15.3435,0.054676
18530,0.9562,7.8224,4.3447,2.348,15.4713,0.043137
18531,0.8867,7.9825,4.3389,2.2999,15.508,0.035967
18532,0.9907,7.8681,4.2905,2.307,15.4563,0.032425
18533,0.9562,7.8787,4.3002,2.3188,15.4539,0.029766
18534,0.9407,7.8028,4.2665,2.3407,15.3508,0.033872
18535,0.9104,7.8243,4.3586,2.3411,15.4344,0.017944
18536,0.9582,7.8936,4.2784,2.3414,15.4715,0.042709
18537,0.9403,7.7475,4.3043,2.3509,15.343,0.090479
18538,0.9693,7.7618,4.3277,2.316,15.3749,0.085592
18539,0.9155,7.8221,4.3072,2.3133,15.358,0.091696
18540,0.9901,7.8135,4.2667,2.3158,15.3861,0.135878
18541,0.961,7.8913,4.3015,2.3128,15.4667,0.106746
18542,0.9323,7.7938,4.2502,2.3348,15.3111,0.097349
18543,0.907,7.9367,4.3241,2.3181,15.486,0.100383
18544,0.9586,7.796,4.2974,2.3675,15.4195,0.068598
18545,0.9592,8.1266,4.3012,2.3415,15.7285,0.079823
18546,0.9635,7.7785,4.2769,2.317,15.3359,0.069456
18547,0.9067,7.9379,4.3168,2.316,15.4775,0.049714
18548,0.9583,7.8306,4.3297,2.3123,15.4309,0.079235
18549,0.953,7.9337,4.3213,2.3229,15.531,0.092515
18550,0.9479,7.8019,4.2939,2.3288,15.3724,0.080992
18551,0.909,7.8888,4.3191,2.3297,15.4465,0.075574
18552,0.9527,7.9396,4.3006,2.3251,15.518,0.074595
18553,0.9548,7.8502,4.3291,2.3592,15.4933,0.01883
18554,0.962,7.8515,4.2955,2.3295,15.4385,0.025997
18555,0.9374,7.8299,4.2972,2.2996,15.364,0.121184
18556,0.9867,7.8232,4.3079,2.3143,15.4321,0.058706
18557,0.9937,7.8443,4.3726,2.3129,15.5234,0.056605
18558,0.9463,7.7664,4.2568,2.3401,15.3096,0.049176
18559,0.9188,7.8309,4.2857,2.4083,15.4436,0.062059
18560,0.9603,7.7924,4.306,2.351,15.4098,0.060032
18561,0.9419,7.8189,4.2917,2.3366,15.3892,0.090783
18562,0.9567,7.7829,4.2777,2.3101,15.3275,0.105757
18563,0.938,7.8766,4.3125,2.3113,15.4384,0.12383
18564,1.0045,7.7794,4.3014,2.3023,15.3876,0.129712
18565,0.9681,7.7946,4.3165,2.3403,15.4194,0.145701
18566,0.9522,7.7845,4.2809,2.35,15.3676,0.156388
18567,0.9144,7.9318,4.305,2.3375,15.4887,0.170202
18568,0.9648,7.7925,4.3523,2.3455,15.4552,0.17868
18569,0.9578,7.7839,4.3328,2.3821,15.4567,0.187998
18570,0.9597,7.6543,4.297,2.3073,15.2184,0.200754
18571,0.9487,8.1817,4.3446,2.3232,15.7981,0.127775
18572,0.9955,7.737,4.2948,2.3252,15.3525,0.135866
18573,0.9293,7.8822,4.2943,2.3411,15.4469,0.047706
18574,0.976,7.7916,4.2583,2.3478,15.3737,0.086355
18575,0.9306,7.7807,4.2926,2.3353,15.3392,0.036487
18576,0.9621,7.8504,4.3135,2.3579,15.484,0.068712
18577,0.9313,7.8029,4.3061,2.3232,15.3635,0.048352
18578,0.9468,7.7949,4.3406,2.3102,15.3924,0.031013
18579,0.945,7.8825,4.3058,2.3163,15.4497,0.026353
18580,0.954,7.8678,4.3384,2.3168,15.4769,0.027905
18581,0.9548,7.8551,4.2835,2.3384,15.4319,0.024237
18582,0.9342,7.7055,4.2795,2.3311,15.2504,0.021677
18583,0.9176,7.8344,4.2931,2.339,15.3841,0.014767
18584,0.9626,7.909,4.2954,2.3398,15.5068,0.013753
18585,0.9597,7.8902,4.3395,2.3396,15.5291,0.015565
18586,0.9659,7.853,4.2795,2.3126,15.411,0.014466
18587,0.9441,7.8632,4.3216,2.3135,15.4424,0.014754
18588,0.9561,7.8748,4.2978,2.3198,15.4486,0.024134
18589,0.9541,7.8592,4.2984,2.3739,15.4857,0.02828
18590,0.9214,7.8506,4.2448,2.3467,15.3634,0.029225
18591,0.915,7.8017,4.2929,2.3343,15.3438,0.029803
18592,0.9552,7.8314,4.2764,2.3367,15.3997,0.032137
18593,0.9662,7.9505,4.3119,2.2944,15.5231,0.039055
18594,0.9632,7.8544,4.3035,2.3052,15.4262,0.04206
18595,0.9435,7.7647,4.2975,2.2949,15.3006,0.039017
18596,0.957,7.8295,4.2722,2.3361,15.3949,0.046563
18597,0.974,7.8216,4.3262,2.3435,15.4653,0.063491
18598,0.9576,8.1264,4.4144,2.5535,16.0518,0.055068
18599,1.061,8.3484,4.3063,2.3309,16.0467,0.044505
18600,0.9576,7.8348,4.2913,2.3405,15.4241,0.057518
18601,0.9366,7.8881,4.298,2.3476,15.4703,0.052489
18602,0.9625,7.796,4.2951,2.3587,15.4122,0.048309
18603,0.9191,8.2959,4.2786,2.3492,15.8428,0.045154
18604,0.9668,7.7993,4.3014,2.3166,15.3842,0.037111
18605,0.9578,7.779,4.3568,2.3212,15.4148,0.034774
18606,0.985,7.8113,4.3253,2.3069,15.4286,0.037594
18607,0.9116,7.8718,4.2958,2.3243,15.4035,0.036814
18608,0.9689,7.7748,4.2775,2.3432,15.3644,0.036498
18609,0.9426,7.8668,4.2807,2.3518,15.4419,0.048692
18610,0.9603,7.8097,4.2973,2.3463,15.4136,0.055157
18611,0.9208,7.913,4.2928,2.3106,15.4372,0.043537
18612,0.9895,7.844,4.271,2.3092,15.4137,0.061606
18613,0.9757,7.8928,4.3078,2.3149,15.4912,0.058746
18614,0.9415,7.764,4.2619,2.3193,15.2867,0.061096
18615,0.9191,7.9363,4.288,2.3333,15.4767,0.053531
18616,0.9431,7.7541,4.2866,2.3367,15.3205,0.058002
18617,0.957,7.8666,4.2855,2.3555,15.4647,0.058359
18618,0.9334,7.7727,4.3017,2.3452,15.353,0.070222
18619,0.9118,7.9404,4.3105,2.2944,15.4571,0.04179
18620,1.0077,7.7964,4.2823,2.2959,15.3822,0.053537
18621,0.9658,7.9008,4.3063,2.2996,15.4724,0.049825
18622,0.9348,7.7624,4.2671,2.3351,15.2994,0.047967
18623,0.9172,7.9125,4.296,2.3275,15.4532,0.047581
18624,0.9377,8.1451,4.2979,2.3454,15.7261,0.063562
18625,0.9316,7.8011,4.2958,2.3693,15.3978,0.066203
18626,0.9555,7.8249,4.3326,2.3374,15.4504,0.09332
18627,0.9203,7.8372,4.2913,2.315,15.3638,0.040439
18628,0.9847,7.8837,4.3323,2.3207,15.5215,0.048856
18629,0.9706,7.81,4.2923,2.3192,15.3921,0.125338
18630,0.9545,7.7695,4.3048,2.3471,15.376,0.038549
18631,0.9178,7.8549,4.3275,2.3234,15.4237,0.025238
18632,0.9485,7.7486,4.2889,2.3347,15.3207,0.150563
18633,0.955,7.9109,4.2799,2.3551,15.5009,0.123057
18634,0.9305,7.7519,4.3242,2.3096,15.3161,0.051367
18635,0.9359,7.8564,4.2878,2.3113,15.3914,0.045517
18636,0.9745,7.7722,4.2745,2.3198,15.341,0.028476
18637,0.9657,7.8742,4.2697,2.3353,15.4448,0.013342
18638,0.9352,7.7926,4.2979,2.3316,15.3573,0.015745
18639,0.9184,7.8354,4.3272,2.3381,15.4191,0.01155
18640,0.9418,7.7938,4.2603,2.3407,15.3366,0.01654
18641,0.9575,7.8821,4.3028,2.3258,15.4682,0.015644
18642,0.9805,7.842,4.3349,2.3353,15.4927,0.012961
18643,0.9476,7.8809,4.2869,2.319,15.4343,0.012004
18644,0.9562,7.7478,4.2835,2.3302,15.3177,0.01548
18645,0.9252,7.8499,4.261,2.3188,15.3549,0.016893
18646,0.9564,7.8237,4.2746,2.3333,15.3879,0.019406
18647,0.921,7.7631,4.3042,2.3559,15.3442,0.018544
18648,0.9257,7.8545,4.3135,2.3749,15.4687,0.028892
18649,0.903,7.9572,4.3029,2.3201,15.4832,0.024797
18650,0.9589,7.9376,4.3096,2.3149,15.521,0.02393
18651,0.9787,8.3233,4.3282,2.302,15.9322,0.026321
18652,0.9681,7.8305,4.2875,2.3029,15.389,0.028682
18653,0.9109,7.8948,4.2966,2.3516,15.454,0.017737
18654,0.9455,7.809,4.2958,2.3303,15.3805,0.704073
18655,0.9485,7.8722,4.325,2.3377,15.4834,0.999958
18656,0.9378,7.8113,4.2919,2.3335,15.3745,0.999853
18657,0.8899,7.8862,4.3192,2.3518,15.4471,0.996195
18658,0.9528,7.8338,4.3359,2.3142,15.4368,0.958524
18659,0.994,7.8356,4.2813,2.3063,15.4171,0.204652
18660,0.9316,7.8059,4.2809,2.3109,15.3293,0.190005
18661,0.9299,7.9251,4.2878,2.3317,15.4745,0.176093
18662,0.9508,7.7941,4.2745,2.3385,15.358,0.129578
18663,0.9546,7.906,4.2882,2.3474,15.4961,0.123291
18664,0.9494,7.8033,4.3033,2.355,15.4109,0.122699
18665,0.8881,7.9381,4.3088,2.3285,15.4635,0.084764
18666,0.9933,7.793,4.2877,2.3152,15.3892,0.207835
18667,0.9933,7.8496,4.3041,2.3111,15.4582,0.260492
18668,0.9595,7.8249,4.2719,2.3299,15.3862,0.234193
18669,0.8871,7.8267,4.2861,2.3414,15.3413,0.262035
18670,0.9533,7.7828,4.3082,2.3348,15.3792,0.267129
18671,0.967,7.865,4.2804,2.3521,15.4646,0.233718
18672,0.9611,7.7822,4.3033,2.3408,15.3873,0.248937
18673,0.8974,7.9523,4.2892,2.3046,15.4434,0.18902
18674,0.9832,7.8015,4.2715,2.314,15.3703,0.279661
18675,0.9404,7.8163,4.3241,2.3131,15.394,0.198075
18676,0.9614,7.7795,4.3197,2.3367,15.3972,0.219817
18677,0.9014,8.4079,4.283,2.3509,15.9433,0.217915
18678,0.9548,7.7943,4.246,2.3585,15.3536,0.371213
18679,0.9364,7.796,4.2919,2.3529,15.3772,0.307733
18680,0.9653,7.8076,4.3008,2.3397,15.4134,0.23061
18681,0.9072,7.8772,4.2865,2.3021,15.373,0.130764
18682,0.9851,7.7948,4.268,2.3166,15.3645,0.160674
18683,0.9675,7.8146,4.3045,2.306,15.3927,0.128158
18684,0.9543,7.7845,4.279,2.3447,15.3627,0.132012
18685,0.8982,7.8563,4.2933,2.3637,15.4115,0.183733
18686,0.9552,7.8083,4.2819,2.3453,15.3906,0.16146
18687,0.9482,7.8506,4.2907,2.3481,15.4375,0.16226
18688,0.9591,7.7651,4.314,2.3069,15.3451,0.132024
18689,0.9218,7.8658,4.3343,2.3086,15.4305,0.089311
18690,0.9868,7.8631,4.2736,2.3061,15.4297,0.142389
18691,0.9325,7.8847,4.289,2.3445,15.4507,0.164629
18692,0.9548,7.8036,4.2901,2.3381,15.3866,0.157775
18693,0.9062,7.9131,4.297,2.3351,15.4514,0.127078
18694,0.9347,7.852,4.2984,2.343,15.428,0.211362
18695,0.9649,7.846,4.2909,2.335,15.4367,0.189162
18696,0.9681,7.7514,4.3108,2.3144,15.3447,0.254393
18697,0.946,7.8776,4.3221,2.3152,15.4609,0.218466
18698,0.9779,7.8773,4.3076,2.3134,15.4762,0.177405
18699,0.9656,7.8364,4.2789,2.325,15.4059,0.177215
18700,0.9557,7.8287,4.2757,2.3327,15.3928,0.183263
18701,0.9285,7.8455,4.3121,2.3574,15.4435,0.164498
18702,0.9292,7.7523,4.2901,2.3595,15.3312,0.180331
18703,0.9533,7.8143,4.307,2.315,15.3897,0.183258
18704,0.9962,8.1203,4.3016,2.3315,15.7496,0.201613
18705,0.9557,7.8399,4.3065,2.3117,15.4138,0.189828
18706,0.9576,7.7676,4.3144,2.33,15.3696,0.148668
18707,0.9719,7.8015,4.3048,2.3326,15.4108,0.206397
18708,0.9369,7.8069,4.3236,2.3508,15.4183,0.199981
18709,0.9042,7.8312,4.2995,2.3436,15.3785,0.242935
18710,0.9522,7.8394,4.3086,2.3456,15.4459,0.245611
18711,0.9552,7.841,4.2858,2.317,15.3989,0.229951
18712,0.9805,7.7866,4.2963,2.3044,15.3678,0.236857
18713,0.9233,7.8429,4.3152,2.3135,15.3949,0.214704
18714,0.9537,7.8872,4.2856,2.5274,15.6539,0.161212
18715,0.9804,7.8103,4.3064,2.3381,15.4352,0.117737
18716,0.9667,7.7718,4.3072,2.3387,15.3844,0.101663
18717,0.8969,7.7825,4.3086,2.3468,15.3349,0.074951
18718,0.9557,7.7737,4.3205,2.3482,15.3981,0.099134
18719,0.958,7.8144,4.2939,2.31,15.3762,0.085327
18720,0.9993,7.7683,4.3108,2.3126,15.3909,0.097771
18721,0.8876,7.7875,4.321,2.306,15.3021,0.085387
18722,0.9594,7.812,4.292,2.3298,15.3932,0.072915
18723,0.9675,7.8623,4.3063,2.3498,15.4859,0.074997
18724,0.9699,7.7813,4.3027,2.3518,15.4057,0.039835
18725,0.9056,7.8137,4.2997,2.3422,15.3612,0.037389
18726,0.9561,7.8372,4.3052,2.3174,15.4159,0.038115
18727,0.9869,7.8328,4.2893,2.3046,15.4136,0.034288
18728,0.9868,8.0556,4.4591,2.5042,16.0057,0.036719
18729,0.9704,7.8398,4.3038,2.3245,15.4386,0.023474
18730,0.9623,8.2622,4.3145,2.3094,15.8484,0.030395
18731,0.9489,7.8831,4.3102,2.3259,15.4681,0.022517
18732,0.9606,7.766,4.3091,2.3392,15.3748,0.007663
18733,0.8949,7.8629,4.3216,2.3512,15.4307,0.020176
18734,0.9433,7.7219,4.2679,2.3607,15.2937,0.029026
18735,0.955,7.8653,6.2732,2.3339,17.4274,0.012161
18736,0.929,7.8317,4.2753,2.3389,15.3749,0.015762
18737,0.8874,7.866,4.3032,2.341,15.3977,0.013722
18738,0.9608,7.9311,4.3103,2.34,15.5422,0.034584
18739,0.9431,7.8414,4.3275,2.3092,15.4212,0.038761
18740,0.9444,7.7297,4.3224,2.328,15.3245,0.029598
18741,0.9397,7.7935,4.3103,2.3153,15.3588,0.024706
18742,0.9575,7.8687,4.2815,2.3337,15.4415,0.024882
18743,0.9629,7.8085,4.2946,2.341,15.4069,0.023726
18744,0.9324,7.8679,4.3055,2.3384,15.4443,0.022072
18745,0.9056,7.7956,4.3229,2.3566,15.3807,0.021817
18746,0.9522,7.7813,4.3095,2.3434,15.3864,0.026453
18747,0.9441,7.9093,4.2964,2.299,15.4488,0.028695
18748,0.9559,7.7648,4.2924,2.3192,15.3322,0.033612
18749,0.9137,7.8709,4.3324,2.3145,15.4315,0.084928
18750,0.9624,7.9095,4.3165,2.3359,15.5244,0.032937
18751,0.967,7.8358,4.27,2.3469,15.4196,0.026942
18752,0.9575,7.8508,4.2732,2.3462,15.4276,0.044557
18753,0.882,7.8244,4.2824,2.3633,15.3521,0.023607
18754,0.9475,7.7713,4.312,2.3145,15.3453,0.034726
18755,0.9848,7.8061,4.3026,2.3144,15.4079,0.036629
18756,0.9859,8.115,4.3046,2.329,15.7344,0.036846
18757,0.9015,7.8562,4.3516,2.3015,15.4108,0.033934
18758,0.9535,7.8676,4.272,2.3453,15.4384,0.031984
18759,0.9349,7.8715,4.2824,2.3437,15.4325,0.121304
18760,0.9588,7.8196,4.3087,2.3554,15.4425,0.012027
18761,0.9238,7.9022,4.2958,2.3538,15.4756,0.16431
18762,0.9571,7.7911,4.312,2.2953,15.3556,0.165094
18763,0.9887,7.8543,4.2778,2.313,15.4338,0.156266
18764,0.9691,7.765,4.3066,2.3159,15.3565,0.182949
18765,0.9006,7.873,4.2985,2.3456,15.4177,0.17052
18766,0.9461,7.7946,4.3258,2.321,15.3876,0.129245
18767,0.9234,7.8015,4.2922,2.3433,15.3604,0.141245
18768,0.9557,7.8424,4.2989,2.3434,15.4405,0.121676
18769,0.8949,7.8832,4.3461,2.336,15.4601,0.087126
18770,0.9516,7.8087,4.3237,2.3071,15.3911,0.091318
18771,0.9803,7.772,4.3251,2.319,15.3964,0.085203
18772,0.9826,7.7517,4.3206,2.3121,15.3669,0.083621
18773,0.9182,7.8597,4.2824,2.319,15.3793,0.078756
18774,0.928,7.7609,4.284,2.3356,15.3084,0.092522
18775,0.9446,7.7873,4.3032,2.342,15.3771,0.084681
18776,0.9666,7.8715,4.284,2.3585,15.4806,0.091362
18777,0.8985,7.861,4.3276,2.3182,15.4054,0.041808
18778,0.9846,7.841,4.3219,2.3134,15.4609,0.052759
18779,0.9742,8.0163,4.3297,2.3166,15.6368,0.106593
18780,0.9656,7.7791,4.2996,2.3278,15.3721,0.116524
18781,0.9185,7.8119,4.3212,2.3364,15.3881,0.116465
18782,0.9403,7.7492,4.2933,2.3251,15.3079,0.106553
18783,0.9391,8.2394,4.3645,2.3069,15.8499,0.058787
18784,0.9619,7.8145,4.3085,2.3456,15.4306,0.051382
18785,0.9279,7.8283,4.2951,2.3062,15.3575,0.041849
18786,0.9578,7.7475,4.3059,2.3118,15.323,0.082756
18787,0.9816,7.7626,4.2943,2.3083,15.3468,0.058793
18788,0.9648,7.9099,4.288,2.3418,15.5045,0.063992
18789,0.8934,7.8867,4.2935,2.3479,15.4216,0.047949
18790,0.9553,7.8819,4.2985,2.3396,15.4754,0.049516
18791,0.966,7.8308,4.278,2.3405,15.4153,0.051211
18792,0.9653,7.7129,4.31,2.3512,15.3394,0.051855
18793,0.8986,7.8531,4.3054,2.3123,15.3694,0.046382
18794,0.9773,7.8048,4.3231,2.3151,15.4203,0.051116
18795,0.9751,7.8262,4.3095,2.3276,15.4384,0.039545
18796,0.9196,7.8043,4.2694,2.3395,15.3329,0.040946
18797,0.9,7.9179,4.3112,2.3478,15.4769,0.046242
18798,0.9455,7.8221,4.3228,2.3292,15.4196,0.065948
18799,0.9469,7.7522,4.2926,2.3513,15.3431,0.054328
18800,0.9297,7.8126,4.2778,2.3208,15.3408,0.060332
18801,0.911,7.8239,4.3247,2.3143,15.374,0.051189
18802,0.9764,7.7926,4.3073,2.3086,15.3849,0.043929
18803,0.96,7.9499,4.2959,2.3323,15.5381,0.067303
18804,0.9362,7.7613,4.3004,2.3456,15.3436,0.108311
18805,0.8989,7.875,4.303,2.3351,15.412,0.100301
18806,0.9511,7.7574,4.3041,2.329,15.3415,0.053021
18807,0.943,7.7972,4.3508,2.3112,15.4021,0.032316
18808,0.9964,7.801,4.2953,2.3151,15.4077,0.027994
18809,0.9402,8.1693,4.3329,2.3171,15.7594,0.029256
18810,0.984,7.7149,4.311,2.3348,15.3447,0.023301
18811,0.9795,7.781,4.3054,2.3367,15.4027,0.022264
18812,0.9601,7.756,4.2944,2.3348,15.3453,0.016882
18813,0.9145,7.8622,4.3205,2.3373,15.4344,0.015241
18814,0.9597,7.7228,4.3199,2.3402,15.3427,0.012908
18815,0.9786,7.7928,4.304,2.3047,15.3801,0.075923
18816,0.9832,7.8155,4.3342,2.3172,15.4502,0.019565
18817,0.9556,7.933,4.3293,2.3063,15.5242,0.013636
18818,0.9339,7.792,4.3108,2.3405,15.3772,0.03598
18819,0.9461,7.813,4.3174,2.331,15.4074,0.025431
18820,0.9607,7.8458,4.3197,2.3266,15.4527,0.046961
18821,0.922,7.8483,4.3199,2.3551,15.4452,0.229452
18822,0.9287,7.7944,4.2994,2.3359,15.3584,0.131894
18823,0.9415,7.7883,4.3193,2.3147,15.3637,0.102112
18824,0.9771,7.7506,4.3268,2.3342,15.3887,0.106575
18825,0.8879,7.887,4.3357,2.3189,15.4295,0.085896
18826,0.9622,7.7835,4.3171,2.3418,15.4046,0.087441
18827,0.958,7.8043,4.3044,2.3434,15.4101,0.112502
18828,0.9273,7.762,4.3142,2.3408,15.3443,0.094991
18829,0.8958,7.7906,4.312,2.3478,15.3462,0.142944
18830,0.9223,7.7699,4.3157,2.3064,15.3142,0.18948
18831,0.9763,7.8094,4.3272,2.3078,15.4207,0.19753
18832,0.9716,7.7665,4.334,2.3018,15.3739,0.182334
18833,0.9253,7.8395,4.3048,2.3247,15.3942,0.180943
18834,0.9213,7.7898,4.3287,2.3312,15.371,0.192097
18835,0.9583,7.818,4.3206,2.3457,15.4427,0.164023
18836,0.9721,8.0758,4.3113,2.3579,15.7171,0.354538
18837,0.8877,7.8384,4.3214,2.352,15.3996,0.224387
18838,0.9533,7.8185,4.2934,2.3231,15.3884,0.137119
18839,1.0025,7.7844,4.316,2.3128,15.4157,0.079534
18840,0.9344,7.806,4.3078,2.3031,15.3514,0.135106
18841,0.8837,7.9112,4.3066,2.3384,15.44,0.102293
18842,0.9487,7.8482,4.3075,2.3519,15.4564,0.123123
18843,0.9323,7.8386,6.2886,2.3201,17.3796,0.138157
18844,0.9392,7.8231,4.2916,2.3554,15.4094,0.154528
18845,0.9216,7.8088,4.2996,2.3433,15.3733,0.088096
18846,0.9456,7.9078,4.3048,2.3387,15.4969,0.110262
18847,0.9376,7.8267,4.3093,2.3494,15.423,0.141257
18848,0.9599,7.7372,4.3021,3.3126,16.3118,0.166873
18849,0.9091,7.8372,4.3106,2.3568,15.4137,0.196153
18850,0.9459,7.7959,4.296,2.344,15.3819,0.270146
18851,0.9493,7.8261,4.2968,2.3315,15.4037,0.30648
18852,0.9808,7.8929,4.2641,2.3201,15.4579,0.288781
18853,0.9252,7.8516,4.2895,2.3043,15.3706,0.157037
18854,0.9583,7.8138,4.2913,2.3419,15.4053,0.233671
18855,0.9625,7.8137,4.3032,2.3357,15.4152,0.664225
18856,0.9393,7.7703,4.2894,2.3498,15.3488,0.7194
18857,0.9154,7.8544,4.3395,2.3536,15.463,0.706292
18858,0.9521,8.3328,4.3131,2.3445,15.9426,0.782779
18859,0.9592,7.95,4.3301,2.3151,15.5544,0.802641
18860,0.988,7.9275,4.2811,2.3159,15.5126,0.79459
18861,0.924,7.8888,4.3249,2.3125,15.4501,0.754232
18862,0.9526,8.2137,4.3072,2.3231,15.7966,0.771202
18863,0.9392,7.7946,4.2838,2.3304,15.348,0.7632
18864,0.9802,7.8011,4.3226,2.325,15.4289,0.804304
18865,0.9189,8.0095,4.3053,2.3673,15.601,0.779218
18866,0.9483,7.8436,4.3386,2.3756,15.5061,0.667197
18867,0.9603,7.7899,4.2905,2.3434,15.3842,0.635251
18868,0.9623,7.8257,4.2836,2.3062,15.3779,0.591386
18869,0.9399,7.8133,4.2846,2.3148,15.3525,0.53042
18870,0.9642,7.8863,4.2806,2.3157,15.4468,0.290791
18871,0.9642,7.8348,4.2958,2.316,15.4108,0.285769
18872,0.9472,7.7888,4.2955,2.3425,15.3741,0.277995
18873,0.9285,7.922,4.3429,2.3321,15.5254,0.296711
18874,0.9559,7.8548,4.2936,2.3414,15.4456,0.292048
18875,0.9699,7.7913,4.2663,2.3557,15.3831,0.251339
18876,0.9545,7.7299,4.3055,2.3423,15.3322,0.275971
18877,0.9227,7.8401,4.314,2.301,15.3777,0.268712
18878,0.9502,7.8698,4.3075,2.3314,15.4589,0.274195
18879,0.9495,7.9058,4.2904,2.3455,15.4911,0.291919
18880,0.9581,7.849,4.2686,2.323,15.3987,0.380626
18881,0.9133,7.7482,4.2772,2.3327,15.2714,0.311278
18882,0.9305,7.7464,4.299,2.3437,15.3196,0.363842
18883,0.9667,7.8263,4.3127,2.3066,15.4123,0.291811
18884,0.997,7.781,4.298,2.3066,15.3827,0.326185
18885,0.9441,7.8501,4.2963,2.3073,15.3979,0.322001
18886,0.9251,7.7375,4.2662,2.338,15.2667,0.226188
18887,0.9558,7.8283,4.2496,2.3417,15.3754,0.206917
18888,0.949,7.9084,4.2928,2.3634,15.5136,0.225474
18889,0.8873,8.1258,4.3005,2.3438,15.6573,0.241817
18890,0.9605,7.7828,4.3069,2.3059,15.356,0.269736
18891,0.9581,7.7738,4.2745,2.3037,15.3101,0.271959
18892,1.0034,7.7784,4.3173,2.3055,15.4046,0.999002
18893,0.9254,7.8817,4.3215,2.3241,15.4528,0.999991
18894,0.9278,7.7365,4.3029,2.3254,15.2926,0.999995
18895,0.96,7.9074,4.2868,2.3368,15.491,0.999967
18896,0.9523,7.7667,4.3177,2.3456,15.3823,0.999876
18897,0.9596,7.8695,4.2919,2.3483,15.4693,0.998646
18898,0.9553,7.9061,4.2984,2.3169,15.4767,0.996747
18899,0.9188,7.836,4.2815,2.3163,15.3526,0.961063
18900,0.9642,7.8696,4.3163,2.313,15.4632,0.95455
18901,0.9435,7.9588,4.2907,2.3277,15.5207,0.919926
18902,0.9449,7.7231,4.3223,2.3324,15.3228,0.833099
18903,0.9042,7.7898,4.2988,2.3355,15.3282,0.626753
18904,0.9454,7.8984,4.3105,2.3456,15.5,0.514524
18905,0.9411,7.9149,4.3174,2.336,15.5095,0.452102
18906,0.9504,7.7647,4.3096,2.3159,15.3405,0.458995
18907,0.9549,7.8809,4.3261,2.3185,15.4804,0.402722
18908,0.9345,7.9656,4.352,2.3187,15.5708,0.372783
18909,0.9453,7.827,4.2968,2.3402,15.4092,0.355238
18910,0.9569,7.7732,4.2796,2.3243,15.334,0.328246
18911,0.8973,7.7595,4.3224,2.3394,15.3186,0.252527
18912,0.9266,7.7678,4.3,2.3679,15.3623,0.262571
18913,0.9292,7.8174,4.2868,2.3291,15.3625,0.205237
18914,0.9767,7.7824,4.3084,2.3295,15.3969,0.192647
18915,0.9547,8.1657,4.2935,2.322,15.7359,0.171106
18916,0.9515,7.8544,4.3088,2.312,15.4267,0.292135
18917,0.9281,7.82,4.3101,2.3475,15.4058,0.274638
18918,0.9501,7.8478,4.2962,2.3447,15.4388,0.064858
18919,0.8983,7.8058,4.2922,2.3403,15.3365,0.083737
18920,0.9181,7.8553,4.307,2.3384,15.4187,0.065667
18921,0.9521,7.8795,4.3118,2.3189,15.4623,0.196026
18922,0.964,7.7343,4.303,2.3129,15.3142,0.083292
18923,0.9164,7.801,4.3434,2.2997,15.3606,0.078649
18924,0.9123,7.8371,4.3002,2.3325,15.3821,0.192161
18925,0.9493,7.7835,4.3346,2.3408,15.4082,0.848679
18926,0.9412,7.8251,4.3147,2.3647,15.4456,0.715884
18927,0.9095,7.8099,4.3067,2.3505,15.3766,0.103407
18928,0.943,7.8472,4.2947,2.2963,15.3812,0.102362
18929,0.961,7.8803,4.3229,2.3276,15.4917,0.010744
18930,0.9809,7.8166,4.2803,2.3118,15.3897,0.020844
18931,0.9237,7.8812,4.2851,2.3214,15.4114,0.019006
18932,0.9526,7.8454,4.2663,2.3368,15.4011,0.004422
18933,0.9307,7.8774,4.3057,2.3619,15.4757,0.005192
18934,0.9679,7.7586,4.2899,2.3615,15.3779,0.011386
18935,0.8845,8.6342,4.2908,2.3747,16.1842,0.010561
18936,0.9508,7.8125,4.3135,2.3475,15.4244,0.009718
18937,0.927,7.8083,4.3036,2.3034,15.3423,0.014843
18938,0.988,7.8057,4.274,2.3125,15.3802,0.006999
18939,0.9333,7.8832,4.3231,2.3157,15.4553,0.011766
18940,0.9477,7.908,4.2906,2.3307,15.4771,0.008278
18941,0.9319,7.8227,4.2536,2.3256,15.3337,0.006528
18942,0.9597,8.0856,4.2617,2.333,15.6399,0.004235
18943,0.9179,7.8409,4.2778,2.349,15.3856,0.011509
18944,0.9451,7.8248,4.2683,2.3615,15.3997,0.014826
18945,0.9366,7.7696,4.3166,2.3108,15.3336,0.010978
18946,0.9908,7.7473,4.2933,2.3244,15.3557,0.008213
18947,0.9557,7.8745,4.2998,2.3207,15.4507,0.006174
18948,0.9508,7.8936,4.2945,2.3398,15.4787,0.006602
18949,0.9372,7.8679,4.2763,2.3298,15.4112,0.007288
18950,0.9693,7.7639,4.2936,2.3557,15.3824,0.006486
18951,0.9115,7.8448,4.3192,2.3595,15.435,0.006496
18952,0.9203,7.8044,4.3492,2.3175,15.3914,0.007546
18953,0.9998,7.8224,4.3179,2.2965,15.4366,0.007504
18954,0.9866,7.8529,4.2764,2.2958,15.4117,0.007387
18955,0.8929,7.9193,4.3013,2.3089,15.4224,0.011993
18956,0.9246,7.7625,4.2869,2.4109,15.3848,0.01032
18957,0.9713,7.8308,4.2756,2.3525,15.4302,0.010425
18958,0.9563,7.7581,4.3717,2.3445,15.4307,0.009271
18959,0.9021,7.8733,4.2957,2.3401,15.4112,0.009547
18960,0.9534,7.8063,4.311,2.3137,15.3844,0.024258
18961,0.9552,7.7942,4.3215,2.3008,15.3718,0.995584
18962,0.987,7.7479,4.3349,2.3148,15.3845,0.999655
18963,0.917,7.8431,4.3018,2.3206,15.3826,0.999811
18964,0.935,7.7732,4.3128,2.3492,15.3702,0.999373
18965,0.9522,7.8516,4.2742,2.361,15.439,0.99661
18966,0.9676,7.7749,4.3326,2.3591,15.4342,0.989059
18967,0.9105,7.8333,4.2915,2.3245,15.3598,0.986716
18968,0.9866,8.1742,4.3182,2.3445,15.8235,0.829626
18969,0.9673,7.8227,4.313,2.3035,15.4065,0.636894
18970,0.9521,7.7434,4.318,2.3125,15.326,0.594346
18971,0.9149,7.8531,4.3268,2.3168,15.4117,0.514184
18972,0.9408,7.8275,4.2838,2.4683,15.5204,0.516853
18973,1.0065,7.8907,4.2823,2.3335,15.5131,0.377733
18974,0.9743,7.7641,4.3029,2.3539,15.3953,0.352156
18975,0.9091,7.7747,4.3431,2.2808,15.3077,0.236263
18976,0.9705,7.828,4.3211,2.3318,15.4513,0.32348
18977,0.9876,7.8101,4.2891,2.3064,15.3932,0.220149
18978,0.9578,7.791,4.2761,2.3366,15.3615,0.027588
18979,0.8853,7.8551,4.3282,2.326,15.3946,0.039534
18980,0.9122,7.8657,6.2843,2.3176,17.3798,0.056259
18981,1.0105,7.7733,4.3343,2.3095,15.4275,0.040983
18982,0.9516,7.8735,4.2774,2.3372,15.4397,0.065234
18983,0.916,7.8297,4.2845,2.3253,15.3556,0.034724
18984,0.9477,7.8689,4.2912,2.3505,15.4583,0.030355
18985,0.9632,7.8611,4.2956,2.3434,15.4634,0.022759
18986,0.9345,7.7875,4.3224,2.3755,15.4199,0.023576
18987,0.9308,8.0083,4.5648,2.6945,16.1983,0.023666
18988,0.9764,7.861,4.3211,2.3258,15.4843,0.029392
18989,0.9873,7.8665,4.2895,2.3304,15.4737,0.015541
18990,0.998,7.7183,4.2907,2.307,15.3139,0.016971
18991,0.8851,7.852,4.2783,2.3088,15.3241,0.021735
18992,0.9303,7.8377,4.2803,2.3368,15.385,0.019114
18993,0.9641,7.8283,4.2906,2.3454,15.4284,0.022647
18994,0.9677,7.8478,4.2777,2.3538,15.447,0.038343
18995,0.9,8.2677,4.3362,2.3496,15.8535,0.034976
18996,0.9263,7.829,4.2997,2.3136,15.3685,0.039969
18997,0.9867,7.8393,4.3499,2.3413,15.5171,0.028353
18998,0.968,7.8426,4.2893,2.3121,15.4119,0.025168
18999,0.9202,7.9156,4.3068,2.3091,15.4517,0.019983
19000,0.9247,7.8689,4.2897,2.3487,15.432,0.024503
19001,0.9523,7.8372,4.2904,2.3386,15.4186,0.020604
19002,0.9636,7.8299,4.2947,2.3552,15.4434,0.021166
19003,0.9186,7.8623,4.2884,2.3354,15.4047,0.022623
19004,0.934,7.8605,4.3111,2.3139,15.4194,0.017427
19005,1.0277,7.8409,4.3243,2.3251,15.518,0.033593
19006,1.0007,7.8212,4.2932,2.3039,15.419,0.033438
19007,0.9128,7.8714,4.3156,2.3243,15.4241,0.080855
19008,0.9472,7.884,4.2951,2.3328,15.4591,0.009667
19009,0.9662,7.81,4.2843,2.337,15.3975,0.001693
19010,0.9493,7.8759,4.2749,2.3632,15.4632,0.002013
19011,0.9112,7.8318,4.2843,2.3436,15.3709,0.000692
19012,0.9553,7.7826,4.282,2.3009,15.3208,0.000759
19013,0.9595,7.8225,4.2915,2.3166,15.3902,0.00104
19014,1.0014,7.7118,4.2791,2.3135,15.3057,0.00088
19015,0.9104,7.8515,4.2728,2.3397,15.3744,0.000799
19016,0.9459,7.8342,4.271,2.3368,15.388,0.000425
19017,0.9307,7.8143,4.3045,2.3438,15.3933,0.000422
19018,0.9341,7.7343,4.2946,2.3418,15.3047,0.000442
19019,0.9123,7.8652,4.2852,2.311,15.3737,0.000736
19020,0.9822,7.851,4.2747,2.3007,15.4087,0.000811
19021,0.9546,8.1888,4.2803,2.3161,15.7398,0.999153
19022,0.9624,7.9176,4.3215,2.3023,15.5037,0.999905
19023,0.9052,7.7766,4.3028,2.3213,15.3058,0.999918
19024,0.9356,7.8365,4.3017,2.3264,15.4002,0.999941
19025,0.9326,7.8097,4.356,2.3303,15.4287,0.999905
19026,0.9368,7.712,4.2805,2.3336,15.263,0.999931
19027,0.9288,7.8106,4.3279,2.291,15.3583,0.999965
19028,0.9885,7.9627,4.2821,2.3241,15.5573,0.999952
19029,0.9604,7.8913,4.3252,2.3095,15.4863,0.993867
19030,0.9283,7.8611,4.2933,2.3607,15.4434,0.635929
19031,0.8964,7.8373,4.3083,2.3322,15.3743,0.006178
19032,0.9446,7.928,4.2557,2.3564,15.4848,0.010767
19033,0.9314,7.8193,4.2805,2.3453,15.3765,0.014305
19034,0.9529,7.8085,4.2971,2.3093,15.3679,0.00295
19035,0.9163,7.852,4.3286,2.3214,15.4183,0.003595
19036,0.9883,7.833,4.2742,2.3041,15.3996,0.012986
19037,0.9246,7.9383,4.3265,2.3023,15.4917,0.006795
19038,0.9572,7.8024,4.2887,2.3533,15.4016,0.00794
19039,0.89,7.9061,4.2862,2.3213,15.4036,0.009
19040,0.9558,7.8465,4.2928,2.3636,15.4587,0.009111
19041,0.934,7.8634,4.296,2.353,15.4463,0.007998
19042,0.9582,7.8023,4.2786,2.3195,15.3586,0.007546
19043,0.9233,8.2982,4.2873,2.3098,15.8185,0.005775
19044,0.9723,7.8226,4.3008,2.3085,15.4043,0.006338
19045,0.947,7.8366,4.2993,2.3187,15.4015,0.006494
19046,0.962,7.7684,4.2845,2.3278,15.3427,0.007497
19047,0.8922,8.2307,4.2807,2.3286,15.7323,0.007304
19048,0.9525,8.1396,4.3031,2.3356,15.7308,0.009412
19049,0.9348,7.88,4.304,2.3345,15.4534,0.010325
19050,0.9641,7.7719,4.3143,2.3432,15.3935,0.013734
19051,0.9034,7.8298,4.3525,3.5168,16.6026,0.013283
19052,0.9564,7.7424,4.3041,2.3489,15.3519,0.008858
19053,0.9563,7.9367,4.3063,2.3485,15.5478,0.009709
19054,0.9537,7.7861,4.2745,2.3097,15.324,0.010162
19055,0.9518,7.8439,4.2699,2.3175,15.3832,0.008131
19056,0.9498,7.8552,4.3124,2.3155,15.4329,0.011956
19057,0.9478,7.8796,4.2782,2.3408,15.4464,0.013478
19058,0.9309,7.8853,4.2983,2.35,15.4644,0.01748
19059,0.925,7.8167,4.2898,2.3361,15.3677,0.003419
19060,0.9457,7.8343,4.2977,2.3358,15.4135,0.008506
19061,0.9647,7.8042,4.2861,2.3083,15.3633,0.008763
19062,0.9571,7.8866,4.2888,2.3135,15.4461,0.010615
19063,0.9481,7.797,4.3044,2.3079,15.3574,0.012218
19064,0.9586,7.8105,4.3004,2.3393,15.4086,0.007717
19065,0.9357,7.8726,4.2896,2.3386,15.4364,0.008178
19066,0.9422,7.7997,4.2964,2.3486,15.3868,0.016389
19067,0.9175,7.8595,4.3216,2.3409,15.4394,0.015327
19068,0.944,7.8576,4.2934,2.3371,15.4321,0.015162
19069,0.9447,7.8168,4.3112,2.3175,15.3901,0.00993
19070,0.9712,7.778,4.2717,2.3114,15.3323,0.010407
19071,0.933,7.8613,4.3383,2.3115,15.4441,0.012647
19072,0.9241,7.8213,4.3113,2.337,15.3937,0.016057
19073,0.9559,7.8258,4.3017,2.3345,15.4179,0.014615
19074,0.9365,8.0449,4.2814,2.3613,15.6241,0.013005
19075,0.9236,7.849,4.2621,2.3685,15.4032,0.100378
19076,0.9374,7.8427,4.2808,2.3057,15.3666,0.014563
19077,0.9775,7.7886,4.3013,2.3096,15.3769,0.013245
19078,0.993,7.7593,4.2784,2.3091,15.3398,0.015044
19079,0.8963,7.8815,4.3185,2.3416,15.4379,0.012594
19080,0.9363,7.7856,4.3137,2.3325,15.3681,0.012516
19081,0.9532,7.8308,4.2879,2.3426,15.4145,0.016831
19082,0.9542,7.7969,4.2725,2.3398,15.3634,0.015215
19083,0.8958,7.8178,4.2751,2.3153,15.3039,0.011277
19084,0.9737,7.8269,4.2851,2.3138,15.3996,0.081191
19085,0.9918,7.8297,4.3173,2.311,15.4499,0.058723
19086,0.9603,7.8218,4.2972,2.3471,15.4264,0.058441
19087,0.8984,7.9001,4.2896,2.3334,15.4215,0.057988
19088,0.9309,7.799,4.3005,2.3337,15.3642,0.061043
19089,0.9676,7.8498,4.2951,2.3417,15.4542,0.063029
19090,0.9542,7.797,4.2843,2.3577,15.3932,0.077835
19091,0.9032,7.8814,4.3028,2.3153,15.4026,0.067367
19092,0.9504,7.9429,4.2991,2.3213,15.5137,0.070346
19093,1.0166,7.7918,4.2809,2.3126,15.4019,0.076009
19094,0.9548,7.8632,4.276,2.3374,15.4313,0.080617
19095,0.9199,7.8909,4.2964,2.3453,15.4525,0.008528
19096,0.9371,7.7408,4.3063,2.3376,15.3218,0.071825
19097,0.9722,7.8635,4.3146,2.3418,15.4921,0.009454
19098,0.9504,7.8032,4.3178,2.3123,15.3837,0.008375
19099,0.9266,7.7771,4.2922,2.3115,15.3074,0.008151
19100,0.9866,7.8273,4.2981,2.3091,15.4211,0.007157
19101,0.9467,8.1524,4.3238,2.3428,15.7657,0.006693
19102,0.9618,7.8439,4.2848,2.3631,15.4536,0.008092
19103,0.9025,7.8326,4.3089,2.3303,15.3742,0.007685
19104,0.9352,7.7927,4.288,2.3663,15.3822,0.006994
19105,0.9659,7.7823,4.2951,2.392,15.4353,0.008106
19106,0.9667,7.8269,4.316,2.3482,15.4578,0.005968
19107,0.9034,7.8304,4.3122,2.301,15.3471,0.005366
19108,0.9613,7.8044,4.3385,2.334,15.4382,0.006329
19109,0.948,7.8833,4.2869,2.3035,15.4217,0.005978
19110,0.9522,7.902,4.2795,2.3311,15.4648,0.006393
19111,0.8905,7.8702,4.3053,2.329,15.3951,0.007951
19112,0.9325,7.7901,4.2898,2.3482,15.3606,0.007675
19113,0.9576,7.8481,4.2903,2.339,15.4351,0.007457
19114,0.964,7.7767,4.3025,2.3128,15.3559,0.009787
19115,0.938,7.824,4.3317,2.3148,15.4085,0.009421
19116,0.9563,7.8483,4.2766,2.3084,15.3896,0.008923
19117,0.9607,8.3709,4.3152,2.3094,15.9562,0.008737
19118,0.9524,7.9002,4.287,2.3518,15.4913,0.009436
19119,0.8891,7.8778,4.2917,2.3396,15.3982,0.006618
19120,0.9147,7.8798,4.3007,2.3436,15.4388,0.006771
19121,0.9561,7.8485,4.2765,2.3346,15.4157,0.006497
19122,0.9245,7.8284,4.2953,2.3175,15.3657,0.053144
19123,0.9132,7.8156,4.3436,2.3115,15.3839,0.046359
19124,0.9915,7.784,4.305,2.3163,15.3969,0.049103
19125,0.9665,7.8289,4.3364,2.312,15.4438,0.040596
19126,0.9686,7.7773,4.2874,2.3444,15.3777,0.045427
19127,0.8923,8.192,4.2896,2.3226,15.6965,0.066695
19128,0.9524,7.8136,4.3145,2.3416,15.4222,0.020308
19129,0.9547,7.7792,4.3178,2.3372,15.389,0.02377
19130,0.9407,7.7678,4.2984,2.3075,15.3144,0.022858
19131,0.9484,7.8364,4.3092,2.3012,15.3951,0.022544
19132,0.996,7.7541,4.3225,2.3022,15.3748,0.031531
19133,0.9512,7.8623,4.3066,2.3226,15.4427,0.030891
19134,0.9485,7.798,4.298,2.3227,15.3673,0.032593
19135,0.9099,7.8539,4.3155,2.329,15.4083,0.033114
19136,0.9537,7.7846,4.3098,2.3448,15.3929,0.024222
19137,0.9704,7.8655,4.3992,2.3634,15.5985,0.028535
19138,0.9246,7.6875,4.2818,2.3125,15.2064,0.027854
19139,0.9555,7.8466,4.3325,2.3045,15.4392,0.027539
19140,0.9206,7.8531,4.3621,2.3169,15.4527,0.028284
19141,0.9275,7.8275,4.2975,2.3364,15.3888,0.028517
19142,0.9393,7.7622,4.2983,2.3352,15.335,0.025168
19143,0.9098,7.9331,4.321,2.3352,15.4991,0.943383
19144,0.9465,7.8522,4.3029,2.3481,15.4497,0.999952
19145,0.96,7.7311,4.3301,2.3181,15.3393,0.999965
19146,0.9915,7.721,4.2701,2.3109,15.2935,0.999979
19147,0.9794,7.7726,4.3352,2.3061,15.3933,0.998279
19148,0.9066,7.7516,4.3724,2.3473,15.3779,0.137541
19149,0.8795,7.8357,4.293,2.3317,15.3398,0.001173
19150,0.9264,7.8373,4.2713,2.3441,15.3791,0.000446
19151,0.9382,7.8739,4.289,2.3433,15.4444,0.000296
19152,0.9639,7.8084,4.3458,2.3172,15.4353,0.000243
19153,0.9221,7.8944,4.3435,2.3091,15.4691,0.000242
19154,0.9802,8.1935,4.2955,2.3061,15.7753,0.00041
19155,0.9861,7.8835,4.3239,2.2992,15.4927,0.000566
19156,0.9342,7.8165,4.2795,2.3357,15.366,0.001128
19157,0.927,7.8317,4.3395,2.3234,15.4216,0.00109
19158,0.9659,7.7628,4.337,2.3618,15.4275,0.001256
19159,0.9445,7.8324,4.2897,2.342,15.4086,0.000983
19160,0.9236,7.8166,4.2771,2.308,15.3254,0.07041
19161,0.9073,7.9828,4.2972,2.3006,15.4879,0.051864
19162,0.9829,7.7921,4.2931,2.2956,15.3637,0.003671
19163,0.9383,7.8301,4.3295,2.3204,15.4182,0.004724
19164,0.9395,7.8132,4.2848,2.3368,15.3743,0.004007
19165,0.9157,7.8298,4.2938,2.3435,15.3828,0.002978
19166,0.9502,7.9405,4.2972,2.336,15.5239,0.003621
19167,0.9368,7.8395,4.2943,2.352,15.4226,0.004028
19168,0.9446,7.7565,4.3067,2.3163,15.3241,0.001165
19169,0.9072,7.85,4.308,2.3298,15.395,0.003742
19170,0.9928,7.8568,4.4457,2.3003,15.5956,0.004245
19171,0.9859,7.9812,4.2946,2.3011,15.5628,0.005345
19172,0.9464,7.861,4.2949,2.3364,15.4386,0.006435
19173,0.8952,7.8755,4.3123,2.3358,15.4188,0.001045
19174,0.948,7.8244,4.2786,2.3571,15.4082,0.006672
19175,0.9534,7.7983,4.2952,2.3487,15.3956,0.001542
19176,0.9326,7.7928,4.3082,2.3432,15.3768,0.018659
19177,0.9382,7.9052,4.3198,2.2963,15.4596,0.019021
19178,0.9851,7.8071,4.2556,2.3127,15.3605,0.019442
19179,0.9619,7.8919,4.2835,2.3227,15.4599,0.015201
19180,0.9296,8.137,4.3123,2.3468,15.7256,0.020611
19181,0.8841,8.1238,4.2926,2.3433,15.6438,0.02225
19182,0.9597,7.8817,4.3004,2.3856,15.5274,0.012164
19183,0.933,7.8903,4.3227,2.3553,15.5014,0.019435
19184,0.9656,7.7942,4.2926,2.3288,15.3812,0.021606
19185,0.9102,7.9417,4.3299,2.3172,15.4989,0.022977
19186,0.9799,7.7588,4.2988,2.3083,15.3457,0.01434
19187,0.9686,7.7941,4.2843,2.3178,15.3648,0.015257
19188,0.9236,7.7633,4.2975,2.3131,15.2974,0.012171
19189,0.9188,7.9473,4.3147,2.3247,15.5054,0.006516
19190,0.9478,7.8048,4.3111,2.3487,15.4123,0.012867
19191,0.9349,7.8191,4.2838,2.3463,15.384,0.020445
19192,0.9467,7.6935,4.3058,2.3014,15.2474,0.017545
19193,0.931,7.8114,4.3179,2.3113,15.3715,0.019989
19194,0.9688,7.8214,4.2918,2.3073,15.3893,0.020537
19195,0.9353,7.851,4.297,2.3405,15.4237,0.021625
19196,0.9354,7.7596,4.304,2.3464,15.3454,0.018084
19197,0.9276,7.8455,4.3196,2.3482,15.441,0.014355
19198,0.9495,7.8884,4.3042,2.355,15.4972,0.01402
19199,0.9346,7.7897,4.2997,2.3157,15.3397,0.015718
19200,0.9514,7.7239,4.2935,2.3195,15.2883,0.014893
19201,0.9546,7.8316,4.3005,2.3066,15.3933,0.016217
19202,0.9464,7.8789,4.2837,2.3462,15.4551,0.017216
19203,0.9611,7.9127,4.2858,2.3356,15.4952,0.020576
19204,0.972,7.8679,4.288,2.3467,15.4746,0.022263
19205,0.9158,7.9535,4.3102,2.3428,15.5223,0.01756
19206,0.9327,7.8131,4.2829,2.348,15.3768,0.016267
19207,0.9492,8.1206,4.295,2.3469,15.7117,0.033308
19208,0.9671,7.7652,4.3992,2.2885,15.42,0.033141
19209,0.9507,7.8663,4.3015,2.3099,15.4284,0.03645
19210,0.9635,7.779,4.3049,2.308,15.3554,0.022874
19211,0.9662,7.9231,4.3075,2.3309,15.5278,0.012377
19212,0.9563,7.7426,4.3071,2.3436,15.3495,0.034693
19213,0.9203,7.948,4.2763,2.348,15.4925,0.005843
19214,0.9195,7.8643,4.3013,2.3645,15.4495,0.007592
19215,0.9523,7.8178,4.3015,2.3174,15.3892,0.006346
19216,0.9563,7.8453,4.2991,2.3242,15.4249,0.02892
19217,0.9478,7.885,4.287,2.3219,15.4418,0.005625
19218,0.9508,7.8517,4.3341,2.3082,15.4447,0.005025
19219,0.9567,7.9205,4.2997,2.3407,15.5177,0.004282
19220,0.9342,7.7792,4.2882,2.3246,15.3262,0.006166
19221,0.8906,7.8373,4.2852,2.3415,15.3545,0.009081
19222,0.9519,7.7945,4.352,2.3659,15.4643,0.00589
19223,0.9532,7.9075,4.292,2.3227,15.4754,0.00472
19224,0.985,7.7554,4.3423,2.3023,15.385,0.006261
19225,0.9484,7.9303,4.2821,2.3173,15.4782,0.006814
19226,0.9336,7.8138,4.2663,2.327,15.3407,0.004857
19227,0.9621,7.8476,4.3082,2.324,15.4419,0.004593
19228,0.9599,7.7298,4.2836,2.366,15.3393,0.011542
19229,0.9232,7.877,4.2891,2.3566,15.446,0.999975
19230,0.9524,7.9123,4.3145,3.2731,16.4522,0.999976
19231,1.0413,7.914,4.2936,2.3478,15.5968,0.999993
19232,0.9523,7.8464,4.317,2.3565,15.4723,0.999991
19233,0.9126,8.1938,4.2877,2.3449,15.7389,0.999728
19234,0.9592,7.8763,4.3099,2.306,15.4513,0.737086
19235,0.96,7.8151,4.2951,2.3015,15.3717,0.0599
19236,0.9935,7.8761,4.3134,2.312,15.4951,0.011887
19237,0.9242,7.946,4.2742,2.3619,15.5063,0.007213
19238,0.9551,7.7222,4.3033,2.331,15.3115,0.007474
19239,0.9361,7.7995,4.2981,2.3473,15.381,0.009182
19240,0.9383,7.7698,4.2754,2.347,15.3305,0.007485
19241,0.9125,7.8804,4.2849,2.3259,15.4037,0.013824
19242,0.9704,7.8991,4.2885,2.3039,15.4619,0.009242
19243,0.9659,7.81,4.2611,2.3046,15.3417,0.00806
19244,0.9319,7.804,4.2703,2.3496,15.3558,0.007178
19245,0.9123,7.8705,4.2943,2.3239,15.4011,0.022869
19246,0.9583,7.8498,4.3492,2.526,15.6834,0.02322
19247,1.1637,7.8635,4.297,2.3346,15.6588,0.021533
19248,0.936,7.7719,4.2766,2.3624,15.3469,0.021495
19249,0.9135,7.8499,4.3159,2.2976,15.3769,0.018019
19250,0.952,7.8016,4.3066,2.3168,15.3769,0.016404
19251,0.9893,7.9339,4.2815,2.3058,15.5105,0.021218
19252,0.9494,7.8287,4.27,2.3303,15.3784,0.021874
19253,0.9131,7.843,4.2899,2.3278,15.3738,0.016802
19254,0.9267,7.7763,4.2797,2.3408,15.3234,0.026514
19255,0.9637,7.7875,4.2788,2.3482,15.3782,0.012495
19256,0.9556,7.7634,4.2509,2.3048,15.2747,0.00945
19257,0.9467,7.8677,4.3039,2.3114,15.4297,0.00918
19258,0.9828,7.8423,4.2937,2.3156,15.4344,0.010472
19259,0.9713,7.8329,4.2956,2.3325,15.4322,0.010316
19260,0.9429,8.0832,4.3,2.3278,15.6539,0.010189
19261,0.9361,7.8394,4.3191,2.3296,15.4242,0.008431
19262,0.928,7.877,4.2898,2.3405,15.4352,0.007103
19263,0.9723,7.7588,4.2921,2.3438,15.367,0.006983
19264,0.9547,7.882,4.3094,2.3267,15.4728,0.007838
19265,0.9209,7.905,4.3546,2.3174,15.4979,0.00459
19266,0.9909,7.8756,4.325,2.3226,15.5142,0.004328
19267,1.0059,7.7853,4.2908,2.3053,15.3873,0.003844
19268,0.9633,7.7875,4.2948,2.3322,15.3778,0.003604
19269,0.8962,7.8694,4.2901,2.3403,15.3961,0.004284
19270,0.9304,7.7486,4.2848,2.3594,15.3231,0.004772
19271,0.9553,7.7613,4.2972,2.3527,15.3666,0.004368
19272,0.9347,7.7983,4.341,2.3137,15.3877,0.005391
19273,0.9558,7.8517,4.2919,2.3145,15.4139,0.003561
19274,0.9678,7.8085,4.3054,2.3085,15.3903,0.005757
19275,0.9325,7.8216,4.2954,2.3387,15.3882,0.007548
19276,0.9634,7.7546,4.2733,2.3346,15.3258,0.00887
19277,0.9124,7.8202,4.3225,2.3406,15.3957,0.007576
19278,0.9569,7.7669,4.3026,2.3484,15.3748,0.010142
19279,0.9692,7.7492,4.2929,2.314,15.3252,0.009885
19280,0.9892,7.793,4.2939,2.3155,15.3916,0.009672
19281,0.9069,7.8162,4.328,2.3359,15.387,0.008847
19282,0.978,7.8516,4.31,2.3238,15.4634,0.011814
19283,0.9971,7.8493,4.3026,2.3326,15.4815,0.011832
19284,0.9442,7.783,4.2939,2.3238,15.3449,0.011999
19285,0.9632,7.8944,4.3135,2.3521,15.5232,0.010522
19286,0.9655,8.1036,4.3373,2.3447,15.7511,0.010335
19287,0.9652,7.7805,4.3419,2.308,15.3957,0.012578
19288,0.9799,7.7738,4.2874,2.3173,15.3585,0.011805
19289,0.9649,7.8516,4.303,2.3291,15.4485,0.010118
19290,0.9727,7.8099,4.3118,2.3148,15.4093,0.014179
19291,0.9622,7.8692,4.2833,2.3221,15.4369,0.012735
19292,0.9696,7.8165,4.286,2.3354,15.4076,0.014401
19293,0.9463,7.9116,4.3065,2.3568,15.5213,0.015823
19294,0.9627,7.8104,4.3243,2.3521,15.4496,0.014098
19295,0.9964,7.8208,4.3676,2.3199,15.5047,0.013939
19296,0.9826,7.7065,4.3012,2.2994,15.2896,0.013003
19297,0.9725,7.8346,4.2974,2.3096,15.4141,0.012877
19298,0.9395,7.8105,4.2732,2.3174,15.3406,0.015549
19299,0.9848,7.9073,4.2798,2.329,15.5008,0.020519
19300,0.9681,7.7847,4.2873,2.356,15.3962,0.021095
19301,0.9411,7.8371,4.3209,2.3436,15.4427,0.023508
19302,0.9659,7.8122,4.2996,2.3455,15.4233,0.028358
19303,0.9661,7.8175,4.312,2.2995,15.3951,0.024186
19304,0.9818,7.7493,4.298,2.3167,15.3458,0.022217
19305,0.9854,7.8594,4.3045,2.3092,15.4585,0.016406
19306,0.9567,7.8702,4.2905,2.3223,15.4398,0.020558
19307,0.9631,7.7354,4.281,2.3491,15.3285,0.019619
19308,0.9434,7.7012,4.3167,2.3499,15.3113,0.020809
